:020000041000EA
:10000000002008205D0100101B0100101D010010E0
:100010001101001011010010110100101101001058
:100020001901001019010010190100101F01001022
:10003000110100101901001021010010230100100E
:100040001101001011010010110100101101001028
:100050001101001011010010110100101101001018
:100060001101001011010010110100101101001008
:1000700011010010110100101101001011010010F8
:1000800011010010110100101101001011010010E8
:1000900011010010110100101101001011010010D8
:1000A00011010010110100101101001011010010C8
:1000B00011010010110100101101001011010010B8
:1000C00011010010110100101101001011010010A8
:1000D0001101001011010010110100101101001098
:1000E0001101001011010010110100101101001088
:1000F0001101001011010010110100101101001078
:100100001101001011010010110100101101001067
:10011000EFF30580103800BE00BE00BE00BE00BE7A
:1001200000BE00BEF2EB887108FA011038FA011027
:10013000A001001090A31AE7D3DEFFFF42012110B7
:10014000FF010000E8140200793512AB4FF0000007
:100150001E49086006C881F3088810474FF05040D8
:10016000006810B14FF00000F2E70DA40ECC00299A
:1001700002D000F012F8F9E71549164A002000E015
:1001800001C19142FCD11449884714498847144958
:10019000884700BEFDE701C901C29A42FBD3704700
:1001A00038FA011020010020081D0020201602103E
:1001B000000008200000082020160210001008206F
:1001C00000100820000000007047000008ED00E06B
:1001D000081D002008920020119C00102902001028
:1001E000099C0010F8B500BF10B5054C237833B951
:1001F000044B13B1044800E000BF0123237010BD7D
:10020000881E00200000000034C8011008B5034B10
:100210001BB10349034800E000BF08BD0000000017
:100220008C1E002034C801102DE9F04F87B009F072
:1002300067FE7F4809F0AEFE00F0CCFC04F07AFCCB
:1002400002F054F905F05EFA04F070FC00F022FDB3
:10025000002840F0BB8303F01DFB03F01BFA0028CD
:1002600000F0758401F0B8FB724806F00DF902F059
:1002700029F8002840F03B846F4CDFF8E8A1DFF854
:10028000E8B16E4E6E4F6F4D00214FF0FF300AF017
:10029000CDFC01F06DFB04F0CFFD012820D003F070
:1002A00007FA8046E0B107F019FB00230A46134322
:1002B00000F00E834FF47A7200231CF035FAA0EBA5
:1002C0000800B0F5967F0BD35F4809F063FE5F48E6
:1002D00000F078FD012004F0B5FD002840F01F83F8
:1002E00004F0AAFD012800F00A8206F00DF880460D
:1002F000002840F00182336883B107F0EFFA4346EB
:100300000A46134300F0E0824FF47A7200231CF097
:100310000BFA3368C01A0028C0F2CF8203F04EFAFD
:10032000002840F0CA828046404604F001FC9BF859
:100330000090B9F1000F00F09980FF23444A137038
:100340002378002B00F0B380032B00F00C8207F021
:10035000C5FA00230A46134300F09A8200234FF4A3
:100360007A721CF0E1F9DAF80030C01A002880F245
:10037000988207F0B3FA00230A46134300F0B282D2
:100380004FF47A7200231CF0CFF9324B1B68C01A6D
:10039000C72840D907F0A2FA00230A46134300F009
:1003A000BA824FF47A7200231CF0BEF9294B186010
:1003B00002F0D6F92378012B00F0C28258B301F085
:1003C00087FF80460146244809F0B4FE234800F028
:1003D000F9FC404644F6206102F07AFA002800F069
:1003E000B5821F4800F0EEFC02210022032002F03B
:1003F00095FB0323237007F071FA00230A46134389
:1004000000F074824FF47A7200231CF08DF900F52D
:100410009660CAF8000005F077FF002800F01A8106
:100420003B68002B40F0028205F0B8FF2CE700BFCC
:1004300038C80110053C0010D09000200C36002078
:10044000803A0020D34D6210D8C8011014C90110A1
:10045000B0130020743A0020D8CA0110F8CA011065
:1004600010CC011058360020CF90002001F02AFF58
:1004700000283FF465AFDE4A137843453FF460AF90
:10048000B8F1020F82F8008000F02682B8F1030F65
:100490004A4600F03B82B8F1010F00F01E82494647
:1004A000042002F03BFB2378002B7FF44DAF01F0DA
:1004B00009FF002800F0C58001F0FCFE20B102F029
:1004C0004FF9002800F0BD8007F008FA00230A4623
:1004D000134300F017824FF47A7200231CF024F9C2
:1004E000C44B1B68C01AC72840F2AB8007F0F6F96E
:1004F00000230A46134300F01F8200234FF47A7250
:100500001CF012F903464FF00008BA4A0DF10E0133
:1005100003A81360ADF80C80ADF80E8002F02CF942
:10052000002800F08E80BDF80E20BDF80C10B248F7
:1005300009F000FEB14800F045FCB14803F0DCF8DA
:1005400007F0CCF943460A46134300F008824FF403
:100550007A7200231CF0E8F8386007F0BFF9002336
:100560000A46134300F0F7814FF47A7200231CF01F
:10057000DBF800F51673A249A248336009F0DAFDF2
:10058000A14800F01FFC03F0BDF809F0DDFF0A22CE
:100590000023CDE900011CF0C7F8DDE900014FF0B0
:1005A0000008303262F3070800230A221CF0BCF86E
:1005B0000A2200231CF0B8F8DDE90001303262F3B2
:1005C0000F28002364221CF0AFF80A2200231CF03D
:1005D000ABF8DDE90001303262F3174800234FF435
:1005E0007A721CF0A1F80A2200231CF09DF8DDE9C4
:1005F0000001303262F31F68002342F21072CDF81E
:1006000010801CF091F80A2200231CF08DF8DDE91F
:10061000000102F1300C00237C4A8DF814C01CF05C
:1006200083F80A2200231CF07FF80023303204A84C
:100630008DF815208DF8163005F098FF002800F091
:1006400092812378002B7FF47FAE05F05DFE0028B9
:100650007FF4E6AE00F052FB00283FF415AE94F8AC
:100660000080B8F1000F7FF40FAE01F02BFE0028E0
:100670003FF40AAE01F02CFE8146002800F07A819A
:1006800004A90DF10E00ADF80E80ADF8108002F057
:1006900073F8002800F08281BDF81020BDF80E101C
:1006A0005B4809F047FD02221146104602F036FA77
:1006B0000123237007F012F943460A46134300F062
:1006C00081814FF47A7200231CF02EF84FF001085C
:1006D00000F5EA434F4930334F48CAF800308BF8F1
:1006E000008009F027FD4D4800F06CFB40460022D9
:1006F000052102F013FAC7E54FF0010814E605F0F2
:10070000D1FE804600283FF4F0AD02F0CBFF8146D9
:1007100000287FF4EAAD07F0E1F84B460A461343A0
:1007200000F006814FF47A7200231BF0FDFF42F2C5
:100730000F73A0EB080898457FF6D7AD384809F04D
:1007400029FC384800F03EFB002004F07BFB002829
:100750003FF4CBAD322007F013F8002211461046CB
:1007600007F008FBC1E507F0B9F800230A46134378
:1007700000F0C0804FF47A7200231BF0D5FFDAF846
:100780000030C01A0028FFF646AE002323708BF815
:10079000003001F097FD00283FF43DAE01F098FDD8
:1007A000804600287FF437AE0123237007F096F8C7
:1007B00043460A46134300F0FD804FF47A7200234B
:1007C0001BF0B2FF4FF0010800F5EA433033164941
:1007D0001148CAF800308BF8008009F0ABFC0F48D4
:1007E00000F0F0FA40460022052102F097F912E6E7
:1007F000B0130020783A00208CC90110BCC9011048
:10080000D0C90110D8C901101CCA0110A08601006E
:1008100028CB01105CCB0110A8C80110C4C801107E
:1008200030C9011070C9011070CA011007F056F8E4
:1008300000230A46134361D04FF47A7200231BF061
:1008400073FF42F20F733A68801A98423FF6ECAD9C
:10085000CC49CD4809F06EFCCC4800F0B3FA07F063
:100860003DF800230A461343844629D04FF47A7298
:1008700000231BF059FF002300F5167030603B6029
:1008800002F01CFF02F03EFF012005F043FDFBE4F7
:10089000A5FB0030DAF800308009C01A0028FFF606
:1008A00068ADBB4809F076FBBA4800F08BFABA484D
:1008B00000F088FA0022042198E54FF0020833E5A1
:1008C000A5FB0C308009D6E7A5FB0030800920E5A8
:1008D000A5FB00308009F2E403224146404602F0C5
:1008E0001DF92DE5A5FB003080094EE5A5FB003084
:1008F00080098CE5A5FB0030800940E7A5FB0030AE
:1009000080099EE7A5FB00308009E9E54046042107
:1009100002F004F914E5A5FB0030800946E5322019
:1009200006F02EFF00221146104607F023FAD7E406
:10093000A5FB00308009FAE6A5FB00239B09E2E550
:1009400000287FF468AD0223237064E5924800F02C
:1009500039FA042149E5A5FB0030800909E6A5FB29
:1009600000308009F8E58D4809F014FB8C4800F050
:1009700029FA66E60123237006F0B0FF4B460A46CB
:1009800013431BD04FF47A7200231BF0CDFE00F509
:10099000EA434FF00108303382499DE6824809F06E
:1009A000F9FA824800F00EFA01220421022002F036
:1009B000B5F869E4A5FB0023980903E7A5FB00232C
:1009C0009809E4E7A5FB002398097FE606F086FF77
:1009D00000230A46134300F0C3804FF47A720023C9
:1009E0001BF0A2FE81460025009500F059F9CB4688
:1009F000AA462F462E468046002844D006F06EFFB9
:100A000000230A4613435CD04FF47A7200231BF094
:100A10008BFE044641F26F73A4EB09029A425AD846
:100A20004FF4C87303FB02F3614AA6EB0B06A2FB6B
:100A30000323DB092644C3F5FA73B6EB530F24BF37
:100A400087F001070026002F14BF0320002004F0C8
:100A50006FF8AF420ED0009BE31A3B2B0AD93D46FC
:100A6000002F13BF0421002104200320002202F0E4
:100A700055F80094052006F083FEA34600F010F917
:100A800080460028BAD104F053F84246414604207B
:100A900002F044F8BAF1000F3FF4DDAB454809F02D
:100AA00079FA05F045F804F0F3FC02F01FF8322063
:100AB00006F066FE42464146404607F05BF9FFF706
:100AC000CABB3D4BA3FB003441F26F73A409A4EBF6
:100AD00009029A42A4D9BAF1000F46D0032004F0CB
:100AE00027F80520C24606F04BFEA346C6E701F0F4
:100AF000EFFB054600287FF4BFAB01232F4C2F46A8
:100B0000237006F0EBFE0E4656EA0702034633D08A
:100B10004FF47A7200231BF007FE012500F5EA432B
:100B2000DFF8A8A0DFF8A8B0303325492548CAF877
:100B300000308BF8005009F0FDFA234800F042F92C
:100B400028460022052101F0E9FFFFF79ABB02F0D9
:100B5000B3FA00283FF486AB03F03EF8FFF782BB00
:100B60004FF47A73B0FBF3F93DE7524604210320BA
:100B700001F0D4FF4546B1E74FF47A70B3FBF0F0D3
:100B8000CBE700BFCCCB0110DCCB011000CC0110B7
:100B90008CCA0110ACCA0110C4CA011028CA0110C5
:100BA0005CCA011010CB011078CB0110B4CB01103E
:100BB000F119760558C80110D34D6210D09000206D
:100BC00088C80110A8C80110C4C8011058360020F8
:100BD000CF900020F8B50C2005F05CFE00240C201E
:100BE00044EC440001212246234D05F03BFE052044
:100BF00006F0C6FD2C6006F071FE27460E4656EA4A
:100C0000070230D04FF47A7200231BF08DFD2B6861
:100C100013B1C31A132B2CD94FF0504328605B68D3
:100C2000164A83F48053C3F300331370144A1548F3
:100C30001549137003700B7006F050FE00250C462A
:100C400054EA0502034607D000234FF47A721BF0E2
:100C50006BFD0E4B1860F8BD0D48A0FB03300B4B2D
:100C600080091860F8BD03460948A0FB03308009DD
:100C7000CDE7024B1B78D9E7843A0020D3900020BF
:100C8000CA900020DE900020D19000203C2400205B
:100C9000D34D6210014B1878704700BFD1900020EF
:100CA00038B506F01BFE00250C4654EA050215D0A7
:100CB0004FF47A7200231BF037FD0D4A136813B10D
:100CC000C31A132B10D94FF0504310605868094BCA
:100CD00080F48050C0F30030187038BD03460648D9
:100CE000A0FB03308009E8E7024B187838BD00BF4D
:100CF000843A0020D3900020D34D6210D0B506F086
:100D0000EDFD00230A4613432BD04FF47A720023E3
:100D10001BF00AFD044606F0E1FD00270E4656EAE8
:100D20000702034622D04FF47A7200231BF0FCFC2A
:100D30001D4A136813B1C31A132B32D94FF0504315
:100D400010605868194B80F48050C0F30030187060
:100D5000174B1A7882420ED0164A18701460002081
:100D6000D0BD154BA3FB0034A409D4E71248A0FB67
:100D700003308009DCE7114A137883420FD00D4B12
:100D80001B68E31A272B0AD9107040B10C4A13686C
:100D90001BB1E31AB3F5C87F01D31460D0BD0020A6
:100DA000D0BD024B1878D3E7843A0020D3900020BE
:100DB000CA9000203C240020D34D6210DE90002019
:100DC0007C3A00202DE9F04782B0E846274BDFF857
:100DD000A0A0CDE900030DF1080958F8047B3846BE
:100DE0001AF0BCFF054606F079FD00230A461343BE
:100DF00038D04FF47A7200231BF096FC064600248C
:100E0000DDB106F06BFD00230A4613431DD04FF4FD
:100E10007A7200231BF088FC801BB0F5FA6FA5EBFB
:100E2000040207EB040108D200200AF07BFD044411
:100E300000200AF031FDA5420BD8C845CDD10020D5
:100E400002B0BDE8F0470AF027BDAAFB00308009D8
:100E5000E2E700214FF0FF3009F0E8FE012006F044
:100E60008FFCCEE7AAFB0036B609C8E72CCC0110F0
:100E7000D34D6210FFF7A6BF2DE970432448FFF75A
:100E8000A1FF0123234E337006F028FD00230A46FC
:100E9000134333D04FF47A7200231BF045FC00F566
:100EA0006A5418341C4D12E04FF47A7200231BF080
:100EB0003BFC001B002819DA00214FF0FF3009F03D
:100EC000B5FEFFF71BFFF8B9022006F059FC06F04B
:100ED00005FD4FF00009884658EA09020346E3D1B0
:100EE000A5FB03308009001B0028E5DB00240B482C
:100EF0003470FFF767FF2046BDE87083044606485C
:100F0000A0FB0434A009CAE700233370BDE8708356
:100F100030CC0110C5900020D34D621040CC0110A0
:100F2000104BD0B51C6824B90F48FFF74BFF0020C9
:100F3000D0BD06F0D3FC00270E4656EA0702034652
:100F400009D10A48A0FB03308009094B241A9C42AE
:100F5000EAD80120D0BD4FF47A7200231BF0E4FBE5
:100F6000F3E700BFE0350020B8D20110D34D621086
:100F7000C0D401002DE9F04F5B4CADF5737D5B49AA
:100F800020461AF00DFE002800F08F8158492046B7
:100F90001AF006FE002840F0CD8013231B78023B98
:100FA000DBB2022B96BF534A534B52F823302193A6
:100FB00001F088F9514B524A002808BF1A4619928D
:100FC00002F068FB4F4B504A002808BF1A461A929D
:100FD00002F03CFB159002F045FB169002F03CFB42
:100FE0004342179302F030FC484A494B49490028D4
:100FF00008BF1A460C681B92002C40F09181464BAA
:101000001F9303F019FF04F057FA189002F04AFBFF
:10101000424D434C002814BF2B4623461C93FFF738
:1010200039FE2B46002808BF23461D9301F0D0FD52
:10103000834601F03FF9002840F06981394B209345
:1010400001F082FB064601F085FB374C374B22ADA1
:10105000002808BF1C46002001F00EF91E90002059
:1010600001F016F90746012001F006F9804601203B
:1010700001F00EF9814601F017F9824601F0E6FF12
:10108000209BCDE90C640B931D9B1E9C09931C9B1C
:1010900013900893189B284607931F9B244A069396
:1010A0001B9B4FF4A0710593179BCDF828B00493B8
:1010B000169BCDE9119A0393159BCDE90F78029306
:1010C0001A9B0193199B0093219B0E9408F046FDF7
:1010D000B0F5A07F80F2FB802846FFF773FE0DF588
:1010E000737DBDE8F08F00BF1C33002030CD0110B0
:1010F00040CD011020CC011050CC01106CCC01105F
:1011000060CC01107CCC011074CC0110C0D901104E
:101110008CCC0110E035002090CC0110A4CC011043
:10112000A8CC0110B4CC0110C0CC0110C8CC011067
:1011300048CD0110AD4920461AF032FD0546002881
:1011400000F0CC80AA4920461AF02AFD0546002866
:1011500000F0B2801022A74920461AF02DFE054665
:10116000002800F08B81A44920461AF019FD05469D
:10117000002800F0C381A14920461AF011FD002883
:1011800000F021819E4920461AF00AFD002800F057
:10119000D7819C4920461AF003FD002800F0E48125
:1011A000994920461AF0FCFC002800F0F18197498B
:1011B00097481AF0F5FC002800F0F98106229549BD
:1011C00093481AF0F9FD002800F0FA8192499048FE
:1011D0001AF0E6FC002800F01B8290498C481AF0B7
:1011E000DFFC002800F03C828D4989481AF0D8FCC9
:1011F000002800F06A828B4985481AF0D1FC8146AC
:10120000002800F06A82884981481AF0C9FC002849
:1012100000F0928285497E481AF0C2FC002800F056
:10122000E98283497A481AF0BBFC002800F0358334
:101230000922804976481AF0BFFD002840F03C831F
:101240007D497E481AF0ACFC002800F04F837C49B1
:101250007A481AF0A5FC002840F06083012403F0CE
:10126000EBFDA04200F05583FFF706FE00283FF497
:1012700036AF204603F0E6FD002800F0408320460C
:1012800004F01AF96F4A03464FF4A07122A808F03F
:1012900065FC22A8FFF796FD642006F071FA002293
:1012A0001146104606F066FD19E76748FFF78AFD0C
:1012B0000DF5737DBDE8F08F644B1C68002C6AD17E
:1012C0006348FFF77FFD0DF5737DBDE8F08F614842
:1012D000FFF778FD0DF5737DBDE8F08F02F0DAF9C8
:1012E000044688BB06F0FAFA27460E4656EA07027D
:1012F00003464AD15848A0FB0323980900F5EA3376
:10130000524AC03355481360FFF75CFDE7E600F032
:10131000D3FF534A534B002808BF1A4620928FE64A
:1013200006F0DCFA00230A461343054628D04FF4A2
:101330007A7200231BF0F8F94B4B241A9C423FF6BB
:101340005EAE4A4B1F935CE6FFF796FD00283FF424
:10135000C6AE06F0C3FA2F460E4656EA070203460B
:1013600000F008814FF47A7200231BF0DDF900F5DC
:10137000EA33364AC0333E481360FFF723FDAEE63A
:101380003548A0FB05308009D6E74FF47A72002378
:101390001BF0CAF9B2E706F0A1FA2F460E4656EA4C
:1013A0000702034600F0D3804FF47A7200231BF04B
:1013B000BBF92D4B241A9C4282D804F00FFB2D4818
:1013C000FFF700FD8BE602F0ABFB0446002800F0BF
:1013D000C38002F047F922AD034600942846264A0E
:1013E0004FF4A07108F0BAFB76E600BF2CCE0110D6
:1013F0008CCE01109CCE0110C8CE0110DCCE0110A5
:1014000014CF011028CF011044CF011070CF01106C
:101410001C33002000D001108CD00110A0D001108E
:10142000FCD001102CD101101CCD011098D101105D
:10143000ACD10110D0D10110DCD101102533002036
:101440000CC9011044D2011038CD0110E035002044
:10145000B8D2011008CE0110D34D62103CCE01105D
:10146000ACCC0110BCCC0110C0D4010098CC011050
:1014700068CE0110A4D20110E4CE0110B64B1C6856
:10148000002C3FF41DAF06F029FA2F460E4656EA0F
:101490000702034673D04FF47A7200231BF044F91D
:1014A000AE4B241A9C423FF60BAF2021AC481AF0F9
:1014B00005FB0446002841D00025A948257004F00A
:1014C00059FB0428064639D0013420461AF046FC60
:1014D0002346009022AA72A84FF4F07122950CF0D6
:1014E000B9F858BB229A72A9304604F087FA9D4B8E
:1014F0009D4AA84214BF1846104661E7964B1C68E7
:10150000002C3FF4DDAE06F0E9F92F460E4656EA10
:101510000702034646D04FF47A7200231BF004F909
:101520008E4B241A9C423FF6CBAE04F08BFA58B394
:1015300002F052FB8D48FFF745FCD0E58A483FE7B3
:101540008B4804F08DFC8B48FFF73CFCC7E58A48CC
:10155000A0FB032398092CE722AD2C46874E0FCE23
:101560000FC433682370B7E504F070FC8448FFF7BC
:1015700029FCB4E58048A0FB03239809F7E67E48E0
:10158000A0FB032398098BE77E48FFF71BFCA6E529
:10159000FFF772FC88B1012002F034F97A48FFF7B6
:1015A00011FC9CE57448A0FB03239809B8E702F0FE
:1015B00029F97648FFF706FC91E502F023F98EE55C
:1015C00000F080FE00287CD000F082FEA379054662
:1015D000202B00F00181FFF74FFC00283FF47FAD86
:1015E0006B48FFF7EFFB47F23051A8B201F070F9FA
:1015F00000287FD000F06CFE2B460090654A22A8A0
:101600004FF4A07108F0AAFA22A8FFF7DBFB66E509
:1016100072A801F049FB00284FD0BDF800327F9C32
:10162000BDF8F8017D99BDF8F02108937B9BCDE9C9
:101630000604059104920DF5ED710DF2D1120DF233
:10164000E3140393CDE90114009272AB22A8524A2D
:101650004FF4A07108F082FA22A8FFF7B3FB3EE531
:1016600000F04EFE4D4C4E4B4E4D002808BF1C4620
:1016700001F0AEFA064600F03DFE074600F02EFEF1
:10168000804600F031FE484B002808BF1D4600F0A0
:1016900011FE002840F0A5804448CDE90350CDE973
:1016A00001780096234622A8414A4FF4A07108F021
:1016B00055FA22A8FFF786FB11E53E48FFF782FBAB
:1016C0000DE53D48FFF77EFB09E572A801F0BAFA87
:1016D000A0B93A48FFF776FB01E572A84FF4007114
:1016E00001F090FA8246002840F09F803448FFF7CE
:1016F00069FBF4E43348FFF765FBF0E422AD2E46C6
:101700001224314FDFF8CC800FCF0FC63B680DF2AB
:10171000E71726F8023B1B0C33700DF2C71616F8BC
:10172000013FC4F5A0712819424608F017FAB742E4
:1017300004F10204F3D1CFE4FFF79EFB00283FF44D
:10174000CEAC01F0D3F9214A214B002814BF10463A
:101750001846FFF737FBC2E4E0350020C0D4010093
:101760002C330020D0CC0110E4CC0110B0CE0110FD
:10177000750E00101CCF0110D34D621000CF011068
:1017800034CF0110C4CE011054CF011084CF01100A
:10179000B0CF0110E0CF011008D00110F8CC01103B
:1017A000FCCC0110A4CC0110A8CC0110B4CC0110C9
:1017B000B4D0011088D0011098CF0110F8D00110DA
:1017C00028D10110FCCF01100CD1011000CD011067
:1017D00018CD011020D10110534819F0E7FC05463F
:1017E000F9E600F069FD514B514A002814BF184634
:1017F000104652E7FFF794FB00283FF470ACFFF768
:101800003BFB00283FF46BAC01F056FC00287BD07A
:1018100002F0E2F901F01AFC0346464A22A84FF40E
:10182000A07108F09BF922A8CAE522AD5346424AAE
:101830004FF4A071284608F091F92846FFF7C2FA44
:10184000DFF824B1DFF824814B465A464FF4A071EB
:10185000284608F083F9AAEB090772ABBFB203EB85
:1018600009060446202F94BFF71906F1200716F841
:10187000013BC4F5A0712819424608F06FF9BE4239
:1018800004F10204F3D109F1200928461FFA89F96D
:10189000FFF798FACA45D7D821E42848FFF792FA0B
:1018A000642005F06DFF09F02DF94FF4FA7005F092
:1018B00067FF09F031F912E4214922481AF070F962
:1018C000D8B121491F481AF06BF9044680B9FFF7D7
:1018D00027FB00283FF403AC1C48FFF773FA642091
:1018E00005F04EFF2146204606F0C4FA0446B6E451
:1018F0001748FFF767FAFFF7F2BB1648CAE4164825
:10190000FFF760FAFFF7EBBB1448FFF75BFAFFF74E
:10191000E6BB03F0D1FD124A03467FE71148FFF70B
:1019200051FAFFF7DCBB00BF23330020ACCC011021
:10193000BCCC011074D1011044D10110BCD10110F4
:1019400060D201101C33002074D2011080D201102B
:1019500090D2011068D2011028D2011094D1011048
:101960000CD20110E8D1011068D1011020D1011072
:1019700070B50025164C174E82B0002009F038FFD4
:101980000DF10701D8B10122002009F03DFF012827
:1019900015D19DF807300D2BEFD022680A2B02F1EC
:1019A00001010ED0B1F5207F4FF000003CBF216057
:1019B000B35409F01DFF0DF107010028E3D102B077
:1019C00070BDB5540AB92560D7E7FFF7D3FAFAE737
:1019D0009C3500201C33002000230249024A0B6082
:1019E000136070479C350020E035002070B400245F
:1019F0000325134B13498FB0CDE90113061D124A7D
:101A00008DF80E408DF80D008DF80F608DF80C509C
:101A10009369DC0606D49369D806FCD413689369ED
:101A2000D906F8D5084A01A904A893699B06FCD4F5
:101A300011F8013B81421360F7D10FB070BC7047C1
:101A4000FFFF0100EF01FFFF0080074070B499B075
:101A50008DF8040011B10B68CDF805309DF8062013
:101A60009DF805309DF8071013449DF808200833B1
:101A70000B4407261146144C144D13440344CDE97E
:101A80000B5401985BBA124AADF83A308DF83460C5
:101A9000CDF835008DF839109369DC0606D49369CA
:101AA000D806FCD413689369D906F8D5084A0BA95F
:101AB0000FA893699B06FCD411F8013B8142136087
:101AC000F7D119B070BC7047FFFF0100EF01FFFFB5
:101AD0000080074070B499B08DF8040000292FD021
:101AE0000A788DF805200425431D174C1748134428
:101AF000CDE90B40BDF80410C3F30726144A8DF856
:101B000038308DF837608DF83450ADF83510936962
:101B1000DC0606D49369D806FCD413689369D90609
:101B2000F8D50B4A0BA90DF1390093699B06FCD43B
:101B300011F8013B81421360F7D119B070BC7047B6
:101B40009DF80520CFE700BFEF01FFFFFFFF010079
:101B5000008007402DE9F04F99B0824600911C4665
:101B600090460AB10023137005F0B8FE00270E4618
:101B700056EA0702034600F09A804FF47A72002377
:101B80001AF0D2FD044400267E4F7F4D0FE04FF443
:101B90007A7200231AF0C8FD001B002813DAAB6923
:101BA000D90614D500214FF0FF3009F03FF805F0B9
:101BB00095FE00230A461343E9D1A7FB00308009B4
:101BC000001B0028EBDBFF2019B0BDE8F08FAB69EC
:101BD000DA06FCD42B68DBB20EB1012B05D0A3F1E1
:101BE000EF06B6FA86F67609E1E70DF117070DF173
:101BF0001E09644E644D0FE04FF47A7200231AF010
:101C000093FD001B0028DEDAAB69DB060ED5002150
:101C10004FF0FF3009F00AF805F060FE00230A4695
:101C20001343E9D1A6FB00308009EAE7AB69D80687
:101C3000FCD42B6807F8013FB945EDD19DF81C3065
:101C4000072B58D19DF81D309DF81E20019342EAC4
:101C50000323A3F103091FFA89F9B9F13D0F029299
:101C600049D8023B9BB20DF1200B03930DF12103E8
:101C70005F469944434E444D0FE04FF47A7200237F
:101C80001AF052FD001B00289DDAAB69D90636D543
:101C900000214FF0FF3008F0C9FF05F01FFE0023C0
:101CA0000A461343E9D1A6FB00308009EAE735482C
:101CB000A0FB0330800965E7AB6913F01003FBD18B
:101CC0002A6807F8012BB94538D1DDE901249DF8D0
:101CD00014109DF81500224440EA0120039C0732AD
:101CE00000B201331BF8011B9BB29C420A44F8D896
:101CF00012B290422CD0FE2019B0BDE8F08FAB6933
:101D0000DA06FCD42B6807F8013BB945C5D105AF0D
:101D10000DF116091B4E1C4D10E04FF47A72002392
:101D20001AF002FD001B0028BFF64DAFAB69DB06C1
:101D3000C2D500214FF0FF3008F078FF05F0CEFD4E
:101D400000230A461343E8D1A6FB00308009E9E7E7
:101D5000BAF1000F13D0B8F1000F10D0039B012B84
:101D60000DD0009A013BDBB29A4228BF1A46934637
:101D70000DF12101504619F055FD88F800B09DF88D
:101D8000200021E7D34D6210008007402DE9F04F7D
:101D9000CBB0CDE9021005F0A1FD00250C4654EAB8
:101DA000050200F0A7804FF47A7200231AF0BCFC01
:101DB0000023DFF81082824C019300F6B83A002528
:101DC00010E04FF47A7200231AF0AEFCA0EB0A0088
:101DD000002816DAA369DA0617D500214FF0FF3084
:101DE00008F024FF05F07AFD00270E4656EA0702A8
:101DF0000346E6D1A8FB03308009A0EB0A000028C7
:101E0000E8DB01984BB0BDE8F08FA369DB06FCD49A
:101E10002368DBB20DB1012B05D0A3F1EF05B5FAB4
:101E200085F56D09DEE70DF11F050DF1260610E0C1
:101E30004FF47A7200231AF077FCA0EB0A00002816
:101E4000DFDAA369DF0611D500214FF0FF3008F07B
:101E5000EDFE05F043FD4FF0000C8B465BEA0C02F3
:101E60000346E5D1A8FB03308009E6E7A369D8065D
:101E7000FCD4236805F8013FB542EAD19DF824B0AF
:101E80009DF825309DF82620BBF1020F04930592A2
:101E900042EA032602D0BBF1080FB2D1022EB0D91C
:101EA000A6F102091FFA89F9B9F5807FA9D8033E86
:101EB0000DF129030AAF13FA86F63D4610E04FF400
:101EC0007A7200231AF030FCA0EB0A00002898DA9E
:101ED000A369D90614D500214FF0FF3008F0A6FE03
:101EE00005F0FCFC00230A461343E8D1A8FB0030B0
:101EF0008009E9E703463348A0FB0330800957E730
:101F0000A369DA06FCD4236805F8013BAE42E7D1A9
:101F100007AD0DF11E0611E04FF47A7200231AF09E
:101F200003FCA0EB0A000028BFF66BAFA369DB0639
:101F30000ED500214FF0FF3008F078FE05F0CEFC02
:101F400000230A461343E7D1A8FB00308009E8E7E5
:101F5000A36913F01003FBD1226805F8012BAE42F0
:101F6000ECD19DF81C109DF81D00049A40EA012058
:101F700005995A440A4400B2013317F8011B9BB279
:101F800099450A44F8D812B290427FF43AAF019DC5
:101F9000029A95420ED2531B9BB2994528BF99468F
:101FA000039B4A4658190AA9A94419F03BFC1FFA99
:101FB00089F30193BBF1080F7FF401AF21E700BF64
:101FC00000800740D34D62102DE9F04F97B00446D2
:101FD00005F084FC00270E4656EA070200F0A380B5
:101FE0004FF47A7200231AF09FFB04444FF000086C
:101FF000DFF8DC91754D0FE04FF47A7200231AF090
:1020000093FB001B002815DAAB69D90616D5002111
:102010004FF0FF3008F00AFE05F060FC00270E4686
:1020200056EA07020346E7D1A9FB03308009001BEB
:102030000028E9DBFF2017B0BDE8F08FAB69DA06B6
:10204000FCD42B68DBB2B8F1000F01D0012B06D015
:10205000A3F1EF08B8FA88F84FEA5818DCE70DF159
:102060000F070DF116085A4E584D0FE04FF47A72D3
:1020700000231AF059FB001B0028DBDAAB69DB06F2
:1020800011D500214FF0FF3008F0D0FD05F026FCFF
:102090004FF0000B8A465AEA0B020346E6D1A6FB34
:1020A00003308009E7E7AB69D806FCD42B6807F852
:1020B000013F4745EAD19DF81430072B56D19DF8D2
:1020C00016309DF81580019343EA0823A3F1030914
:1020D0001FFA89F9B9F13D0F48D8023B0DF1180BF1
:1020E0001FFA83FA0DF119035F469944384E374DB4
:1020F0000FE04FF47A7200231AF016FB001B002841
:1021000098DAAB69D90635D500214FF0FF3008F0D9
:102110008DFD05F0E3FB00230A461343E9D1A6FB3E
:1021200000308009EAE703462948A0FB0330800914
:102130005BE7AB6913F01003FBD12A6807F8012BAA
:10214000B94536D19DF80C109DF80D00019A40EA72
:1021500001204244073200B201331BF8011B9BB23D
:102160009A450A44F8D812B290422CD0FE2017B0FB
:10217000BDE8F08FAB69DA06FCD42B6807F8013BA9
:102180004F45C6D103AF0DF10E09114E0F4D10E0B2
:102190004FF47A7200231AF0C7FA001B0028BFF62A
:1021A00049AFAB69DB06C4D500214FF0FF3008F022
:1021B0003DFD05F093FB00230A461343E8D1A6FB3F
:1021C00000308009E9E79DF8180034E700800740F7
:1021D000D34D6210002370B53C25072460F307033C
:1021E00061F30F2361F3174362F31F63DAB24432E2
:1021F000C3F3072198B01144C3F307428DF804508C
:102200000A441A4D1A49CDF8053002EB13629DF8C5
:1022100008600198CDE90B5152BA0093154B8DF827
:102220003960ADF83A20CDF835008DF834409A6920
:10223000D60606D49A69D506FCD41A689A69D406DB
:10224000F8D50C4A0BAB0FA990698006FCD413F8A3
:10225000010B8B421060F7D14FF4FA70FFF7B4FE18
:10226000B0FA80F0400918B070BD00BFEF01FFFF69
:10227000FFFF01000080074010B1034B1888704732
:10228000024B1888704700BFBA900020BC90002015
:1022900010B1034B18887047024B1888704700BF75
:1022A000B6900020B8900020014B1868704700BF1E
:1022B0008C3A0020012070474FF050435868C0F31B
:1022C00080107047014B1878704700BFD5900020F0
:1022D000014B1888704700BFC0900020014B188840
:1022E000704700BFBE900020014B1878704700BFB8
:1022F000DB900020014B1868704700BF845000201D
:102300002DE9F04F0024DFF8D481DFF8D491DFF815
:10231000D4A16D4EDFF8D0B185B088F80040C9F87F
:102320000040AAF8004034808BF8004005F0D6FA4F
:1023300023460A46134300F0B7804FF47A72002315
:102340001AF0F2F9614F624C00F5C87505F0C6FA53
:1023500000230A46134300F08F804FF47A72002363
:102360001AF0E2F9854210D81BE04FF47A7200238C
:102370001AF0DAF9401B002813DAA369DA066CD5E3
:1023800000214FF0FF3008F051FC05F0A7FA0023C0
:102390000A461343E9D1A7FB00308009401B0028FF
:1023A000EBDB00274B4C4A4E04F1140B54F8045B52
:1023B0003046294605F068FB142005F0E1F902A932
:1023C00013200297FFF742FB4FF4C870FFF7FCFDA4
:1023D000FF2855D0C9F80050002D14BF29464FF4EE
:1023E00061413B4805F050FBD9F80030002B57D035
:1023F000002298F80030019293B9022401A9132019
:10240000FFF724FB4FF4FA70FFF7DEFDB0FA80F31C
:102410005B0988F80030002C40D0013C0028EDD149
:1024200000231D208DF80330FFF7E0FA02A84FF4D7
:10243000FA730DF103020821FFF78CFB002839D154
:102440009DF80330012B35D99DF808309DF809100F
:1024500041EA0321AAF800102EE0A369DB06FCD4B0
:1024600023683288DBB20132552B32807FF46EAFA5
:1024700001238BF8003094E7A7FB0030800971E757
:102480003520FFF7B3FA4FF4C870FFF79DFDFF2822
:10249000A0D1A3458AD1D9F800509DE70028BFD02C
:1024A000002005B0BDE8F08F05460848A0FB0535C3
:1024B000A80947E7BAF80010074807F03BFE0120DB
:1024C00005B0BDE8F08F00BFBE900020D34D621074
:1024D0000080074000D30110C4D30110D590002024
:1024E00084500020C0900020DB9000202DE9F04FA8
:1024F00004208BB004F0CEF90024042044EC440006
:102500000122214604F0AEF9052004F0C3F90520AC
:1025100044EC44004FF05045214641F270740122D2
:1025200004F0A0F9022005F02BF96A686B68744E7C
:10253000DFF80882734FDFF80892C2F30012C3F38A
:1025400040136968D5F804A0C1F3001BC9060AF05E
:102550002000CAF3401A02D531880131318020B100
:10256000B8F800100131A8F80010934502D03A885D
:1025700001323A809A450DD0B9F800306420013319
:102580000021A9F8003005F0E5F8013C08D05346D9
:102590005A46D6E76420002105F0DCF8013CF6D16C
:1025A0004FF0FF334FF05040DFF898A1564ACAF879
:1025B0000030D2F828E044687146C4F34014059016
:1025C0004FF0000B05E005984568C5F34015A5429E
:1025D00064D1956A4D48A5EB0E058542F3D9BBF150
:1025E000000F40F0878000221346CAF8002005241F
:1025F000B9F80010B8F800200393CDE901213B8819
:10260000328800940421424807F094FD4FF4614160
:10261000404805F0B7F90221042004F007F92046EC
:10262000022104F003F9002301220821394805F0B2
:1026300079FA0121374805F0ABFA062004F02AF9AF
:102640000620002141EC4400012204F00BF9FFF7C1
:1026500057FE314B1A7872B3002838D000231D2062
:102660008DF81F30FFF7C2F94FF4FA730DF11F0216
:10267000082108A8FFF76EFA00282ED0274B1988EA
:10268000274807F057FD274B1B7823B10022042071
:102690001146FFF79FFD0BB0BDE8F08FD2F828C0C0
:1026A0002C46BCEB010104D099423CBF0B464FF0D5
:1026B000010B61468DE701241B4A1C4915881C4A01
:1026C000097815801B4A1C7011700028C6D11A4861
:1026D00007F060FC0BB0BDE8F08F9DF81F30012BB8
:1026E000CCD99DF820209DF821100C4B41EA022105
:1026F0001980C5E75A1CCAF800307FF478AF72E73A
:10270000BC900020B890002000000B405FAE0A0093
:1027100054D3011000800740C7900020C0900020D3
:10272000C4D30110D5900020BE900020DB90002083
:10273000B4900020C8900020A4D30110BA900020CB
:10274000B69000208C3A0020014B1888704700BFDB
:10275000B4900020014B1878704700BFC89000204B
:10276000044B187820B14FF050435868C0F38010E4
:10277000704700BFD5900020F0B54E4B9BB01C7841
:102780008CB14D4B1B8873B14FF050435B685D06B5
:1027900009D5064601200D46FFF728F94FF4FA70D7
:1027A000FFF712FC18B1002420461BB0F0BD012336
:1027B00002200DF102018DF80230FFF78BF94FF482
:1027C0007A70FFF701FC0028EDD14FF0FF0C0422D6
:1027D00063460827DFF8F4E08DF80C20CDF80DE013
:1027E0009DF80D109DF80E200D3111449DF80F201D
:1027F0008DF811C011449DF810208DF803000A4493
:102800001344BDF810202D49ADF841202C4A0398FF
:102810008DF84430CDE90D12C3F307238DF8433012
:10282000284BCDF83D00CDF804E08DF808C08DF8B8
:102830003C709A69D00606D49A69D106FCD41A680D
:102840009A69D206F8D51F4A0DA90DF14500936982
:102850009B06FCD411F8013B81421360F7D10DA80F
:102860004FF4FA630DF103020821FFF773F9002812
:1028700099D19DF80330032B95D94FF050435B68F5
:1028800013F0400311D036B19DF834209DF8353057
:1028900043EA02233380002D86D09DF836209DF830
:1028A000373043EA02232B807EE707481C4607F0B7
:1028B00071FB79E7D5900020C0900020EF01FFFF69
:1028C000FFFF0100008007405CD40110010000FF01
:1028D0002DE9F0437D4F99B097F80080B8F1000FD3
:1028E00003D1404619B0BDE8F0830D46814604F09F
:1028F000F5FF00230A461343044600F083804FF49B
:102900007A72002319F010FF0121714E05448DF8F1
:102910002C103B788BB100220120FFF75BFC0CE010
:102920004FF47A72002319F0FFFE401B002817DADB
:1029300000214FF0FF3008F079F90120FFF756F839
:102940004FF49670FFF740FBD0B104F0C7FF0023AF
:102950000A461343E4D1A6FB0034D5EB9413E7D425
:102960003B7823B1032204210220FFF733FC4FF010
:102970000008584807F00EFB404619B0BDE8F08348
:1029800002200BA9FFF7A6F84FF47A70FFF71CFBA3
:102990000028E5D13B7823B1022211461046FFF70B
:1029A00019FC9DF82C30012B17D00133DBB2022B20
:1029B0008DF82C302ED8012B0CBF01210521A8E762
:1029C0004FF47A72002319F0AFFE401B0028C7DADB
:1029D00000214FF0FF3008F029F90120FFF706F839
:1029E0004FF49670FFF7F0FA044680B904F076FFD2
:1029F00023460A461343E3D1A6FB003CD5EB9C13C8
:102A0000E6D4ADE73248A0FB043080097CE79DF8AE
:102A10002C30CAE70520FEF7E9FF4FF47A70FFF784
:102A2000D3FA00289CD1012206214FEA19238DF800
:102A300001308DF80020BDF800202748ADF80520B2
:102A40005FFA89F213440E338DF83A301B0A8DF881
:102A50003930224B8DF807208DF80410019CCDE908
:102A60000B038DF802201E4ACDF835408DF8341046
:102A70009369DC0606D49369D806FCD4136893697D
:102A8000D906F8D516490BAA0DF13B008B699B06B8
:102A9000FCD412F8013B82420B60F7D14FF47A70FC
:102AA000FFF792FA00287FF45BAF0E4A397813885B
:102AB0000133138021B1022103220846FFF78AFB6C
:102AC0004946094807F036FB0BE700BFD5900020C8
:102AD000D34D621034D30110EF01FFFFFFFF01005F
:102AE00000800740C090002014D30110094B10B59E
:102AF0001C7814B90024204610BD0D20FEF776FF87
:102B00004FF4FA60FFF760FA0028F3D1024B188007
:102B1000204610BDD5900020C090002070B5284BF5
:102B20000446187898B008B918B070BD00233C204E
:102B3000072564F3070361F30F2361F3174362F37F
:102B40001F63DAB24432C3F307211144C3F30742CF
:102B50000A441C4C1C49CDF805308DF8040002EBEA
:102B6000136201989DF80860CDE90B4152BA0093B9
:102B7000164B8DF83450ADF83A20CDF835008DF86D
:102B800039609A69D50606D49A69D406FCD41A68C5
:102B90009A69D006F8D50D4A0BAB0FA89169890642
:102BA000FCD413F8011B83421160F7D14FF4FA7083
:102BB000FFF70AFAB0FA80F0400918B070BD00BF04
:102BC000D5900020EF01FFFFFFFF010000800740CC
:102BD00008B5074B1B780BB9064808BD064B074ADA
:102BE0001B881021064806F0B9FF054808BD00BF44
:102BF000D590002054D40110C0900020F8CF0110CF
:102C00009488002038B50D4B1B78A3B198B10446C9
:102C100016200D46FEF7EAFE40F6B830FFF7D4F96D
:102C200028B929462046BDE83840FFF7AFB801462D
:102C3000034807F07FFA002038BD00BFD590002080
:102C400028D4011070B5174B8AB01D7835B328B35E
:102C500000230DF10601044634208DF806308DF86E
:102C60000730FEF737FF02A84FF47A730DF1070221
:102C70002021FEF76FFF88B99DF807301F2B0DD973
:102C800002AE0FCE20606160A260E3600FCE2061D3
:102C900028466161A261E3610AB070BD0025284643
:102CA0000AB070BDD5900020F0B50446ADF5057DA5
:102CB000002800F089803C22002118F091FE484B4A
:102CC0001F78002F77D01620FEF790FE40F6B83020
:102CD000FFF77AF9064600287BD104AD4FF4007166
:102CE0002846FFF753F81F2898BF014664D94FF4D0
:102CF0001653EC46A97BEA7B287942EA012203FBC2
:102D000002F3AA68E3626B7912BA43EA00236262B3
:102D10002385297D6A7DEB6B42EA01221BBA22865C
:102D2000636395F87E2095F87F30009443EA022390
:102D3000238704F10903019304F112031B34CDE945
:102D40000234B6460BAE32465CF8043B03CA596007
:102D5000DA79186012F0DF0283F808E006F108065D
:102D600023D19C79DA7114F0DF041ED15A799C7159
:102D700012F0DF0219D119795A7111F0DF0114D163
:102D8000DA78197112F0DF020FD19978DA7011F048
:102D9000DF010AD15A78997012F0DF0205D1197853
:102DA0005A7011F0DF0108BF19706545CBD1384664
:102DB0000DF5057DF0BD394600270A4807F0BAF940
:102DC00038460DF5057DF0BD074638460DF5057D05
:102DD000F0BD0146044807F0ADF90021ECE700BF63
:102DE000D5900020F8D3011028D4011070B5072A1F
:102DF00082B016460C4624D9A2F1080525F0070535
:102E000008350D4407F0A0FB6B46CDE900010834FE
:102E100003CB44F8080C44F8041CAC42F2D106F091
:102E2000070616B9002002B070BD07F08DFB3246D0
:102E3000CDE900012846694618F0F4FC002002B0F4
:102E400070BD0D46EDE700BF2DE9F041DAB006ACEC
:102E5000804620460F4611F0B7FB1DA817F00CFF67
:102E6000022011F0C5FB0146204611F0CDFB80B1D8
:102E700000251DA817F00AFF204611F0A9FB4FF40A
:102E800000620021674818F0ABFD28465AB0BDE843
:102E9000F08132AE054694E8030086E80300304630
:102EA00011F00AFC0238022894BF33992946002306
:102EB0005D4A032010F09EFA0028D9D101464FF454
:102EC0000062584818F08CFD4FF4006255492046C6
:102ED00012F0D4F90028CBD1524818F03FFF5149E5
:102EE0000246384602F08AFD0028C1D031465AAB6E
:102EF00005A82246059311F0DDFF011EB8DB08ADE1
:102F000005982A4615F09CFA0028B1D1E97CAA7CE4
:102F10006B7C0DA8CDE901210093444A444B40212C
:102F200006F01CFEB8F1000F74D00DAB414A6021D1
:102F3000414806F013FE21461DA817F0C3FE2146A6
:102F40001DA817F0C1FE3C491DA817F0BFFE0028C0
:102F50008ED139491DA817F0BDFE002888D109215E
:102F60001DA817F0ABFE02211DA817F0A5FE07F063
:102F7000EBFACDE9080195E8030086E8030007F0C5
:102F8000E3FACDE908019DF8C83034AA95E80300BA
:102F900003F07F0382E80300102231461DA88DF85C
:102FA000C83017F09BFE00287FF462AF234A244903
:102FB0001DA817F0A1FE00287FF45AAF01464FF07C
:102FC000FF321DA817F0BEFE00287FF451AF80210C
:102FD0001DA817F00FFF054600287FF449AF0146F2
:102FE0004FF400620F4818F0FBFC00950E4B4FF4B5
:102FF00000620C491DA818F0BDF800287FF438AF16
:10300000084818F0ABFE07490246404602F0F6FCBD
:1030100005462EE70DAB0B4A40210B4806F09EFDFE
:1030200083E700BF44410020ED2D0010A8D401101B
:103030009CD40110BCD4011034880020C4D40110E9
:10304000D4D40110A8DB0110A035002010B5174C16
:10305000B2B0237813B1154832B010BD00F0A2FB16
:1030600068B102460AA932AB04A8049311F022FF0A
:10307000011E04DB05AA049815F0E2F928B12378B3
:10308000002BE8D10A4832B010BD9DF827109DF8FA
:1030900026209DF82530CDE901210093054A044BF7
:1030A0004021204606F05AFDE9E700BFA035002088
:1030B0009CD40110A8D4011030B52E48B3B006F04E
:1030C00069FF02F08BFC01210020FFF7BDFEE0B19B
:1030D00003210220FFF7B8FE044670B102F0B2FCF3
:1030E000044600283FD0244D2B78BBB12249234809
:1030F00007F020F8204633B030BD214806F04AFFE3
:1031000002F06CFC204633B030BD04461D4806F08A
:1031100041FF02F063FC204633B030BD00F042FBBB
:10312000E0B102460AA932AB04A8049311F0C2FE32
:10313000011E13DB05AA049815F082F970B99DF8F9
:1031400027109DF826209DF82530CDE90121009318
:103150000D4A0E4B4021284606F000FD2B78002B2F
:10316000C4D10A49C3E70A4806F014FF204633B029
:1031700030BD00BFE4D40110A035002088D5011077
:103180004CD5011028D50110A8D401109CD40110F1
:1031900070D5011038B504F0A1FB00250C4654EAA7
:1031A00005020AD04FF47A72002319F0BDFA00F537
:1031B0006A50054B1830186038BD03460348A0FB21
:1031C00003308009F3E700BF08330020D34D6210BD
:1031D00070B5072A82B016460C4624D9A2F108051C
:1031E00025F0070508350D4407F0AEF96B46CDE92B
:1031F0000001083403CB44F8080C44F8041CAC422A
:10320000F2D106F0070616B9002002B070BD07F033
:103210009BF93246CDE900012846694618F002FBC9
:10322000002002B070BD0D46EDE700BF2DE9F04172
:10323000002782B08846176017491646044618F0E2
:10324000B9FFC0B105461549204618F0B3FF044642
:1032500088B185420FD228460A2118F02FFC50B1C0
:10326000431CE41A0094404632464FF4C0610AF011
:10327000F1F9044610B902B0BDE8F08137600848A2
:1032800006F058FF6142074806F054FF0A2002B0DA
:10329000BDE8F04106F03ABEB0D70110CCD701101E
:1032A000E8D70110F0D701102DE9F0477C247F29E1
:1032B0001470089E56D9FF2940D903254C1C2C4474
:1032C0007F2CE7B254D9FF2C3CD908254FF0820A55
:1032D0004FF006084FF007094FF0050C4FF0040EB1
:1032E000EC409470D77082F801A082277F2902F801
:1032F0000E7002EB0C045FFA81FE44D9FF2946D917
:103300004FEA112C277084F802E084F801C04C19B0
:10331000A71CB74223D816460A46014670191F4615
:1033200018F080FA902301200022611C3960335587
:103330003B6819183960F254BDE8F087CC1CFF2CAB
:10334000E7B2C2D88124977054704FF00508072562
:103350004FF006094FF0040C4FF0030EC5E70020B4
:10336000BDE8F08701254C1C2C447F2CE7B2AAD87D
:1033700057704FF0040806254FF005094FF0030C75
:103380004FF0020EB1E702F80CE04546BFE7812797
:1033900084F801E04D462770B9E700BF2DE9F04100
:1033A000089F042B80460D46A7F10204079E05D016
:1033B000052B11793DD005318B4239D8AC4241D231
:1033C00004F10C039B0603D1012C88BF04F1FF34E8
:1033D000B5F5E16F02D90020BDE8F0812A464146EB
:1033E000244818F01FFADFF894C0234BCCF80050A3
:1033F00041462D1B224606981C6018F013FAFF2D3B
:1034000098BF45F4C24504F1020394BFADB24FF436
:10341000C2459F422CD30120612322183260069AB4
:10342000135533681A183260069AD554BDE8F081F6
:10343000515C002908BF4FF480718C4228BF0C46B4
:10344000AC42BDD3AB1C9F42C5D341462A46069829
:1034500018F0E8F9902301200022691C31600699D8
:103460004B553368191831600699CA54BDE8F0818C
:103470003460B0E744490020505000204C500020F8
:103480002DE9F04F81B0DDE90A96DDF830A0002982
:1034900074D07F291ED9FF2940F29F8003248D1DFF
:1034A0002C447F2C1BD9FF2C40F2898040F2A4656C
:1034B000271DAF425BD848F25327494D64BA6C8050
:1034C0002F804FF0060C4FF0080B4FF0070E05272A
:1034D000042410E001248D1D2C447F2CE3D85327B5
:1034E0003F4D4FF0040C2F706C704FF0060B4FF0F7
:1034F000050E032702244FF070087F2905F8048089
:1035000005EB07045FFA81F855D9FF2949D94FF037
:10351000820C0F0A84F8028084F800C067700C46A1
:1035200017460146224605EB0B00984618F07AF93B
:103530004FF0710E5C44CDE90B6ACDF828902E193E
:1035400005F804E0611D4FF001044FF0000C7470A9
:1035500043466FF001043A462148F47086F802C0F1
:1035600086F804C001B0BDE8F04FFFF717BF33681D
:103570009A1C92451BD36F21002205E033689A1CE8
:10358000924514D36A218822581C3060012009F822
:10359000031033681918316009F8032001B0BDE841
:1035A000F08F812784F80180F3462770B7E7002069
:1035B00001B0BDE8F08F05F80780E346AFE748F2B9
:1035C0005317074D4FF0050C2F80AC704FF0070BD1
:1035D0004FF0060E042703248DE701F1080462E78B
:1035E0009C3A002001292FD9F0B500240778012545
:1035F00000E0075D455DA61C15F0800F12D005F0B8
:103600007F0C0CF1FF35012D16D806EB0C0E714521
:1036100012D3855D76460334BCF1020F04BF045D0E
:1036200044EA0525AC198C4206D8BA4206D08C4231
:1036300002D2651C8D42DCD30020F0BD30441860FE
:10364000059B01201D60F0BD00207047014B1868EC
:10365000704700BFF4130020014B1868704700BF8B
:10366000703A002008B5074811F026F8012806D066
:10367000054B064A02280CBF1846104608BD0448F0
:1036800008BD00BF3423002020D801106CCC0110ED
:1036900018D80110024B1868003018BF012070477D
:1036A000402A0020014B1878704700BFDA900020B4
:1036B000014B1868704700BFA890002038B504F08F
:1036C0000DF900250C4654EA05020AD04FF47A722F
:1036D000002319F029F800F56A40054B60301860A6
:1036E00038BD03460348A0FB03308009F3E700BF61
:1036F0005C500020D34D6210014B1860704700BF32
:10370000F813002038B504F0E9F800250C4654EA17
:1037100005022DD04FF47A72002319F005F81A4BE8
:1037200000F51C501030186004F0D8F800250C4645
:1037300054EA0502034621D04FF47A72002318F0B0
:10374000F3FF0021114D124A00F56A43114C60331A
:1037500028682360116002F02FFB0F4806F0EAFC96
:103760000E4806F0E7FCBDE838400A2006F0CEBB64
:1037700003460B48A0FB03308009D0E70848A0FBB4
:1037800003239809DDE700BFB0900020F813002064
:103790000833002010600020E8D701106CDA011017
:1037A000D34D621008B5044810F086FF024B002884
:1037B00014BF1846002008BD342300200F4BD0B59D
:1037C0001C680CB92046D0BD04F088F800270E46CE
:1037D00056EA070203460AD10948A0FB03308009D4
:1037E000241AB4F52F7F8CBF00200120D0BD4FF4E8
:1037F0007A72002318F098FFF2E700BF14600020EF
:10380000D34D621038B510B90D4B186038BD04F0B7
:1038100065F800250C4654EA0502034609D109481B
:10382000A0FB0330800900F5EA30054BC03018607A
:1038300038BD4FF47A72002318F076FFF3E700BF2B
:1038400040410020D34D62100F4BD0B51C680CB91D
:103850002046D0BD04F042F800270E4656EA070283
:1038600003460AD10948A0FB03308009084B241AFB
:103870009C428CBF00200120D0BD4FF47A720023FF
:1038800018F052FFF2E700BF40410020D34D621014
:10389000C0D401002DE9F04F93B0894D04A806F083
:1038A0005FFD0AAC0AAA0023082104A815F078FBE2
:1038B0000FCCC5F82310C5F8272095F8251095F8EA
:1038C000272001F00F0102F03F027E4EC5F82B3099
:1038D0007D4B41F0400162F07F02C5F81F0085F882
:1038E000251085F82720336002F060F8002876D193
:1038F000764B06AC0FCB84E80F00754918F05AFCE4
:10390000002840F098807249079818F053FC00286E
:1039100040F091806E49089818F04CFC002840F067
:103920008A806B49099818F045FC002840F0838094
:10393000684B694CDFF8E091DFF8E0A1674D336038
:10394000674F97F800B0BBF1000F40F0A2806548C8
:1039500010F03AFE644810F037FE0123DFF894813E
:103960003B70624FC8F800B0C7F800B0504618F07E
:10397000F5F90023421C5146CDE901330093594823
:1039800011F058F95A4B82461860002847D120465A
:1039900018F0E4F90023421C2146CDE901330093DD
:1039A000514811F047F9044670BB2846514A524924
:1039B000FFF73CFC48464D4A5049FFF737FC50485A
:1039C00006F0B8FB3B68D8F8002031684D4806F097
:1039D000B1FB0A2006F09AFA13B0BDE8F08F4A4B0B
:1039E0000020336001F0E8FF0546012001F0E4FF0C
:1039F0008246022001F0E0FF8146032001F0DCFF57
:103A00000446002D9CD173E73D4806F093FB6142CC
:103A10003E4806F08FFB0A2006F078FAC5E73848E2
:103A200006F088FBCAF10001394806F083FB0A2042
:103A300006F06CFAABE72A4C2A482578EDB110F075
:103A4000C7FD294810F0C4FD264810F0BDFD2648EA
:103A500010F0BAFD002301202649244A20700B6093
:103A60001360274806F066FB2A4806F063FB0A202D
:103A700006F04CFA13B0BDE8F08F10F0A5FD1A481F
:103A800010F0A2FD01211B4A184B217015601D602A
:103A9000E7E7144810F09CFD134810F099FD114819
:103AA00010F092FD104810F08FFD012200233A70B3
:103AB000DFF840800D4FC8F800303B6056E700BF8C
:103AC000B4130020F41300206CCC0110A4D5011015
:103AD00050D9011068D9011048D7011028D601101B
:103AE000D990002034230020683A00204430002080
:103AF000703A0020402A002040240020442A002060
:103B0000E8D7011028DA011060D90110F0D90110AE
:103B1000C4D9011074D9011088D60110E8D601105B
:103B20002DE9F0412948D0B010F0C6FD0138C0B2EF
:103B3000012803D9002050B0BDE8F08120220021E7
:103B400008A817F04DFF4FF4807307AE336003F001
:103B5000C5FE00230A46134304462AD11C48A0FB95
:103B60000434A40900254FF480701A4910AB08AA48
:103B70000296019003910093092120230495134894
:103B800010F062FD804603F0A9FE2F460E4656EA6D
:103B90000702034614D04FF47A72002318F0C4FDD4
:103BA000B8F1000FC6D1001B08BF012050B0BDE81E
:103BB000F0814FF47A72002318F0B6FD0446D1E785
:103BC0000348A0FB03308009EAE700BF342300204C
:103BD000D34D6210D1310010002310B4054C0648BB
:103BE0000649074A23605DF8044B03600B601360CD
:103BF000FFF750BE402A0020443000204C500020E7
:103C0000505000202DE9F04FA94DADF25C4D2F68CA
:103C10000646884692461C46002F00F0B4800023DA
:103C2000B8F1030F236040F2998037787578F90670
:103C300001D5872D7AD09F4B186830B19E4A1278F3
:103C4000AA4200F0458100221A60A42D00F09B8159
:103C500024D9C02D00F0A780CB2D37D1B8F1040FA7
:103C600000F0C4823379002B00F003825A1D4245D4
:103C700000F2BC82721D032B40F0DE8213785C2BB5
:103C800000F0F883D4F80080DDF8802408F1020306
:103C90009A42C0F0E2816A238822EDE0202D00F0F4
:103CA000D780872D12D1F3789A2B00F0B1819D2B0C
:103CB00000F0AE81D4F80080DDF8801408F1020233
:103CC0009142C0F0AB836A238622B5E102234FF014
:103CD0000008DDF880249A42C0F0BF814FF0010B4C
:103CE0006D23002208EB0B0121600AF808302368DD
:103CF00003EB0B0121600AF80320D4F80080B278AE
:103D0000F378B8F1010F40F2CB80D04418F8020CE0
:103D100018F8011C41EA002100913846294601F0BB
:103D20004FFF58460DF25C4DBDE8F08FB8F1040F1F
:103D300011D03579002D40F01083B8F1060F0AD963
:103D4000B6F8052052BA95B2EB1D984503D3B5F5E8
:103D50002F7F40F2D4860023564A1360DDF880247A
:103D6000012A40F27F810121672221608AF8002028
:103D700022688B46511821600AF8023058460DF22D
:103D80005C4DBDE8F08F03F0A9FD3B460A461343A6
:103D9000844600F087804FF47A72002318F0C4FC48
:103DA00028603CE765AEDFF824B1444BDBF80090B7
:103DB0001B68994580F00882DDF88024B8F1040F73
:103DC000A2F1020108D0B8F1050F327900F0DE81CE
:103DD00005324245C0F0D9810A46A3EB090888455F
:103DE00028BF8846904528BF904608F10C029206ED
:103DF00004D1B8F1010F88BF08F1FF3830494246BD
:103E000049445046069317F00DFD069B09EB080246
:103E1000CBF800209A1AC4F8008008F1020100F0E3
:103E2000C682FF2ADDF880349ABF42F4C24292B2C1
:103E30004FF4C2428B42C0F01081612308F10101AE
:103E400021600AF8083023684FF0010B50E765AE97
:103E5000B2781AB9F378802B00F02A810021194832
:103E6000D4F800800160DDF8800408F10203984274
:103E7000C0F0F4806A23862208F1010121600AF86B
:103E8000083023684FF0010B591C21600AF8032009
:103E9000D4F80080B278B8F1010FF3783FF635AF6F
:103EA000002139E70848A0FB0C30800978E700BF03
:103EB0006036002004330020CB9000204C500020BE
:103EC000444900205C500020D34D62105050002027
:103ED000CF4AB178127891427FF4B5AECD4AF178ED
:103EE000127891427FF4AFAEB8F1040F00F0F58282
:103EF0003279002A40F06983B8F1060F40F2ED8272
:103F0000B6F8052052BA92B2D11D8845C0F0E582BC
:103F1000F11D00EB0208B8F52F7F00F2DE824FF0B2
:103F2000000BDFF80893484417F07CFCF07896F813
:103F300002C027F010028DF894214FEA182642465D
:103F40008DF8970149460DF29B108DF89A818DF8F6
:103F500098B18DF895518DF896C18DF8996117F04B
:103F600061FCAD4BA42D08F10708C3F800B000F0C8
:103F7000E38300F25D83202D3FF469AF872D40F08D
:103F8000E28365AE8FE6B8F1040F00F00481327968
:103F9000002A7CD0531D434500F23481914606F13E
:103FA000050800F049FFB9F1070F834640F0BD81D5
:103FB0004A464046994917F007FCBBF1010F00F053
:103FC0007182002840F0BE810122DFF86482944BA8
:103FD000D8F800901A70B9F1000F00F06F82DFF886
:103FE00054E20DF1940CBEE80F00ACE80F00DEF8CF
:103FF00000302CF8023B1B0C8CF80030DDF88034CC
:10400000142B00F2DF81D4F800804FF0000B76E62D
:10401000844BD3F80090B9F1000F79D10023814A85
:10402000D4F80080DDF88014136008F10202914298
:10403000C0F0F781692382224FF0010B08F10101E2
:1040400021600AF808302368591C21600AF803200F
:10405000D4F80080F378B27853E6B278F3784FF072
:10406000000B4EE64FF0000B58460DF25C4DBDE8DC
:10407000F08FB8F1060F40F2B980B6F805305BBAA0
:104080009BB2DA1D424500F2B180F21DF3E5B8F1B2
:10409000060F40F2B780B6F8052052BA1FFA82F92F
:1040A00009F10703434500F2AD8006F1070878E700
:1040B000B8F1040F3FF4D2AE3379002B40F0ED811C
:1040C000B8F1060F7FF6CAAEB6F805305BBA9BB200
:1040D000073343453FF6C2AE03F000FC00230A4617
:1040E000134300F0E6814FF47A72002318F01CFBB2
:1040F0004C4A00F56A40D4F8008060301060DDF86A
:10410000802408F102039A42A7D390230022B3E649
:1041100003F0E4FB00230A461343844600F09B812E
:104120004FF47A72002318F0FFFA4EF66023A9EBE1
:10413000000999453FF672AFB8F1040F00F0808195
:104140003379002B40F08C81B8F1060F40F2788172
:10415000B6F805305BBA9BB2DA1D9045C0F07081AD
:1041600006F10709012B04D999F800207C2A00F0F8
:10417000C781D4F80080DDF8802408F102039A4258
:10418000C0F074816A23802256E7B25C002A08BF1F
:104190004FF4807221E602234FF00008DDF88024FE
:1041A0009A42C0F038816723002208F101012160A2
:1041B0000AF8083023684FF0010B591C21600AF8F7
:1041C0000320D4F800809AE50022174BD4F8008031
:1041D000DDF880141A6008F102039942CBF8002040
:1041E000BFF448AE9346F378B2788AE5D4F80080FD
:1041F000DDF8802408F102039A42FFF42EAF672312
:10420000002239E6D4F8008008F10203C6E700BFB7
:10421000CC900020CD90002004330020A8D70110BE
:10422000DA9000205C5000204C50002048300020E4
:10423000A8900020B4D50110052B7FF423AD13788E
:104240005C2B7FF41FAD5378032B7FF41BAD937869
:104250005F2B7FF417ADD378C12B7FF413AD1379A7
:10426000023B0A2B3FF60EAD01A252F823F000BF2D
:1042700015430010853C0010853C0010FD420010E5
:10428000853C0010E7420010853C0010853C001082
:10429000853C0010C14200109D420010DDF88034C2
:1042A0003246CDE901430B214346CA48CDF800A070
:1042B000FFF774F8D4F800808346B278F37820E5ED
:1042C000DDF88034C44ACDE90143CDF800A011687F
:1042D00043463246C148FFF7D3F8D4F800808346FE
:1042E000B278F3780DE5DDF88034CDF800A0CDE9A3
:1042F0000143324643462621B948D9E7DDF88034E8
:10430000B84ACDE90143CDF800A0116843463246D2
:10431000B548E0E7DDF88034CDF800A0CDE90143F1
:10432000324643463D21B148C2E701280AD0B9F1DF
:10433000090F79D14A464046AD4917F045FA0028A1
:104340003FF44DAED4F80080DDF8802408F102037C
:104350009A4260D36A23822227E76B1D9845FFF4B7
:10436000FAAC711D2A46A34817F05CFA8721A24BCC
:10437000A24A19701560F178A14A27681170DDF81A
:104380008024A048BB1CB5789A420570FFF46AAE41
:1043900090234FF0010B0022791C21600AF80730AE
:1043A000236803EB0B0121600AF80320E6E4964B37
:1043B000CBF800201A60DDF880348B42FFF412AF96
:1043C00090233BE54FF014084FF0900E4FF0010B97
:1043D0004FF0000C0DF19409B9E80F00CAF8041071
:1043E000CAF80820B9F8001099F80220CAF80000AD
:1043F0008AF81220CAF80C30AAF81010C4F800800D
:104400008AF813E0236803EB0B0222600AF803C06A
:10441000D4F8008073E44FF0000B70E44FF0000B11
:1044200019E69B46F37816E6B9F10B0F8AD14A4696
:104430004046764917F0C8F900283FF4D0AD81E72F
:10444000D4F80080DDF8802408F102039A420DD3ED
:1044500067230022F0E56E48A0FB0C30800964E67B
:104460005A1D9045ECD306F105097BE6F3784FF031
:10447000000BF0E55378012B7FF404AC93787E2B8E
:104480007FF400ACDDF88034CDF800A0CDE9014325
:104490003246434614215F480AE7053343457FF619
:1044A0001BAEDBE400287FF44DAF5B4B83F800B01C
:1044B00095E5574BA3FB0023980919E603F00EFA84
:1044C0004B460A46134384467AD04FF47A7200234F
:1044D00018F02AF9C8F8000081E500221A60DDF81A
:1044E0008034012B7FF6BEAD0121672321608AF85D
:1044F000003023688B46591821600AF803203DE4F8
:1045000099F8018018F0800F00F09B8008F07F027E
:10451000511E01293FF62DAE911C99423FF629AE5E
:10452000022A99F8028040F049810422B9F80280F9
:1045300098FA98F81FFA88F802EB080199423FF6BA
:1045400018AE4FF0000C91440CAB009348460BABF7
:1045500085224146CDE909CCCDE90BCCFFF742F8E5
:104560008346002800F0D480F1782C4B2C4A9D29FA
:1045700018BF1A461046079210F09EF8012881468F
:1045800096F802805FD0022800F0E4804FF0000B24
:10459000244B2548C3F800B005F0CCFD4246F17825
:1045A000224805F0C7FD0A2005F0B0FCD4F80080D1
:1045B000DDF8802408F102039A42BFF484AB31E7AE
:1045C0001348A0FB0C30800984E7511D884584D333
:1045D000711D9EE404D6011044300020442A0020BE
:1045E000C8D50110402A002040240020B413002028
:1045F00010D6011048300020CB900020043300205A
:10460000CD900020CC9000204C5000201CD60110F2
:10461000D34D6210F0D50110DA9000203423002031
:10462000683A00205C500020E8D7011010D9011032
:10463000C02D3FF4B7ABCB2D40F0858065AEFFF7C2
:104640000DBB022278E7B8F1070F9FD1BBF1000F35
:1046500040F08580F3789A2B00F0FA8017AB19466A
:104660004FF48072B9F1010F06930A600A9B00F0C3
:10467000D480202B099A00F0BA80194610460023F6
:104680001DAA14F08DFC4FF0000C4FF480710698B9
:10469000C44B0DF194090290019103931DAA079850
:1046A000CDF810C0CDF80090202309210FF0CCFFE9
:1046B0008046B8F1000F40F08380DDF88034484632
:1046C0000093069B524619682346FEF7EDFD83468C
:1046D000D0B103F003F943460A461343844600F081
:1046E000E1804FF47A72002318F01EF8AE4A00F50C
:1046F0002F73AE48136005F01DFDF178AC4805F04E
:1047000019FD0A2005F002FCD4F80080F378A2E439
:104710000AAB0093484609AB8122FEF763FF0028ED
:104720007FF422AFD4F80080DDF8802408F1020382
:104730009A42BFF427AD75E69DF8982165AE002A30
:104740003FF4A9AC26E4D4F8008065AE08F102037A
:10475000FFF7BFBAB8F1110F7FF418AF76E7954BAA
:10476000D3F80080B8F1000F40F0A480924BD3F84A
:104770000080B8F1000F40F02B818C4805F0DAFC86
:104780008E4805F0D7FC0A2005F0C0FBFEF702FDBD
:104790002368DDF880149A1C9142C0F0888069215A
:1047A0008222581C20600AF803102368591C2160DB
:1047B0000AF8032023689846F3784CE40322BBE60A
:1047C0007A4805F0B7FCC8F100017D4805F0B2FC5D
:1047D0000A2005F09BFBD4F80080DDF8802408F166
:1047E00002039A42FFF41EAE6F23002224E44FF02E
:1047F000000E4FF4807C06986A490DF194090290EE
:1048000003910798CDF810E0CDF804C0CDF80090E2
:1048100009210FF019FF80464BE793427FF429AF3F
:10482000079B0DF1940993E8030089E803004846CB
:104830000FF042FF01280CBFD9F804000020CDF88A
:104840000090099B0022574911F078FD804630E71F
:104850005C4BD3F80080B8F1000F40F03481564B28
:10486000D3F80080B8F1000F00F01381CDF818B034
:1048700003F034F800230A461343844600F0048111
:104880004FF47A72002317F04FFF4F4BA8EB000054
:10489000984203D9069B002B00F0FB800023494A75
:1048A0001360DBE64FF47A70BCFBF0F01EE74FF0CC
:1048B000000B80E703F012F800230A4613438446F6
:1048C00017D04FF47A72002317F02EFF4EF66023B4
:1048D000A8EB000898453FF649AFB9F1020F0DD09B
:1048E0002368DDF880149A1C9142E0D36A21862265
:1048F00057E74FF47A70BCFBF0F0E7E70DF194094D
:1049000048460DF0D1FD0DA809F0CCF80FA809F02C
:10491000C9F811AA104617AB06930DF0B7FD06981B
:104920000DF0B4FD079B0DF1740893E8030088E8CF
:10493000030040460FF0C0FE023802280DAA94BFC3
:10494000D8F80400002011AB49460EF07DFE024667
:10495000002850D0069807920DF00AFE11A80DF01D
:1049600007FE0FA809F0A4F80DA809F0A1F8484621
:104970000DF00EFE079A0D48069205F0DBFB069A35
:10498000F1785242114805F0D5FB0A2005F0BEFA35
:104990002368DDF880149A1C914288D36F2100228D
:1049A000FFE600BFD131001014600020E8D70110ED
:1049B000BCD801101060002040410020D4D8011064
:1049C000A8D80110B0900020C0D4010028D8011050
:1049D00002F084FF00230A46134384464FD04FF46D
:1049E0007A72002317F0A0FE484BA8EB0000984213
:1049F0007FF673AFC1E6DDE90B23069948460DF05B
:104A000093FE02460028A5D1414B069ACDE900301D
:104A10000FA90DAB48460BF053FA0246002899D176
:104A20000FAB20224146184609F0F2F9079006988C
:104A30000DF09EFD11A80DF09BFD0FA809F038F8B0
:104A40000DA809F035F848460DF0A2FD079A002A96
:104A500091D1304805F06EFBF1782F4805F06AFBE4
:104A60000A2005F053FADDF88034404600935246A0
:104A700023462021FEF718FC236883469BE64FF46B
:104A80007A70BCFBF0F0AFE74FF47A70BCFBF0F04B
:104A9000FBE6204805F04EFB204805F04BFB0A20C2
:104AA00005F034FAFEF776FB00231D4A1D49D4F8C1
:104AB000008013600B60DDF8803408F1020293423D
:104AC000BFF4B8AAAEE402F009FF5B460A461343FE
:104AD00017D04FF47A72002317F026FE42F21072BC
:104AE000A8EB000393428CBF002301230E490693D9
:104AF000D1F80080B8F1000F3FF4CCAEB8E6F11D5C
:104B000030E44FF47A73B0FBF3F0E7E7C0D4010070
:104B1000D1310010E8D7011050D801106CD8011025
:104B20005C500020B090002040410020704700BF42
:104B3000704700BFB849B94B0A689A4203D00023B6
:104B4000B74A13707047F0B40D790C78EA43E0432C
:104B5000B44B42F3000540F300041D401C4085EABD
:104B6000520584EA500445F300021A4044F3000061
:104B7000184082EA550580EA540445F3000244F3E4
:104B800000001A40184082EA550280EA540042F3BD
:104B900000051D4040F300041C4085EA520284EAEF
:104BA000500042F3000540F300041D401C4085EA1C
:104BB000520584EA500445F300021A4044F3000011
:104BC000184082EA550580EA5404974F45F30002E5
:104BD00044F300001A40954E82EA550218403D7891
:104BE00080EA5400367885EA520540F3000442F327
:104BF00000021C4086EA50001A4060406A4040F3C0
:104C0000000442F300051C401D4084EA500485EA7C
:104C1000520544F3000045F3000218401A4080EAB0
:104C2000540482EA550544F3000045F3000218409D
:104C30001A4080EA540082EA550240F3000442F32D
:104C400000051C401D4084EA500085EA520240F3F2
:104C5000000442F300051C401D4084EA500485EA2C
:104C6000520544F3000045F3000218401A4080EA60
:104C7000540482EA550544F3000045F300026C4EEB
:104C800018401A4082EA550280EA540036787D784E
:104C900040F300041C4086EA500085EA520542F3C6
:104CA000000244401A40554044F30000184045F3C8
:104CB000000280EA54001A4082EA550240F30004E0
:104CC0001C4042F3000584EA50041D4085EA520569
:104CD00044F30000184045F3000280EA54001A40F3
:104CE00082EA550240F300041C4042F3000584EAC6
:104CF00050041D4085EA520544F30000184045F376
:104D0000000280EA54001A4082EA550240F300048F
:104D10001C4042F3000584EA50041D40454E85EADC
:104D2000520544F30000184045F3000280EA5400A5
:104D30001A40347882EA550240F3000735791F4063
:104D400084EA500442F3000684EA070085EA52052B
:104D500006EA03026A4040F300041C4042F30005E7
:104D600084EA50041D4044F3000085EA52051840CF
:104D700045F3000280EA54041A4082EA550544F3E0
:104D80000000184045F3000280EA54001A4040F346
:104D9000000482EA55021C4042F3000584EA5000F8
:104DA0001D4085EA520240F300041C4042F3000516
:104DB00084EA50041D4044F3000085EA520518407F
:104DC00045F3000280EA54041A4044F3000082EAEA
:104DD0005505184045F3000280EA54001A4040F39C
:104DE000000482EA55021C40504042F30002134086
:104DF00084EA50008A6843409A4204D0F0BC002301
:104E0000074A137070474B68012BF7D8F0BC044A6F
:104E1000DBB21370704700BF00C03F1047464353DA
:104E2000C99000202083B8ED05C03F1001C03F109D
:104E300002C03F1003C03F10014B1878704700BFFD
:104E4000C99000202DE9F043C54FC5B03B7883429F
:104E500000F00D83C34E6FEA000C06F04703DB43FE
:104E6000C14C43F30002224082EA530343F30002A1
:104E7000054622404CF30000204082EA530280EABB
:104E80005C0C42F3000323404CF3000083EA52021F
:104E9000204042F3000380EA5C00234040F3000C12
:104EA0000CEA040C83EA52038CEA500043F300023C
:104EB000224040F3000C82EA53030CEA040C43F353
:104EC00000028CEA500C22404CF30000204082EAA1
:104ED000530280EA5C0C42F3000323404CF30000D1
:104EE00083EA5202204042F3000380EA5C00234040
:104EF00040F3000C0CEA040C83EA52038CEA5000E5
:104F000083F0460343F3000240F3000C22400CEA16
:104F1000040C82EA53038CEA500C43F300024CF376
:104F200000002040224080EA5C0C82EA530242F3F7
:104F300000034CF300002340204083EA520280EA41
:104F40005C0042F3000340F3000C0CEA040C234025
:104F50008CEA500083EA520343F3000240F3000C52
:104F600022400CEA040C82EA53038CEA500C43F30F
:104F700000024CF300002040224080EA5C0C82EAF0
:104F8000530242F300034CF300002340204083EA25
:104F9000520280EA5C0042F3000340F3000C0CEA8A
:104FA000040C23408CEA500083EA520383F043034D
:104FB00040F3000C43F300020CEA040C22408CEA9C
:104FC000500C82EA53034CF30000204043F30002EC
:104FD00080EA5C0C224082EA53024CF3000042F368
:104FE00000032040234080EA5C0083EA520240F341
:104FF000000C0CEA040C42F300038CEA500023403E
:1050000083EA520340F3000C43F300020CEA040C61
:1050100022408CEA500C82EA53034CF300002040FB
:1050200043F3000280EA5C0C224082EA53024CF314
:10503000000042F300032040234080EA5C0083EA42
:10504000520240F3000C0CEA040C42F300038CEA19
:105050005000234083EA520340F3000C83F05303D3
:105060000CEA040C43F300018CEA500C21404CF391
:10507000000081EA5301204080EA5C0C41F3000209
:105080004CF30000224082EA510100EA040383EA63
:105090005C0041F30002224040F3000382EA510227
:1050A000234042F3000183EA5003214043F3000010
:1050B00081EA5202204080EA530342F3000121407A
:1050C00043F3000081EA5201204041F3000280EAEC
:1050D0005300224040F3000382EA5101234083EA57
:1050E000500041F30002224040F3000382EA5102E3
:1050F000234083EA500342F3000121405A4043F326
:10510000000381EA5202234053400DF10408F422C7
:10511000FF2107A80DF110090393CDE9016516F0F1
:105120005FFC98E8070089E80700EFF3108872B683
:105130004FF480514FF47F1017F016FB49464FF49F
:1051400080724FF47F1017F007FB88F31088074A2E
:105150001368B3420CD0002045B0BDE8F08300BF17
:10516000C9900020474643532083B8ED00C03F104C
:10517000107892F804C0C1436FEA0C0341F30000B9
:10518000204043F3000C80EA51000CEA040C40F389
:1051900000018CEA530C21404CF3000381EA5000DB
:1051A000234083EA5C0C40F3000121404CF30003F0
:1051B00081EA5001234041F3000083EA5C03204070
:1051C00043F3000C80EA51010CEA040C8CEA53030F
:1051D00041F30000204043F3000C80EA51000CEA48
:1051E000040C8CEA530C40F3000121404CF3000600
:1051F00081EA5000264086EA5C0640F30001DFF8B1
:105200007CE2214046F30003DFF874C281EA5001DA
:105210009EF800E0234083EA560341F300009CF827
:10522000006020408EEA510143F3000C41400CEA3B
:10523000040C86EA530686EA0C0341F30000204082
:1052400043F3000680EA5100264040F3000186EA5D
:105250005306214046F3000381EA5000234083EACD
:10526000560640F30001214046F3000381EA500155
:10527000234041F3000083EA5603204043F3000635
:1052800080EA5101264086EA530341F300002040A2
:1052900043F3000680EA5100264086EA530640F3B5
:1052A0000001214046F3000C81EA50000CEA040C96
:1052B0008CEA560C40F30001DFF8C8E121404CF3C2
:1052C00000036D4E81EA50019EF800E0234083EA1E
:1052D0005C0341F3000096F800C020408EEA5101C3
:1052E00043F30006414026408CEA530C8CEA060347
:1052F00041F30000204043F3000C80EA51000CEA27
:10530000040C40F300018CEA530C21404CF30003E1
:1053100081EA5000234083EA5C0C40F30001214005
:105320004CF3000381EA5001234041F3000083EA7B
:105330005C03204043F3000C80EA51010CEA040CAA
:105340008CEA530341F30000204043F3000C80EA51
:1053500051000CEA040C8CEA530C40F3000121408C
:105360004CF3000681EA5000264086EA5C0640F3D2
:105370000001DFF814E1214046F30003DFF80CC11F
:1053800081EA500123409EF800E083EA560341F38E
:1053900000009CF80060204043F3000C8EEA5101AD
:1053A00041400CEA040C86EA530686EA0C0341F3FA
:1053B0000000204043F3000680EA5100264040F3FD
:1053C000000186EA5306214046F3000381EA5000BB
:1053D000234083EA560640F30001214046F30003D0
:1053E00081EA5001234041F3000083EA5603204044
:1053F00043F3000680EA5101264086EA530341F355
:105400000000204043F3000680EA5100264040F3AC
:10541000000186EA5306214046F3000381EA50006A
:10542000234040F3000183EA5606214046F300037F
:1054300081EA5001234041F3000083EA56032040F3
:10544000594043F300031C4080EA510193684C40EB
:10545000A3427FF480AE5368012B3FF67CAE9D42A1
:105460007FF479AE01203D7045B0BDE8F0830120A6
:1054700045B0BDE8F08300BF06C03F1001C03F103B
:1054800005C03F1002C03F1003C03F1007C03F10CF
:1054900010B5EFF3108472B64FF480514FF47F10C3
:1054A00017F062F984F310880022024B01201A7071
:1054B00010BD00BFC9900020034A044B01280CBF57
:1054C00010461846704700BF0CC90110DCD101100E
:1054D000F0B401788A4AC94341F30003134083EAD8
:1054E000510141F30003134083EA510343F30001E8
:1054F000114081EA530141F30003134083EA510153
:1055000041F30003134083EA510343F300011140C8
:1055100081EA530141F30003134083EA51014378C8
:1055200041F30004144083EA5103634043F3000451
:10553000144084EA530444F30003134083EA540400
:1055400044F30003134083EA540343F3000414407C
:1055500084EA530444F300030146134083EA5404ED
:1055600044F30003134083EA540343F3000414405C
:1055700084EA5304857844F30003134085EA540415
:10558000634043F30006164086EA530646F30003E1
:10559000134083EA560646F30003134083EA56039A
:1055A00043F30006164086EA530646F3000515400D
:1055B00085EA560646F3000515404FF0FF3485EAAC
:1055C000560545F30006164086EA550611F8037F96
:1055D00046F30005154087EA56066E4046F300057F
:1055E000154085EA560545F30006164086EA55063D
:1055F00046F30005154085EA560646F300051540BA
:1056000085EA560545F30006164086EA550646F338
:105610000005154085EA560646F30005154085EA63
:10562000560545F300061346324082EA550600F15E
:10563000130511F8012F624042F300041C4084EA74
:10564000520444F300021A4082EA540444F3000274
:105650001A4082EA540242F300041C4084EA5202D7
:1056600042F300041C4084EA520444F300021A404E
:1056700082EA540444F300021A4082EA540242F3DC
:1056800000041C408D4284EA5204D2D14FF0FF3214
:1056900000F520551A4B74401735173010F8011FCC
:1056A0004A4042F30001194081EA520141F30002ED
:1056B0001A4082EA510141F300021A4082EA510283
:1056C00042F30001194081EA520242F300011940FD
:1056D00081EA520141F300021A4082EA510141F38A
:1056E00000021A4082EA510242F300011940854249
:1056F00081EA5202D2D16240D043F0BC704700BF71
:105700002083B8ED9F49A04B0A68F0B49A4240F05C
:10571000348140F6FE134A68013A9A4200F22D8124
:105720008A68013A9A4200F22881CA68013A9A428C
:1057300000F223810A69013A9A4200F21E81087838
:10574000924BC04340F300021A4082EA500242F3F7
:105750000000184080EA520040F300021A4082EA3A
:10576000500242F30000184080EA520040F3000269
:105770001A4082EA500242F30000184080EA5200C8
:1057800040F30002824C1A4082EA5002207842F331
:1057900000041C4080EA520080EA040242F3000048
:1057A000184080EA520040F300021A4082EA50009A
:1057B00040F300021A4082EA500242F3000018400F
:1057C00080EA520242F30000184080EA520040F39F
:1057D00000021A4082EA50006E4C40F300021A4068
:1057E00082EA5002207842F300071F4080EA52000C
:1057F000784040F300071F4087EA500747F3000056
:10580000184080EA570747F30000184080EA570025
:1058100040F300071F4087EA500040F300071F4095
:1058200087EA500747F3000018404FF0FF3C80EA3A
:10583000570747F300001840667880EA570040F3A6
:1058400000071F4086EA5000474047F300061E400D
:1058500086EA570747F300061E4086EA570646F3D6
:1058600000071F4087EA560646F300071F4087EAF5
:10587000560747F300061E4086EA570747F300061F
:105880001E4086EA570646F300071F4087EA560681
:1058900046F300071A464C693B403F483F4D83EAB8
:1058A000560710F8013B83EA0C0141F30003134053
:1058B00083EA510343F30001114081EA530343F3A8
:1058C0000001114081EA530141F30003134083EAD0
:1058D000510141F30003134083EA510343F30001F4
:1058E000114081EA530343F30001114081EA53015F
:1058F00041F300031340A84283EA510CD1D14FF089
:10590000FF31274D214A274E8CEA070315F8010B7A
:10591000414041F30000104080EA510040F3000193
:10592000114081EA500040F30001114081EA50012A
:1059300041F30000104080EA510141F300001040A3
:1059400080EA510040F30001114081EA500040F329
:105950000001114081EA500141F300001040B542BE
:1059600080EA5101D2D15940C9430C1BB4FA84F4E6
:105970000D4B64091C70F0BC704700240A4B1C706E
:10598000F0BC704700D03F10314B43532083B8ED3B
:1059900001D03F1002D03F1004D03F1014D03F1070
:1059A00018D03F1018F83F10D4900020014B187801
:1059B000704700BFD4900020064B1B783BB10328F2
:1059C00005D800EB800304485B02184470470020B0
:1059D000704700BFD490002018D03F1008B5054B89
:1059E00042F618021846002115F0FAFF024A02603A
:1059F00008BD00BF1C600020314B435303281CD856
:105A0000F8B514460E4D8300EF18D7F804C064446F
:105A1000661CB6F5206F01D90020F8BD1844460277
:105A200006F118006044284415F0FCFE00233544BC
:105A300025442B767C600120F8BD0020704700BF14
:105A40001C60002038B5314C6068002859D0A0682F
:105A5000002856D0E068002853D02069002850D094
:105A60002B4904F1180016F0A5FB002849D029495C
:105A700004F6182016F09EFB002842D02449264840
:105A800016F098FB00283CD02249244816F092FBDF
:105A9000002836D02046FFF71BFD6061EFF310852C
:105AA00072B64FF440511E4816F05EFE21464FF488
:105AB00024521B4816F050FE85F31088194B1A4AE1
:105AC000196891421ED140F6FE125B68013B934279
:105AD00018D81146134B9A68013A8A4212D8DA68EC
:105AE000013A8A420ED81A69013A8A420AD81846FF
:105AF0005C69FFF7EDFC201AB0FA80F00B4B40090F
:105B0000187038BD0020094B187038BD1C6000208B
:105B1000B0DA0110C4DA011034740020347E0020A1
:105B200000D03F0000D03F10314B4353D4900020B1
:105B300010B5EFF3108472B64FF44051094816F0D7
:105B400013FE84F31088084B42F618021846002111
:105B500015F046FF00210346044A054811701860FD
:105B6000012010BD00D03F001C600020D490002018
:105B7000314B435310B50E49044616F011F888B165
:105B80000C49204616F00CF868B10B49204616F077
:105B900007F850B12046094916F002F8002814BF52
:105BA0000420032010BD012010BD022010BD00BF45
:105BB00090DA011098DA0110A0DA0110A8DA0110C9
:105BC0002DE9F04F0026DFF8B8E02A4DDEF800702E
:105BD000DFF8B0B007F10108A5FB085C4FEA9C1C98
:105BE0000CEB4C0CA8EB4C15CEF80050BD00224C31
:105BF00005EB070C9046DBF800204FEA8C0C83B0D5
:105C00005F2A019304EB0C0344F80C6098BF013247
:105C1000C3E90166C3E9036698BFCBF8002082465A
:105C20008946BDF8306001F059FE00230A4613434F
:105C3000844619D04FF47A72002316F075FD0122C4
:105C40000023B90039448D00019960512C4484F837
:105C500005A084F8069084F8078021726681A281ED
:105C6000237103B0BDE8F08F0448A0FB0C3080091D
:105C7000E5E700BFABAAAAAA90500020D34D62105E
:105C8000983A0020AC900020DFF824C12DE9F041C3
:105C9000DCF80020DFF81CE10746DEF80060002A8F
:105CA00046D0404C06F15F03A4FB0314A40904EBA7
:105CB0004404A3EB44144FEA84083B4D08EB04036F
:105CC00005EB8303197901294BD00021354B701C5A
:105CD000A3FB00439B09B40003EB4303A0EB431376
:105CE000A0198000CEF800305F2A05EB0003295090
:105CF000C3E90111C3E903112FD901F0EFFD00231E
:105D00000A46134384460DD12848A0FB0C30800975
:105D100001222644B600AB19A8519F719A811A71CD
:105D2000BDE8F0814FF47A72002316F0FDFCEFE736
:105D30001C4B711CA3FB01039B09B40003EB430341
:105D4000A1EB4313184DA1198900CEF800306B1850
:105D50006A50C3E90122C3E903220132CCF80020D2
:105D6000CBE799798142B0D14FF6FF709989814292
:105D7000ABD00131998101F0B1FD00270E4656EA02
:105D80000702034608D04FF47A72002316F0CCFCC9
:105D9000444445F82400C3E70448A0FB03239809C2
:105DA000F6E700BFABAAAAAA90500020D34D62101C
:105DB000AC900020983A00200022DFF888C0F8B5A7
:105DC000DCF800601C4B711CA3FB01539B09B50060
:105DD00003EB4303DFF870E0A1EB4313174CA91961
:105DE00089006250CCF800306318DEF80010C3E977
:105DF00001225F29C3E903229CBF0131CEF80010C4
:105E0000074601F06BFD00230A46134384460ED07B
:105E10004FF47A72002316F087FC022301223544E6
:105E20009D4060512C442761A2812371F8BD044834
:105E3000A0FB0C308009F0E7ABAAAAAA9050002082
:105E4000D34D6210983A0020AC9000200023024904
:105E5000024A0B6013607047983A0020AC90002013
:105E60003B4B2DE9F04FDFF800911B68D9F800207B
:105E70006033384F9B1AA7FB0316B60906EB46069C
:105E8000A3B0A3EB4616002A5FD080460024324D13
:105E9000DFF8D8A0DFF8D8B012E0D1F810C0702138
:105EA000BCF1000F08BF844606A8CDF800C003F07F
:105EB00055FE06A8C047D9F800300134A34244D9A2
:105EC0003319A7FB0312920902EB4202A3EB421221
:105ED0009000831805EB830191F804C055F8233036
:105EE000BCF1010F16D0BCF1020F1C481C4AD4D0E3
:105EF0004A8991F808C0C879049291F806E04A7975
:105F0000CDE9020CCDE9002E7021164A06A803F057
:105F100025FECEE78979DFF85CE0A1F1610C5FFA3C
:105F20008CFCBCF1110F88BFDC46024405EB8202F9
:105F3000928998BF5EF82CC00091CDE901C2702112
:105F4000524606A803F00AFEB3E723B0BDE8F08F7F
:105F5000983A0020ABAAAAAA905000208CDB01102E
:105F600098DB0110C8DB0110AC900020ACDB011005
:105F700090DB0110D0DA0110704700BF704700BFFE
:105F80000020704738B50C463F31054605F08EFAC3
:105F900008B9002038BD04F14601284605F086FA0C
:105FA0000028F6D0054C28464FF40063044A01212E
:105FB000257005F0BDFA4D2038BD00BFDC900020F3
:105FC000105800200AB9012901D0012070472DE99D
:105FD000F04F092B89B014461E460D46074659D985
:105FE000DFF8FC8298F8009098F80530D8F801A006
:105FF0004846039398F806B0FFF746FE0AF10A03F5
:106000009E42C0F01B81A9F16103112B00F2FE80BA
:10601000DFE813F0D900C300B000FC00B000FC00C2
:10602000FC00FC009100FC00FC00D900D900FC0041
:106030006000FC00FC004B000121A44BA44A197035
:10604000A44B039983F800B0117001F047FCA146FE
:10605000884658EA0902034600F032814FF47A720A
:10606000002316F061FB9C4A00F59C402030106034
:1060700001F034FC00250C4654EA0502034600F00A
:106080001A814FF47A72002316F04EFB934B00F501
:106090007A70186038464FF40063914A012105F088
:1060A00047FA012009B0BDE8F08F812200248D4B12
:1060B00011461A608C48039A844D5A7183F806B0D1
:1060C0001A461C71DC711C8100780A232C7005F0C3
:1060D0002FFADFE740F2F673844A06931568814C85
:1060E000002D00F0C0800093514604F10A0206AB77
:1060F0007F48A847002800F0B680069A02F10A03FC
:10610000B3F5006FC6D8002180250398160A607188
:1061100075482570E171150E2181110C6270E170D6
:106120009BB2A670224681212571007884F806B0C2
:1061300005F0FEF9AEE7BAF1000F04D098F80A4076
:10614000002C3FF479AF4FF420736A4A6549908878
:10615000039A48814A71644A0B60107800240A4609
:106160000C2381F806B00C71CC710C81812105F0F3
:10617000DFF98FE7812300255A4C5B4A19462360DB
:10618000039B1078637122460A232571258184F8C8
:1061900006B0E57105F0CCF97CE7574C2568002D79
:1061A00076D04FF49063534A4E491068039AC1F871
:1061B0000A004A714C4A0B601078002481F806B03E
:1061C0000A460E23CFE700244FF47E42234640F2D6
:1061D0008275ADF81C204349BDF81C00039AC881A4
:1061E0000C744148454C4A7181F806B00D600A466E
:1061F0000B71CB710B818DF81E30C1F80A40112351
:1062000081210078069405F093F943E749463C481C
:1062100003F090FF812300254226324C039A194651
:106220002360314B6271187822460A23257125813B
:1062300084F806B0E67105F07BF92BE781234FF077
:10624000420C284E284A19463360039B107873711C
:10625000347132460A23358186F806B086F807C0C5
:1062600005F066F916E700216F234FF420720398BA
:10627000638160711C4822602171E17121810C23CE
:10628000184A8121007884F806B005F051F901E739
:1062900001F024FB2B460A461343064606D04FF472
:1062A0007A72002316F040FA20607AE71548A0FBC6
:1062B00006308009F8E74FF47A70B3FBF0F0E5E6BA
:1062C0004FF47A70B3FBF0F0CDE600BFD69000201B
:1062D000D8900020D7900020545000205850002023
:1062E00010580020A4880020DC90002030230020DB
:1062F0001A58002004DC01108050002011100045C5
:1063000030DC0110D34D6210014B1878704700BF8C
:10631000D69000201B4B1A78002A32D0F0B40546E4
:106320000026194819491A4A077882B01E70097860
:1063300010784FF0900C95B9164B174C1B894FF401
:1063400020766381617122460C2381212571A7711A
:10635000E5712581266002B0F0BC05F0E9B84FF484
:1063600020730D4C2360617122460C23812126711C
:10637000A771E6712681A4F80AC002B0F0BC05F04E
:10638000D7B87047D6900020D7900020D890002032
:10639000DC90002004DC0110A48800202DE9F041ED
:1063A0002D4D2B780BB9BDE8F08101F097FA002351
:1063B0000A461343044628D000234FF47A7216F09D
:1063C000B3F9264B1B68C31A002B27DA244A13683B
:1063D000C31A002BE7DB802500260121214C224B2C
:1063E00027781B78214C00F57A701060204AA37141
:1063F0002181677126712560E57110780A23224694
:10640000BDE8F041812105F093B81A48A0FB0430A3
:10641000124B80091B68C31A002BD7DB2B78002B8B
:10642000C1D000264FF4207013490E4A0E4B0F4C7A
:10643000098912781B7861810D4920606271A3710E
:106440002671E6712681087822462E700C23BDE85D
:10645000F041812105F06CB8D69000205450002006
:1064600058500020D8900020D7900020A488002009
:10647000DC900020D34D621004DC01100123037076
:106480000048704710DC011008B5054B186000F09B
:106490000FF8BDE808400021084605F0A5BE00BF82
:1064A00030230020014B1868704700BF8050002047
:1064B00010B588B006A803F053FF9DF81E009DF8A4
:1064C0001D109DF81C209DF81B309DF81F40CDE944
:1064D0000121CDE903040093044A9DF81A302021DC
:1064E000034803F03BFB08B010BD00BF60DD0110A6
:1064F000FC1300200048704708DD01100048704779
:1065000054DC011070B540B940F209424FF44173B8
:10651000144E14487280338070BD032820D8124B6B
:1065200053F820402046002CF6D015F017FC1F2809
:1065300001460C4E28BF1F2150B13046631E9A1CE5
:106540005D78121B914220F8025F03F10103F6D837
:106550004B1C5B0043F440739BB233800148DBE784
:10656000002070BD1036002094DD01102DE9F047A9
:10657000017882B0002900F0B8800B0600F1A980F4
:10658000DFF8948208EB41035B78002B00F0A180D8
:10659000074600259E4E18F811208DF80030002A7D
:1065A00014BF4FF002094FF000098DF80150ADF80B
:1065B0000250ADF8045001F091F92B460A461343FE
:1065C0002CD04FF47A72002316F0AEF800F5FA746E
:1065D0000FE04FF47A72002316F0A6F8001B002893
:1065E00017DA4FF0FF30002104F020FB012001F00A
:1065F000C7F8002005F0E4FB824698B901F06EF977
:1066000053460A461343E4D1A6FB003CD4EB9C134B
:10661000E7D40024204602B0BDE8F087A6FB003492
:10662000A009D3E700214A466B46084605F0E4FB83
:1066300000214FF0FF3004F0F9FA072001F0A0F834
:1066400001F04CF900230A461343044649D04FF4A5
:106650007A72002316F068F800F5FA740FE04FF430
:106660007A72002316F060F8001B0028D1DA4FF090
:10667000FF30002104F0DAFA012001F081F8002057
:1066800005F09EFB814658B901F028F94B460A46B1
:106690001343E4D1A6FB003CD4EB9C13E7D4B8E74A
:1066A000002319461A46184605F0A6FB00214FF0B4
:1066B000FF3004F0BBFA072001F062F817F8011F61
:1066C00099B10A0605D408EB41035B78002B7FF4EF
:1066D00062AF00244F4803F02DFD204602B0BDE814
:1066E000F087A6FB0434A009B6E728230026009310
:1066F000ADF8046001F0F2F835460C4654EA0502A4
:10670000034629D14248A0FB0323980900F5FA76F5
:106710003F4F10E04FF47A72002316F005F8801B0B
:106720000028BFF676AF4FF0FF30002104F07EFA6C
:10673000012001F025F8002005F042FB044688B94D
:1067400001F0CCF823460A461343E3D1A7FB0035FA
:10675000D6EB9513E7D45CE74FF47A72002315F07B
:10676000E3FFD3E700226B461146104605F044FBD9
:1067700000214FF0FF3004F059FA072001F000F833
:1067800001F0ACF800250C4654EA050203462AD075
:106790004FF47A72002315F0C7FF00F5FA761C4F0C
:1067A00010E04FF47A72002315F0BEFF801B002822
:1067B000BFF62FAF4FF0FF30002104F037FA012071
:1067C00000F0DEFF002005F0FBFA044680B901F07E
:1067D00085F823460A461343E3D1A7FB0035D6EBE1
:1067E0009513E7D415E70A48A0FB03239809D4E7DB
:1067F000002319461A46184605F0FEFA00214FF00C
:10680000FF3004F013FA072000F0BAFF02E700BFE0
:10681000D34D6210A4DE0110A4DD011000487047C2
:106820001CDD011000207047704700BF30B44FF4EA
:1068300080750B4BC20053F8204002F1804203EBFD
:10684000800384F0400404F0C00403F5805002F596
:10685000203203F54053046051601D6030BC704726
:1068600004800340002915BF082300230C210421C4
:10687000002A08BF1946064B53F8202003EB80037B
:106880004A4002F00C0203F580531A60704700BFC3
:106890000480034030B4002343EC440043EC400048
:1068A00005254FF480740B4BC20053F8201002F101
:1068B000804203EB800381F0400103F5805001F03A
:1068C000C00102F5203203F54053016055601C60A1
:1068D00030BC7047048003400FB400B583B0049C03
:1068E000074803F057FB44B105AB20461946019316
:1068F00003F05AF9034803F04DFB012003F06CF953
:10690000CCDE0110A8EB0110F8B5EFF3108C72B6D5
:106910000F4ED6E8CF5F0123002DFAD1C6E8453FE0
:10692000002DF6D1BFF35F8F0123CF0801F00705DB
:10693000C45DAB4014EA030506D12343C355C6E842
:106940008F5F8CF31088F8BD1046FFF7C5FF00BFBE
:10695000EB900020F8B5EFF3108C72B61F4FD7E81C
:10696000CF5F0124002DFAD1C7E8454F002DF6D1A5
:10697000BFF35F8F9A4221D84FF0010ED408065D15
:1069800002F007050EFA05F52E42044409D121E074
:10699000D408065D02F007050EFA05F52E42044400
:1069A00018D001329342F3D24FF0FF300023C7E8F2
:1069B0008F3F8CF31088984207DBF8BD0023C7E8AF
:1069C0008F3F8CF310884FF0FF300029F5D00698E8
:1069D000FFF782FF354325701046E7E7EB90002074
:1069E000044A1078431CDBB2172B88BF10231370A6
:1069F000704700BF1C14002000B5064B83B0014651
:106A0000009318221F230448FFF7A4FF03B05DF88A
:106A100004FB00BFDCDE011014330020024A1368BF
:106A200043F000531360704708E000E00021044B7E
:106A300003F12002C3E88F1F01339342FAD170475C
:106A4000E09000204FF0803330B40A480A490B4AE6
:106A50000B4D0C4C03600B6013602B602360436193
:106A60004B6153616B61636183628B62936262B657
:106A700030BC704700E400E004E400E008E400E01B
:106A80000CE400E010E400E0012300F01F0293405A
:106A9000400941B1800000F1604000F56140C0F85C
:106AA000803103607047024A203042F8203070473E
:106AB00000E100E0F8B50E46EFF3108772B6124D14
:106AC000D5E8CF2F0123002AFAD1C5E8423F002A9A
:106AD000F6D1BFF35F8F0D4B00F110049B680C4A99
:106AE00053F82430934203D0994201D001F032FA96
:106AF000064B9B6843F82460BFF35F8F0023C5E813
:106B00008F3F87F31088F8BDE990002000ED00E08A
:106B1000110100102DE9F04F83B08246019190469B
:106B2000EFF3108372B6DFF8E8B10093DBE8CF2F04
:106B30000123002AFAD1CBE8423F002AF6D1BFF365
:106B40005F8F6C4D95F900C0BCF1000FC0F2B780AB
:106B5000694C0CEB4C0304EB83039A79674B2A7066
:106B60009B680AF1100A53F82A000CEB4C07031B30
:106B7000BF002F2B04EB07092FD9614B984240F03F
:106B8000AA80BA1C5F4B22449B1AC3F34A036FEAE4
:106B9000C3434FF421406FEAD3434BF60151FF2228
:106BA000E053A9F80230019B49F0010089F8078001
:106BB000C9F80830A9F8041089F806204F4B9B68E3
:106BC00043F82A00BFF35F8F0023CBE88F3F009B81
:106BD00083F3108803B0BDE8F08F20F0010E9EF81B
:106BE0000730434513D99EF90630002B7CDB7246F3
:106BF00004E091F906302A46002B65DB03EB4301E4
:106C000004EB8101CE790D464645F2D852BB4FF4D4
:106C10002146BB1C3B4A23443B48D21A3B1DE51886
:106C2000C2F34A02AEF1040302435B1BE653C3F313
:106C30004A03A9F80220354D019A0343A9F804300C
:106C40004AF6AA2189F80780C9F8082073461B1B59
:106C50005B415943090D49F0010089F80610CEF84F
:106C60000050ABE792F90630161D002B3EDB9188F1
:106C7000490533D46FF0070549150231ED1B06EBCA
:106C800041012D1B2944C1F34A0141F46041A9F19E
:106C90000405AD1BC5F34A056FEAC5456FEAD54546
:106CA0001A4E82F806C09580E65189F80630019B9D
:106CB000A9F8041089F80780C9F808307EE701F0C8
:106CC00049F995F900C043E795F906302E1D2A468B
:106CD0004BF60151DBE701F03DF952E701F5FF11F9
:106CE00001F5FF511F31C5E77546EFE74BF601513E
:106CF000CDE700BFD29000202014002000ED00E07E
:106D0000110100104C14002000E0FFFF01488047F3
:106D1000E99000202DE9F04F83B0EFF3108A72B6AE
:106D20006E4FD7E8CF2F0123002AFAD1C7E8423FA0
:106D3000002AF6D1BFF35F8F694B00F110089A6803
:106D4000684B52F828509D423BD08D4247D0664C4C
:106D50002B1B2F2B35D84FF0010B4FEA50194FEA60
:106D6000890909F1604909F56149D9F8002000F065
:106D70001F000BFA00FB0E460BEA0202C9F880B0B6
:106D8000BFF35F8FEFF30581C9B269BB25F0010C3A
:106D9000DCF808309CF906009E420BD197E000EB2E
:106DA000400E04EB8E0EDEF808309EF906009E427F
:106DB00023D0F4460028F2DA9AB1C9F880B1C9F8B4
:106DC00000B0474B9B6843F82850BFF35F8F002308
:106DD000C7E88F3F8AF3108803B0BDE8F08F1D46E7
:106DE000EFE7C9F880B0ECE78845CFD0CDE90012D5
:106DF00001F0B0F8DDE90012C8E700283ADB4100F5
:106E00000E1804EB8606B36896F807C0CEF8083073
:106E100096F906308EF807C0002B8EF8063040DB5E
:106E2000B688760504D506F5FF1606F5FF561F361B
:106E30006FF007034FF00C0C009304231CFB00338E
:106E40007615023603EB46036FF007062344A6EBE4
:106E50000E063344C3F34A0343F46043234E014414
:106E600004EB81043178AEF804303070A171002A4F
:106E7000B7D0A2E7C1B9FF214BF601538CF8061039
:106E8000ACF8043019484AF6AA2306787146091B63
:106E900049414B431B0D8EF806600370002AA0D0B9
:106EA0008BE74BF60153D9E711491248A1EB0E01CC
:106EB000C1F30A336FEA03536FEA135340EA5101F7
:106EC000AEF80430AEF80610002A8AD075E7002824
:106ED000E64694DA0029E7D1024DD3E7E990002095
:106EE00000ED00E01101001020140020D2900020DD
:106EF0005214002000F8FFFFF0B5EFF30585EDB266
:106F0000EFF3108772B62649D1E8CF2F0123002A6C
:106F1000FAD1C1E8423F002AF6D1BFF35F8F214E7C
:106F200040F0010CB2684AF6AA2352F825E0044664
:106F30001D4AA41A644163431B0DE6455BB21BD096
:106F400092F906409C421CD092F912409C4223D0F8
:106F500092F91E409C4221D092F92A409C4208BFDF
:106F600003240FD0114A0024157813708571C1E8ED
:106F70008F4F87F31088F0BDB2680D4C42F8254062
:106F8000F0E70024FF264BF6015504EB440402EB26
:106F9000840296719580E5E70124F3E70224F1E786
:106FA000E990002000ED00E020140020D2900020A5
:106FB00011010010014B194401607047E09000205E
:106FC0002DE9F041154E164FBE4224D24FF0FF0876
:106FD00034460DE0FFF704FD01463046FFF7EAFFB7
:106FE000A4F80480BFF35F8FBD422C462E4612D218
:106FF000254655F8083B002BECD1FFF7F1FC014684
:107000003046FFF7D7FF84F80480BFF35F8FBD429F
:107010002C462E46ECD3BDE8F08100BF001D0020B9
:10702000081D002010B50446FFF7DAFC0146204693
:10703000FFF7C0FFFF232371BFF35F8F10BD00BFB9
:1070400010B504460120FFF7D7FC034B184420601D
:10705000BFF35F8F10BD00BFE09000200E4B10B457
:107060001A68EFF3108172B6D2E8CF4F0120002CDE
:10707000FAD1C2E8440F002CF6D1BFF35F8F002293
:107080001B68C3E88F2F81F3108840BF00200021C8
:107090005DF8044B704700BF186000202DE9F04FE9
:1070A00093B0EFF30583DBB2103BBD4A9808BD49AE
:1070B00000280DBF9146894604220022012103F0D9
:1070C0000306B94809F54153B1403244CDF8149054
:1070D0000996DDE9009A089150F822B05960CDE98F
:1070E000004539E0BBF804301C0440F1BF809BF838
:1070F0000630002B40F02381BBF90820002AC0F2A3
:107100007981DBF8143002EB420203EBC202D2E9D0
:1071100002677B1C08BFB6F1FF3F0ED0059C0999A2
:10712000A06A04EB81021369311A1B1A994203D336
:10713000236A08990B4200D11661059800F0C4FB40
:10714000331A029367EB01030393DDE90234012B49
:1071500074F1000380F24E81BBF908600598089A2B
:10716000002EC263BEDBDBF8147006EB460807EBAB
:10717000C802D2E902450A9200F0A6FB001B61EBAF
:10718000050106900791DDE90612002972F1000160
:10719000A8DB002C75F10001C0F20A810A9A13697C
:1071A0005169824A934200F035810A9ABBF908007E
:1071B000528842EA0040984702460B4652EA0301D1
:1071C00000F0F680002A73F1000180F21781A11A05
:1071D0008E4665EB03010A9B37F938C01A46BCF1AD
:1071E000000FC2F808E0D960FFF67CAFDBF814307E
:1071F0000CEB4C0003EBC000D0E90252BEEB0504DF
:1072000061EB02020D920C94DDE90C45002C75F146
:107210000002FFF667AFCDE90A9AABF808C0C24694
:10722000DDE90E89F4460BE09468BCEB0408D468F1
:1072300061EB0409B8F1000F79F1000409DB104695
:10724000B0F900E00EEB4E02BEF1000F03EBC202FC
:10725000EADACDE90E89D046DDE90A9A27F838E066
:107260000680BBF804301C043FF541AFDBF810305A
:10727000EFF3108272B6D3E8CF0F01210028FAD1C4
:10728000C3E8401F0028F6D1BFF35F8F4FF6FF71B0
:10729000BBF804E0DBF81030ABF804100FFA8EFEF8
:1072A0000021C3E88F1F82F310888E45FFF61FAFC1
:1072B000DDE900450BF1080C6146DBF81470BBF901
:1072C00008200EEB4E0807EBC803002AD3E9020C96
:1072D00064DB02EB420307EBC303DE6800969E68A3
:1072E000B0EB0609009E6CEB060AB9F1000F7AF1CB
:1072F000000653DB009108E09968441AD9686CEBEA
:107300000105002C75F1000108DBB3F900201E46D1
:10731000002A02EB420307EBC303EDDA0099A6F85B
:1073200000E037F938E027F83820BEF1000FC6DA60
:107330009BF80630CDE90045002B3FF4DDAE00237D
:107340008BF80630BBF908300BF1080E581C51D0F1
:107350001A46DBF8146004E08646791C3B463FF48D
:10736000CDAE03EB430106EBC100B0F802C036F925
:1073700031701CF4004FEFD04FF0FF344FF0FF3569
:107380009342C0E90245E8D0AEF80070BBF80800AF
:107390001A4626F83100ABF80830DEE70E46BEE7A5
:1073A00000000B4000800B40605000209D700010DA
:1073B00037F83820DBF81030ABF80820EFF31082F4
:1073C00072B6D3E8CF0F01210028FAD1C3E8401FDD
:1073D0000028F6D1BFF35F8FBBF80230DBF8101046
:1073E00027F838300023ABF80260C1E88F3F82F302
:1073F000108877E640BF13B0BDE8F08F0598CDE95F
:10740000102300F061FADDE910238018864643EB73
:107410000101E0E60B690846109198470028C7D0A3
:107420001099D1E90023C9E62DE9F84F384C2569B8
:107430002DB1BDE8F84F0A213648FFF7BBBD032147
:10744000DFF8E8800E46404600F02CFAC4F80C80C5
:10745000FFF7C6FA4FF0504B4FF6FF724FF00F0A8E
:107460002D4B267018442D4BDBF800B0A3606369E8
:107470002061A28084F801B0A4F802A01A804FF025
:107480000402A3F878204FF00502A3F890204FF0F3
:107490000602A3F8A8204FF00702A3F8C0204FF07F
:1074A0000902A3F8F0204FF00A02A3F808214FF0D8
:1074B0000B02A3F820214FF00C024FF0020E082718
:1074C0004FF00D0C4FF001090E21A3F83821144A9A
:1074D0001D83A3F86060A3F848E0A3F86811A3F83F
:1074E0003090A3F8D870A3F850C13046C8F8207087
:1074F0000C49D460FFF7DEFA49463046FFF7C4FA7C
:10750000094B0A211F600348BDE8F84FFFF752BD41
:107510006814002018600020E0900020FFFF100099
:10752000605000209D70001040200B4000000B4078
:10753000F0B501461F4616460369EFF3108072B698
:10754000D3E8CF4F0122002CFAD1C3E8442F002CFE
:10755000F6D1BFF35F8FB1F90240D1F814C004EB4C
:107560004405ED00002CA8BF3CF805300CEB0502EB
:10757000A8BF4B804FF0000E0B69C3E88FEF80F37C
:107580001088744533DB05985388106101330698E1
:10759000C3F30E035061C2E90267002B24D01846E2
:1075A000538040EA04400B69EFF3108272B6D3E8CF
:1075B000CF7F0126002FFAD1C3E8476F002FF6D105
:1075C000BFF35F8F8B880E692CF8053000238C8009
:1075D000C6E88F3F82F310880122CB68097803F553
:1075E00001538A405A60F0BD01200346D8E74FF0AE
:1075F000FF30F0BD42890B149A4236DD426903EB3D
:10760000430302EBC30370B40269EFF3108472B654
:10761000D2E8CF6F0125002EFAD1C2E8465F002ED6
:10762000F6D1BFF35F8F5A8889B292B28A4207D0EF
:1076300003690020C3E88F0F84F3108870BC704783
:1076400042F400425A800123016983710022C1E89B
:107650008F2F84F3108870BCC268017802F5015244
:1076600003FA01F11846516070470020704700BFCF
:107670002DE9F04F831F85B0029341F1FF3303934F
:10768000DDE90234A14208BF984206460F4603D204
:1076900000230024CDE9023400F020F9DDE90245A1
:1076A000B4EB000A65EB010BBAF1010F7BF10003AB
:1076B00006DA3046394605B0BDE8F04F00F04EB965
:1076C00000F00CF9DDE90245B4EB000865EB0109B7
:1076D000B8F1000F79F100030ADB0022194B1A48B8
:1076E000CDE90032DDE90223FFF722FF0028E0DBCD
:1076F000DDE902344FF0000C25461C461348144ABD
:10770000436A9D4204D8816A8C42D2D99D42D0D12D
:107710001368EFF3108172B6D3E8CF8F5FF0010EDC
:10772000B8F1000FF8D1C3E848EFB8F1000FF3D17A
:10773000BFF35F8F1368C3E88FCF81F3108820BF3A
:10774000DEE700BF5D7000106814002000000B40F1
:1077500018600020F8B506460F4600F0BFF8341850
:1077600047EB0105002C75F10003BCBF4FF0FF345F
:107770006FF0004520462946BDE8F840FFF778BF86
:1077800010B5044600F0AAF84FF47A73E3FB040145
:10779000BDE81040002871F10003BCBF4FF0FF307E
:1077A0006FF00041FFF764BF2DE9F04F85B0EFF3B4
:1077B0000584E4B274B1384B5D6A8D4203D2002077
:1077C00005B0BDE8F08F9B6A834255D3012005B018
:1077D000BDE8F08FDFF8C8B08246DBF80C600D46DC
:1077E00030469BF8007000F06FF88C4600213A1D7F
:1077F00056F82230BAEB0008A3EB000065EB0C0949
:10780000804579EB01030DDB20BF234B586AA8426A
:10781000D5D39B6A5345D9D2401B18BF012005B070
:10782000BDE8F08F00F05AF8BAEB0003029365EB65
:1078300001030393DDE90223002A73F1000321DB36
:10784000164B01940093584652462B46FFF770FEA4
:10785000011E17DD104B5A6AAA421AD39B6A534580
:1078600015D30F48FFF7C6FE0B4A506AA842A6D3AD
:10787000926A5245AAD2CFE7681A18BF012005B014
:10788000BDE8F08F044B586AA842C2D297E7AA42DB
:10789000E7D120BFE5E700BF00000B405D7000109E
:1078A0006814002010B4054B054C064AA04214BFD2
:1078B0001846581C5DF8044BFFF726B81833002013
:1078C00000800B40F8DE01100246416A00E01946D4
:1078D000906A536A9942FAD1704700BF044A516ACC
:1078E00000E01946906A536A8B42FAD1704700BF94
:1078F00000000B40184A2DE9F0030F460646516A76
:1079000000E01946946A536A8B42FAD1341957EB56
:1079100001054FF000084FF0000924BF4FF00108A7
:107920004FF0000958EA090318BF4FF0FF33204613
:107930000CBF2B46184608494A6A9A42FCD3934228
:1079400007D1054A02E0516A994202D1916A814207
:10795000F9D3BDE8F003704700000B40084A536AB2
:107960009942FCD899420AD1054B9A6A904203D8B1
:1079700005E09A6A824202D25A6A9142F9D070476F
:1079800000000B40F8B5054606200E4600F0A6F9AB
:10799000002842D0354A364895420CBF4FF000626D
:1079A0004FF08062334B344902601A600C6832EA4F
:1079B0000404FBD12D4B4FF48071EB1AB3FA83F31F
:1079C0002E4A5B09062022F8131000F087F9C00048
:1079D000B0FBF6F00130C30920D1402401226A62D5
:1079E000AB622F6BFB0722D42B46002253F82C1FCF
:1079F000062003F5805632602F6300F06FF940F2E5
:107A0000013103228000B0FBF4F0EB6A83F07003D5
:107A100003F07E0333602963AA64F8BD4FF6FE725B
:107A200093421BD923464FF6FF72154CD7E740F21D
:107A3000013205F540531A636B6AAE6A062006EB05
:107A4000831600F04BF90F4BB602A3FB0023DB0AB1
:107A5000B6FBF3F00021FFF74DFFC5E7C0F345008B
:107A600000EB83141A460346B9E700BF00800740C5
:107A70000020024000300240080002400091002037
:107A8000C0FF3F00757B2B8FF8B5044606200D46DE
:107A900000F024F9C000B0FBF5F10131CB0908D0AA
:107AA0004FF6FE7293421AD900234FF6FF721B4E17
:107AB00001E0402601226262A362256BEB0715D428
:107AC0002346002253F82C1F062003F580531A602A
:107AD000256300F003F98000B0FBF6F0F8BDC1F3B8
:107AE000450101EB83161A460B46E4E740F20132EA
:107AF00004F540531A63636AA76A062007EB8317ED
:107B000000F0ECF8064BBF02A3FB0030C00AB7FB45
:107B1000F0F00021FFF7EEFED2E700BFC0FF3F000C
:107B2000757B2B8FF8B5541EE400053944EA4114E7
:107B3000054633B144F00202012B14BF144644F051
:107B400006042E6BF3070AD42B4653F82C1F4C4027
:107B500004F06E0403F580531C602E63F8BD40F200
:107B6000013205F540531A636B6AAF6A062007EBD2
:107B7000831700F0B3F8054BBF02A3FB0030C00A27
:107B8000B7FBF0F00021FFF7B5FEDDE7757B2B8F2B
:107B9000F8B5066B00290CBF00241024F307054636
:107BA0000AD42B4653F82C2F544004F0100403F54C
:107BB00080531C602E63F8BD40F2013200F5405343
:107BC0001A63436A876A062007EB831700F086F87A
:107BD000054BBF02A3FB0030C00AB7FBF0F0002149
:107BE000FFF788FEDDE700BF757B2B8FF0B500EB5C
:107BF0004004A40004F1804404F580346568061F45
:107C0000B5F5803F38BF4FF48035F6B238BF6560B8
:107C1000012E964604F540552ED94FF4006C2E4F98
:107C2000C5F800C057F82050EDB17A69B2FBF5F500
:107C3000013505EB4505033DFDD2256804F5805C63
:107C400085EA4E1505F0E005012ECCF8005027D945
:107C50004FF400614FF4803247F8203004F50053B0
:107C600019606260F0BD256804F5805185EA4E1503
:107C700005F0E0050D60EBE701291DD04FF4006C25
:107C8000154FC5F800C057F82050002DCDD12568FC
:107C900004F5805C85EA4E1505F0E005CCF800504F
:107CA000012522688D40514001F00301CCF80010FD
:107CB000A2682A42FCD0CBE703262E60A568EA071B
:107CC000FCD5256804F5805C85EA4E1505F0E005D5
:107CD000CCF80050004FE3E7E4350020014B53F8A7
:107CE00020007047E435002070B41E4D039CB5FBA6
:107CF000F1F5B2FBF5F205682403002D44EA0343D5
:107D000020DB194D194EA8420CBF4FF400454FF42B
:107D10008045174C3560A6F5FF56183E256034683F
:107D200035EA0404FBD1212500F5405404340160F8
:107D3000826025600268002AFCDA0822C3602260A3
:107D400070BC7047046804F03F048C42D9D1846849
:107D5000C4F30B049442D4D1C46804F4EE249C42CE
:107D6000CFD1EDE7001BB7000080054000200240A6
:107D70000030024030B44FF080441D4B1C6000289E
:107D80002DD01C4C40F001001B4DA3F54053444046
:107D9000DD611C62596298624FF080454FF0E061EE
:107DA000134B1648164C1D600460196032B930BC84
:107DB0004FF00042A3F580531A6070474FF47A7376
:107DC00003FB02F2B2F1807F0CD20E4B1A604FF02F
:107DD000804130BC0C480D4B4260196070470A4B23
:107DE000D861D9E76FF07F4306491A460B60EEE78A
:107DF00000B00D402D3FF84FD3C007B008A00140A0
:107E0000F3FFFF01903A002000800D4000A00D40DC
:107E1000012300EB4000800000F1804000F5841059
:107E200041600360704700BF162370B51B8805468C
:107E30000E46002242E800F2520254BF10210421F3
:107E400044F252209847044633462A46A446BDE8E9
:107E500070400A214FF48170604700BF16231B88D1
:107E6000002242E800F2520201D4102118470421F6
:107E7000184700BF08B50B46014628B190FAA0F19B
:107E8000B1FA81F143F020031846FFF7CDFF00BFA0
:107E900008B50B46011E02DB22B143F03003184641
:107EA000FFF7C2FF43F02003F9E700BF162330B508
:107EB0001A8887B00446002343E800F35B0254BFEE
:107EC0001021042145F24730904710220346052136
:107ED00001A89847052802D0002007B030BD02ADA8
:107EE0000FCD206001206160A260E36007B030BD6B
:107EF000034A1368002BFCD0BFF35F8F704700BFAD
:107F000028080E400021044B044ABFF35F8F43F85A
:107F1000041B9342F9D170470C080E402C080E4008
:107F2000084B30B44FF42A654FF48D741A46064955
:107F300006481D60DC6008605368002BFCDA30BC2A
:107F4000704700BF0080044000A0044000B0FA0069
:107F5000704700BF08B50148FEF7BEFC1CDF0110EA
:107F600038B5084D084B9D420BD2013B5B1B23F0FB
:107F7000030304332C461D4454F8043B9847AC4299
:107F8000FAD138BDE8C7011028C80110074B30B43A
:107F90001946074C074D0848084A256003601368D6
:107FA00031EA0303FBD130BC704700BFF6FFF30397
:107FB000002002407F3BEFEF00300240080002400B
:107FC000044BDB6CB3F5004F03D14FF48022024B1E
:107FD0001A607047000011504C2011504EF6885323
:107FE00003F160431968034A0A431A6010EE300433
:107FF000704700BF030330006FF06041044B054A37
:1080000019601368DB4333F06043FAD1704700BF57
:10801000003002400800024010B545F25320FFF73F
:108020001DFFBDE8104003460420184710B545F277
:108030005320FFF713FFBDE8104003460120184707
:10804000FEF7F4BC70B52749274C284E641AA510DA
:10805000442D2A4628BF44223046920013F0E2FB0A
:10806000432D3AD8C5F1430133190529C3F38003E1
:108070001F4AC5F1440015D993B346F825206C1C5E
:10808000C01A2B4406EB8303410803EBC101C3E98B
:10809000002208339942FAD120F00103984204EB00
:1080A00003051AD06B1C442B46F8252015D0A91CBB
:1080B000442946F8232010D0EB1C442B46F82120FD
:1080C0000BD0291D442946F8232006D06B1D442BD4
:1080D00046F8212001D046F82320064B9E6070BD53
:1080E0002C46CDE700000010100100100000002019
:1080F0001101001000ED00E0002370B52C4C82B09F
:10810000C4F88430FFF70CFF01212246294B196087
:10811000536C012BFCD10321274A254B11609C6B2A
:10812000012CFCD1052502262B462146234A244852
:108130000096FFF7D9FD2B4621460095214A22489B
:10814000FFF7D2FD3146214B00220420FFF74EFD00
:10815000284621461E4B0022FFF748FD00221D4BFA
:1081600011460820FFF742FD00221A4B1146092054
:10817000FFF73CFD0022164B11460620FFF736FDA7
:108180000022134B11460720FFF730FD0420FFF7B4
:10819000A5FD0024104DA5FB0035AD0CE0B229462D
:1081A0000134FFF735FE062CF8D102B070BD00BFD8
:1081B000000001403C30014030300140002F685940
:1081C00000000540008C864700800540001BB7007A
:1081D00080D1F008006CDC0283DE1B4386B003B460
:1081E00051FC0804CDE9020151FC0904CDE9040168
:1081F00051EC0A04CDE9060103BCF047BDE800508C
:108200004EEC00C4BDE800504EEC01C4BDE8005087
:108210004EEC02C400BD000000B5FFF7DFFF02E036
:1082200010FE30F4F8D441EC100443EC112400EEBD
:10823000010410EE010480EE200451EC100470479C
:1082400000B5FFF7CBFF02E010FE30F4F8D441ECAC
:10825000100443EC112400EE010410EE210480EE22
:10826000200451EC3004704700B5FFF7B7FF02E07F
:1082700010FE30F4F8D410B541EC100443EC112496
:1082800051EC040453EC0524A0FB024C5FF0000EFB
:10829000E0FB03CEE1FB02CE4CEC20440024E1FBEA
:1082A00003E444EC30E480EE200451EC5004BDE8DB
:1082B0001040704700B5FFF791FF02E010FE30F468
:1082C000F8D441EC100443EC112451EC2104A0FB40
:1082D00001126FEA820252FB100052FB12F252FBB3
:1082E0001000A0EBD07C53EC04245CFB13F153ECA6
:1082F0001524A1FB022001FB030053EC4424A2EB54
:10830000000050FB1CF24FEA111312EB017043EB1B
:10831000E27140EA515020EA915020F0070053ECFE
:108320007524A0FB023C53EC752400FB03CC01FB3D
:1083300002CC53EC0424ACEB824C40EA5C70A0F11C
:10834000010041EC400480EE200451EC70047047C1
:1083500000B5FFF743FF02E010FE30F4F8D440EC24
:10836000700400EE010410EE210480EE200451ECB4
:108370003004704700B5FFF731FF02E010FE30F423
:10838000F8D440EC600400EE010410EE210480EE0D
:10839000200451EC3004704700B5FFF71FFF02E0E6
:1083A00010FE30F4F8D441EC800400EE010410EE2D
:1083B000010480EE400410EE1304704700B5FFF78F
:1083C0000DFF02E010FE30F4F8D441EC800400EE22
:1083D000010410EE010480EE400410EE33047047F7
:1083E00000B5FFF7FBFE02E010FE30F4F8D441ECDC
:1083F000100443EC112400EE010410EE3004C0F32D
:108400000070704700B5FFF7E9FE02E010FE30F49F
:10841000F8D443EC102441EC110400EE010410EEFA
:1084200030F48CBF01200020704700BF00B5FFF77B
:10843000D5FE02E010FE30F4F8D441EC100443EC19
:10844000112400EE010410EE30F42CBF01200020B6
:10845000704700BF00B5FFF7C1FE02E010FE30F428
:10846000F8D441EC100443EC112400EE010410EEAA
:1084700030F48CBF01200020704700BF38B505469E
:108480000C4612F097FE04FB05F420B1034A0444A5
:10849000944200D838BD0248FEF71EFA00000820BA
:1084A00028DF011012F0BEBE9A4238BF88547047D0
:1084B000704700BF2DE9F04F83B00F46019211467F
:1084C0009846DDE90EB39A070646DDF830900FD1E5
:1084D0000D9B5B450CD20A46ABEB03050D44541CC7
:1084E000434639462020B047AC422246F7D100E04F
:1084F0000D460D9B73B109EB030405EB040AAAEBCF
:10850000040214F8010D43463946B0474C45F6D1F4
:108510000D9B1D440F9B9B070DD5019BEC1AA3459A
:1085200009D92A460134434639462020B04701354F
:10853000A3452A46F6D8284603B0BDE8F08F00BF11
:108540002DE9F04FDDF83CC0DDE909E41CF0020F35
:108550009DF82C90DDE90C870E9E28D10CF0010BC4
:10856000002E65D1BC420FD21F2C88BF20240BD80F
:10857000651E4FF0300A754401E0202C04D0013410
:10858000A74205F801AFF8D8BBF1000F0FD0B442F5
:108590000DD21F2C5DD8651E4FF0300A754401E0E6
:1085A000202C56D00134B44205F801AFF8D11CF0AC
:1085B000100F2DD01CF4806F57D1002C51D1B8F181
:1085C000100F00F09680B8F1020F00F0898030247F
:1085D0008EF800400124B9F1000F1ED02D250EF8B1
:1085E00004500134CDE90B6CCDE909E4BDE8F04F4E
:1085F000FFF760BF202CF5D00EEB0407013478257F
:108600003D70202CEED030270EEB04052F70013486
:10861000202CE7D0B9F1000FE0D11CF0040F30D1CD
:108620001CF0080FDED020250EF804500134D9E7E5
:10863000BBF1000F31D0B9F1000F34D11CF00C0F99
:1086400031D1BC42A3D21F2C92D9202E01D8202494
:10865000ADE71CF0100F4FF02004C3D01CF4806F66
:1086600003D1A74221D0A6421FD0B8F1100F26D0C7
:10867000B8F1020FC5D1202CB4D00EEB04050134A3
:1086800034E02B250EF804500134CDE90B6CCDE914
:1086900009E4BDE8F04FFFF70DBFBC4287D21F2CA5
:1086A0007FF666AFD3E7013ECBE7651E12D0B8F187
:1086B000100F2ED0B8F1020F17D02C46A3E71CF0F4
:1086C000200F97D0202C8DD058270EEB04052F704B
:1086D000013496E7B8F1100F13D0B8F1020FECD1C6
:1086E00062248EF8004001248DE7754462272F70C4
:1086F00087E71CF0200FE7D178248EF80040012492
:1087000081E71CF0200FF7D058248EF80040012498
:1087100079E71CF0200FA4F10204D5D10EEB040779
:108720002C466CE700B9704701F0F0BB10B1D1E9FD
:1087300000311847704700BF2DE9F04F9DB0DDE9CB
:1087400026AB05460E460B921F46504659465246EA
:108750005B46FFF749FE002840F0E1804FF0FF3212
:108760007B4B50465946FFF779FE002840F0D780F2
:108770004FF0FF326FF4801350465946FFF746FE24
:10878000002840F0CC800022002350465946FFF7D5
:108790003DFE002840F0CB81CDE908ABDDE908893A
:1087A0002A9B13F480631193289B08BF0623289308
:1087B0002A9B58EA090203F40063109340F0CC802E
:1087C000002B00F0AC819FED607B00238DED0E7BD4
:1087D0000C93289B4FF0000919460C9BCDF8309064
:1087E00099421A46C9BF0A460023D31A03F1FF3340
:1087F00028932A9B43F480632A93299B4B4588BF87
:10880000A3EB09042A9B98BF002413F0020803D0AD
:10881000B9F1000F18BF00240C9B3BB1DDE9080142
:10882000DDE90E23FFF74AFDCDE908010022002310
:1088300050465946FFF7EAFD30B1DDE9080102462E
:1088400001F10043CDE908239DED087B2A9B289A7E
:1088500023F400630394029204938DED007B3B4666
:108860000B9A3146284600F09BF90446B9F1000FF7
:1088700064D02A9B224613F0200F14BF45206520A8
:108880003B463146A8470C9B04F1010A002B14AC6F
:108890001A46A446B8BF5A420020DFF8B8E009F1F2
:1088A000FF394FEAD37B02E020281A460DD0AEFBF9
:1088B0000213DB0803EB8301A2EB41013031092AEB
:1088C00000F101000CF8011BEED84FF0050C00215F
:1088D0000A23CDE9010BCDE903310094CDF81490C2
:1088E0005246CDF818C03B4631462846FFF728FED1
:1088F0000446B8F1000F21D00B9BA0EB0308299B85
:1089000043451BD90246994608F101083B463146CA
:108910002020541CA847C1452246F5D80EE02A9BCA
:10892000CDE900AB0493299B0B9A0393289B314616
:10893000029328463B4600F033F9044620461DB01A
:10894000BDE8F08FAFF300800000000000000000E1
:10895000FFFFEF7FCDCCCCCCC9F30A50A0F2FF30A3
:10896000FFF7FAFC8AA3D3E90023FFF781FC8AA36F
:10897000D3E90023FFF754FCC9F31304CDE90C013C
:1089800044F07F5100227C4B404641F44011FFF7F8
:108990005BFC6BA3D3E90023FFF76AFC02460B469E
:1089A000DDE90C01FFF73CFCFFF7FAFC0C90FFF748
:1089B000D3FC65A3D3E9002380468946FFF758FC22
:1089C00000226E4BFFF72CFCFFF7EAFC60A3D3E913
:1089D0000023044649464046FFF74AFC80462046AD
:1089E0008946FFF7B9FC5CA3D3E90023FFF740FCFD
:1089F00002460B4640464946FFF726FC02460B4618
:108A0000CDE90E23FFF734FC80468946DDE90E01EF
:108A100002460B46FFF704FC0022CDE91201584B39
:108A200040464946FFF74AFC0022564BFFF7F8FB49
:108A300002460B4640464946FFF740FC0022524B97
:108A4000FFF7EEFB02460B4640464946FFF736FC71
:108A5000DDE90E238046894600204FF08041FFF774
:108A6000F3FB02460B4640464946FFF7D9FB024658
:108A70000B46DDE91201FFF721FC04F2FF3400226E
:108A8000424BFFF7CDFB00222305FFF7F1FB8046A9
:108A900089460246CDE90E890B46DDE90801FFF75C
:108AA000B5FC00282FD1404649460C9B6333C72BA9
:108AB000109B34BF4FF004094FF00509002B3FF421
:108AC0009CAE50EA01033FF484AE25A3D3E9002312
:108AD000DDE90801FFF7AEFC48B123A3D3E9002389
:108AE000DDE90801FFF792FC00287FF472AE289BB5
:108AF000002B3FF482AE119B002B3FF47EAE289BEF
:108B0000013B289379E61F4B404649460022FFF778
:108B1000D5FB0C9BCDE90E01013B0C93C5E79FED06
:108B2000147B0C938DED0E7B4FF0040965E60BF181
:108B30000043CDF820A0099330E600BFAFF30080DA
:108B400061436F63A787D23F71A379094F930A40AE
:108B50001655B5BBB16B0240EF39FAFE422EE63F27
:108B60002D431CEBE2361A3F0000000080842E41AA
:108B700000000000000000000000F83F0000E03F9F
:108B800000002C4000002440000018400000F03F8E
:108B9000FB799F501344D33FB3C8608B288AC63FEC
:108BA0002DE9F04F95B006460F46DDE91E019246CD
:108BB0009B4602460B46DDF88080FFF715FC002837
:108BC00040F04E82DDE91E014FF0FF326FF480135A
:108BD000FFF71CFC002840F04D81DDE91E014FF03D
:108BE000FF32B74BFFF73AFC002840F0F680AEA307
:108BF000D3E90023DDE91E01FFF730FC002840F037
:108C0000DA80ABA3D3E90023DDE91E01FFF7FEFB09
:108C1000002840F0D080DDE91E0100220023FFF78C
:108C2000F5FB002840F0F280229B0B9013F4806546
:108C300040F0FB809FEDA07B06248DED067BDDE9F7
:108C40001E01FFF7ADFB8146FFF786FB02460B4690
:108C5000DDE91E01FFF7F8FADDE90623FFF708FB5F
:108C6000CDE90801FFF7AEFB8046FFF787FB024620
:108C70000B46DDE90801FFF7E7FA0022914BCDE949
:108C80000801FFF7EBFB002800F0768108F10108EE
:108C90004046FFF773FBDDE90623FFF7CBFB18B176
:108CA0004FF0000809F10109002C40F017814846F7
:108CB000FFF752FB02460B46DDE91E01FFF7C4FA3F
:108CC0000022804BCDE90601FFF7A0FB40B9DDE9AA
:108CD000060100227B4BFFF7C1FB002800F0B381A7
:108CE0000DF1300E202D00F0D880774A4FEAE97C54
:108CF00082FB0930CCEBA00000EB8003A9EB43031F
:108D000014A93033294401F8203C6C1C002800F0E1
:108D1000B081202C00F0C18082FB00386B4BC11762
:108D200083FB0939C1EBA80101EB810114ABA0EB76
:108D300041011C443031DCEB691305F1020504F8F4
:108D4000201C15D00EEB0500202D4FEAE37100F03A
:108D5000A48082FB03C4C1EBA40101EB8104A3EB5B
:108D60004403303300F8013B01350B460029EBD1B9
:108D7000229B03F00303012B00F00E81202D00F055
:108D800074810B9B002B00F031812D2214AB2B44FE
:108D900003F8202C6B1C229ACDF800E00392219A54
:108DA0003946CDE9013230465B465246FFF782FB39
:108DB00015B0BDE8F08F9DED1E7B229B8DED007BF5
:108DC0000493219B5246CDE9028339465B463046E7
:108DD000FFF7B2FC15B0BDE8F08F229B3C4C03F0CE
:108DE0000403002B3B4B0EBF03251C460425229A8F
:108DF000219B0392029352465B4639463046CDE9A9
:108E00000045FFF757FB15B0BDE8F08FDDE91E23E5
:108E100000200021FFF718FA01230B93229BCDE9D4
:108E20001E0113F480653FF405AFB8F1090F40F25D
:108E300022813021B8F10A0F8DF8301000F017812F
:108E40008DF83110A8F102030DF13102A8F12004D0
:108E500004E0A34202F8011F00F0BF80092BA8EB39
:108E6000030503F1FF33F4D19FED0F7B09248DED52
:108E7000067BE4E60425229B174C0393219B524674
:108E8000029339465B463046CDE90045FFF712FBB9
:108E900015B0BDE8F08F0DF1300E229B03F00303F7
:108EA000012B78D0202376E70000000065CDCD416E
:108EB0000000000065CDCDC10000000080842E417F
:108EC000FFFFEF7F0000E03F676666661F85EB519E
:108ED000E4DF0110E8DF0110F4DF0110202DDAD00B
:108EE000704A14A8A2FB0831C90801EB8103A8EB62
:108EF000430330332844B8F1090F00F8203C04F153
:108F0000FF3C05F101037DD9202BC4D0A2FB010C4D
:108F100065484FEADC0CA0FB08E00CEB8C0CA1EBE5
:108F20004C010DF1500C63443031B8F1630F03F87C
:108F3000201C4FEA5010A4F1020C05F1020361D984
:108F40002C440DF1300E013C90460EEB03050CE075
:108F5000A8FB0021C90801EB8102A0EB42023032DC
:108F6000092805F8012B4FD90846202BA4EB030C48
:108F700003F10103ECD190E7DDE9080100224B4B3E
:108F8000FFF744FA00287FF48FAEB8F1000F55D1F7
:108F900008F1010888E62025219B002B3FF4EEAE66
:108FA0000B9B1BB9229B13F00C0F02D0219B013BA2
:108FB0002193219B9D42BFF4E1AE1F2D3FF672AF7E
:108FC000302219466B1E734401358D4203F8012F80
:108FD0003FF4D4AE202DF7D164E7354B202503EBC9
:108FE000C40393ED007B8DED067B28E6229B5A0798
:108FF0002FD41B0739D5202214AB2B4403F8202C87
:109000006B1CC8E60DF1300E202B3FF446AF1D4619
:10901000BCF1000F0BD030215A1E03EB0C0572443B
:109020000133202B02F8011F2FD0AB42F8D12E22A2
:1090300014AB2B4403F8202C013553E618F0010F34
:109040003FF432AEA4E719F0010F18BF09F101098E
:1090500046E62B2214AB2B4403F8202C6B1C9AE61B
:10906000229B03250393134C08E72B4693E6012527
:10907000FAE625467CE60E4B444603EBC80898ED1D
:10908000007B00258DED067BD9E5229A02F00302D4
:10909000012A7FF480AE219A002A3FF47CAE1D465F
:1090A0007EE700BFCDCCCCCC1F85EB510000E03F6C
:1090B00000E00110F0DF01102DE9F04F9846CC4E92
:1090C000CC4CCD4D1B7800299FB00891914614BF20
:1090D0008346B3462560289F002B00F0AF824FF0F7
:1090E000000A18465E460AE052464B4608990AF1C5
:1090F000010AB04798F80000002800F02E812528CA
:1091000008F10108F0D10023424612F8010BA0F14A
:109110002001154610291ED8DFE801F0191D1D1584
:109120001D1D1D1D1D1D1D111D0D1D1D090043F0C3
:1091300001039046E8E743F002039046E4E743F07A
:1091400004039046E0E743F010039046DCE743F069
:1091500008039046D8E7A0F13001092940F2D880F1
:109160002A2800F0088100242E2800F0E5804FF026
:10917000000BA0F16802122A00F2EA81DFE812F087
:109180001B01E8011401E8010801E801E801E80118
:10919000E801E801E801E8011300E801E801E8015D
:1091A000E801E801130098F8010043F4807305F129
:1091B0000108A0F12502532A96D801A151F822F006
:1091C0003F950010E9900010E9900010E990001020
:1091D000E9900010E9900010E9900010E99000106B
:1091E000E9900010E9900010E9900010E99000105B
:1091F000E9900010E9900010E9900010E99000104B
:10920000E9900010E9900010E9900010E99000103A
:10921000E9900010E9900010E9900010E99000102A
:10922000E9900010E9900010E9900010E99000101A
:10923000E9900010E9900010E9900010E99000100A
:109240007B950010119500107B950010E99000109F
:10925000E9900010E9900010E9900010E9900010EA
:10926000E9900010E9900010E9900010E9900010DA
:10927000E9900010E9900010E9900010E9900010CA
:10928000E9900010E9900010E9900010DD940010C2
:10929000E9900010E9900010E9900010E9900010AA
:1092A000E9900010E9900010E9900010E99000109A
:1092B000E9900010DD940010A3940010DD940010DC
:1092C0007B950010119500107B950010E99000101F
:1092D000DD940010E9900010E9900010E990001072
:1092E000E9900010E9900010DD9400105F940010E8
:1092F000E9900010E9900010CB930010E990001065
:10930000DD940010E9900010E9900010DD94001049
:10931000002401E09046013204EB840400EB440495
:109320001078303CA0F130010929F3D92E2808F13A
:10933000020590467FF41BAF98F8010043F4806368
:10934000A0F13002092A40F205812A2800F0348178
:10935000A8464FF0000B01350BE7B346D14594BF4B
:1093600009F1FF3252464B4608990020D847504633
:109370001FB0BDE8F08F57F8044B08F10205002C30
:1093800098F80100BCBF43F0020364429046EBE64C
:1093900098F801006C287FF408AF98F8020043F4B5
:1093A000407308F1030804E798F8010043F40073E0
:1093B00005F10108FDE698F80100682800F0378102
:1093C00043F0800305F10108F3E63A4652F8045BE6
:1093D00010922878BBF1000F00F01481002800F0F3
:1093E000B6830BF1FF314F1C2A4605EB070C07E053
:1093F000B1840010883A0020B9900010624504D072
:1094000012F8011F0029F9D1571B13F48062099249
:1094100002D05F4528BF5F4613F002030A9300F0B5
:109420006F81002800F05B81099B002B00F0F18028
:109430000997D3445246089F08E04B463946B04747
:1094400015F8010F0AF1010A10B15246D345F4D1C3
:10945000099F0A9B002B40F04281109F4AE657F873
:10946000042B002A40F0B38023F01000590540F08F
:10947000210040F1AE80114616AB0A930822CDE9D7
:1094800004B2102200230690039201910A9A0293DB
:10949000009252464B4608993046FFF751F88246F3
:1094A00028E60AF1010B3A1D98075D46099240F142
:1094B000FC8038784B4652460899B047012C0AD9AF
:1094C000089F54446B1C2A461D4639464B462020B3
:1094D000B047A542F6D1AA46099F0BE6782800F0CE
:1094E0002A81582800F0AC806F2800F00E82622894
:1094F00000F0DA8223F010026928099203F48062F6
:1095000040F02783002A00F058810A2310931AE1C3
:10951000462808BF43F02003CDE903430737CDF8C1
:1095200008B027F00707F7E802015246CDE900012D
:109530004B4608993046FFF733FB8246DAE50AF1DD
:10954000010452464B4608992520A246B047D1E572
:10955000A8462EE64FF0000B00E045460BEB8B0BC8
:1095600000EB4B0B6878ABF1300BA0F13002092A0D
:1095700005F10108F1D90235FBE500F0DF02472AC9
:1095800004BF00F0FD0043F40063452808BF43F02A
:109590002003CDE903430737CDF808B027F00707CC
:1095A000F7E802015246CDE900014B4608993046E2
:1095B000FFF7C2F882469DE557F8042B98F80200A1
:1095C00008F1030522EAE27B08F10208D1E543F045
:1095D000210016AB0A931C46002103E020293FF42A
:1095E0004DAF1A4602F00F05EBB2092D94BF303390
:1095F00037330F2A04F8013B01F101014FEA12133E
:10960000ECD83BE75F4600283FF4FFAE6FF0010166
:10961000E9E65246DDF820B04B465946B04715F80A
:10962000010F0AF1010A52460028F5D111E798F816
:10963000020043F0C00308F10308BAE59A468DE63C
:1096400023F00C0242F0200209925A0500F1BA8080
:10965000102203F400731092002B40F03281099A1B
:1096600007F1040C12F4807140F0008213465A0690
:1096700040F115823A78002A40F0FF80099820F0E6
:1096800010034505099340F1F88016AB0A930023B7
:10969000099ACDF810B0CDE90542109A01910392D4
:1096A0000A9A0293009252467FE0012C40F24C82CB
:1096B0000AF1FF331C44089D01E00BF1010B5246F7
:1096C0004B4629462020B047A345DA46F5D10BF199
:1096D000010A224638784B460899B047FCE6BC425E
:1096E00052467FF6BAAEA244089DAAEB070A541C64
:1096F0004B4629462020B04754452246F7D1ACE6D8
:10970000BC4207F1010340F21A8204EB0A030C94F5
:10971000089CDF1B0AF1010352469A4621464B463C
:109720002020B047BA45F5D10C9C2878671C00284A
:109730007FF47AAE91E6102103F48062109123F059
:109740000C0309931AB1099B23F0010309936928BB
:1097500003F4007302D064287FF47EAF002B58D14D
:10976000099A07F1040C12F4807140F0238150062D
:10977000134640F115813B781A46D80F0C9023BB55
:10978000099820F01003099343051ED516AB0A93E0
:109790005246099BCDF810B0CDE90543109B0393C9
:1097A0000C9BCDE901130A9B00934B460899304668
:1097B0006746FEF7C5FE82469CE40A2203F4007366
:1097C0001092CBE710231093BDE7099BCDF838A08A
:1097D00013F0200F16AB0A9314BF372757279E4666
:1097E000109802E0202911D05246B2FBF0FA00FB9B
:1097F0001A25092DEBB203F1300588BFDD19EDB252
:10980000824201F101010EF8015BEBD2DDF838A0D4
:10981000BEE7073727F00707F7E80223002A1946B3
:10982000CDE90A2373F10003104602DA404261EBEE
:1098300041010B9BCDE90E01D90F00230C9110992A
:1098400008461946DDE90A2313436CD1099A22F030
:1098500010030993530566D5002516AB0A93099B9F
:10986000CDF810B0CDE90543109B524603930C9BF5
:10987000CDE901530A9B00930CE6099BCDF830A07B
:1098800013F0200F16AB0A9314BF372757279E46B5
:10989000109802E0202911D05246B2FBF0FA00FBEA
:1098A0001A25092DEBB203F1300588BFDD19EDB2A1
:1098B000824201F101010EF8015BEBD2DDF830A02C
:1098C000E5E6073727F00707F7E80223CDE90C2381
:1098D0000022109B11461846DDE90C23134340F08B
:1098E0008880099A22F010035505099340F1818080
:1098F000002516AB0A93099A0023CDE90542109A78
:10990000CDF810B003920195C0E50822109209939A
:10991000642803F480627FF412AF002A7FF413AF4F
:1099200003F400731AE7099B002513F0200F14BFFE
:109930003722572216ABCDE911A4CDF84CB01497BD
:1099400015960A932E46DDE90E458246CDF83890ED
:109950008B461F46914603E0202E17D004460D4645
:1099600052465B462046294612F0DEFED2B2092A54
:1099700002F1300388BF02EB09035D45DBB208BF8B
:10998000544506F1010607F8013BE5D23546DDE90D
:1099900011A4DDE91476DDF84CB0DDF838905EE70F
:1099A0001A064CBFB7F900303B6883EAE372A2EBBA
:1099B000E372E2E63A6882EAE271D00FA1EBE2716B
:1099C0000E90002A73D1099820F0100245050992E3
:1099D0006DD516AA0A92099ACDF810B0CDE90542C4
:1099E000109A03920E9ACDE901320A9B52460093D7
:1099F000DBE6099B002513F0200F14BF3722572206
:109A000016ABCDE9114BCDF838A0139714960A93F5
:109A10002E46DDE90C458246CDF830908B461F4638
:109A2000914603E0202E17D004460D4652465B4671
:109A30002046294612F078FED2B2092A02F13003FC
:109A400088BF02EB09035D45DBB208BF544506F150
:109A5000010607F8013BE5D23546DDE9114BDDE9AA
:109A60001376DDF838A0DDF8309044E73968002936
:109A700041D1104622F01002400509923BD516AAAA
:109A80000A920021099A0193CDE905420A9B109A96
:109A9000CDF810B0039200935246029185E61B0662
:109AA0004CBF3A883A68E6E5022210922FE7099AFD
:109AB000CDF830A012F0200F16AA0A9214BF372753
:109AC00057279646109802E0202B11D05146B1FB43
:109AD000F0FA00FB1A15092DEAB202F1300588BF31
:109AE000D519EDB2814203F101030EF8015BEBD20F
:109AF000DDF830A06FE7099ACDF830A012F0200F02
:109B000016AA0A9214BF372757279646109802E0E4
:109B1000202B11D05146B1FBF0FA00FB1A15092D8C
:109B2000EAB202F1300588BFD519EDB2814203F1E6
:109B300001030EF8015BEBD2DDF830A0A1E71F4670
:109B400000287FF471AC88E45446DA46C1E5074644
:109B50005BE40A231093099BDAE600BF0CB410B54E
:109B600084B006AC54F8043B0A460094014604480D
:109B70000394FFF7A1FA04B0BDE8104002B07047AB
:109B8000A984001000B585B0CDE90201009302A9B7
:109B9000134604484FF0FF32FFF78EFA05B05DF828
:109BA00004FB00BF2D87001010B5094B84B01C6862
:109BB0004CB1034600914FF0FF3203A90548A0477E
:109BC000012004B010BD00F0E5F9204604B010BD3E
:109BD000883A00202587001000BEFDE7074A0346AB
:109BE000106838B1064903448B4294BF13604FF0AC
:109BF000FF307047034908461160F3E764360020E0
:109C0000000008200892002008B5FFF7E5FF00BF1C
:109C100038B5FEF7A5F9084D084B9D420BD2013B24
:109C20005B1B23F0030304332C461D4454F8043B10
:109C30009847AC42FAD138BD28C8011034C8011089
:109C400010B40C460368114620465DF8044B1847D3
:109C5000437D2DE9F0478846002B45D0002A39DDA9
:109C600015460A7882460A2A037D35D00020012D48
:109C70001FD044460121DFF87C9002E0B542314616
:109C800017D0277814F8012F4E1C0A2AF6D10D2F71
:109C9000F4D08842DAF8002004DA091A40449047E8
:109CA000DAF80020022148469047B5423046314656
:109CB000E7D1854204DD291ADAF80030404498479C
:109CC000454415F8013CA3F10D03B3FA83F35B0996
:109CD0008AF81430BDE8F087002BC7D10368022151
:109CE000044898470120C2E7036811464046BDE892
:109CF000F047184750E001102DE9F84F0B680E4669
:109D0000802B804606D05A1C3344326083F804808E
:109D1000BDE8F88F314B1C68002C4CD00F1DDFF8CC
:109D2000C49002E02469002C45D02268002AF9D0B2
:109D30002B4B1B680BB1A342F4D1637D3568002B1C
:109D400048D0002DEEDD3978237D0A293BD0002054
:109D5000012D1ED0BB46012102E05545514618D0C9
:109D60009BF800201BF801CF01F1010ABCF10A0F9A
:109D7000F3D10D2AF1D08142226803DD091A38445B
:109D80009047226802214846904755455046514623
:109D9000E6D1A84203DA291A2368384498473D449B
:109DA00015F8013CA3F10D03B3FA83F35B092375A6
:109DB0002469002CB9D1002301223344326083F896
:109DC0000480BDE8F88F002BC1D14846022190479E
:109DD0000120BDE7294638469047A3E750360020CA
:109DE0005C36002050E001102DE9F04782B00E46AD
:109DF00090469A460746FDF771FD0022304BC41885
:109E000041EB0205002C75F10003BCBF4FF0FF349D
:109E10006FF0004522462B462A4812F0C5FC731C01
:109E2000814603D1384611F099FF0646264B274D4F
:109E30001C68274BBAF1000F08BF1D46B4B1B8F13A
:109E4000000F1AD1DFF88C8001E0246974B1236817
:109E5000002BFAD0D8F800300BB1A342F5D1204640
:109E600032463946A8472469002CF0D1B9F1000FD9
:109E70001FD1304602B0BDE8F087DFF858804FF0C0
:109E80000A0A02E02469002CF0D02368002BF9D0E4
:109E9000D8F800300BB1A342F4D1324639462046FF
:109EA000A84701220DF1070120468DF807A0A84719
:109EB000E8E7044812F040FC304602B0BDE8F08705
:109EC00040420F00001D002050360020519C001021
:109ED000419C00105C360020084A136823B90AE050
:109EE00003F110021B6933B19842F9D129B9036912
:109EF00013600161704701B1106070475036002057
:109F000008B500F0EBF9012008BD00BFF0B583B043
:109F100006468DF80700FDF7E1FC0022194BC41836
:109F200041EB0205002C75F10003BCBF4FF0FF347C
:109F30006FF0004522462B46134812F035FC134BB8
:109F400005461C689CB1124F01E024697CB123686E
:109F5000002BFAD03B680BB1A342F6D12046012278
:109F60000DF10701FFF774FE2469002CEFD115B93C
:109F7000304603B0F0BD044812F0DEFB304603B0BB
:109F8000F0BD00BF40420F00001D002050360020F1
:109F90005C36002038B5044611F0E0FE012305468A
:109FA0001A4620462946FFF71FFF084B1C682CB1B4
:109FB00063682BB198472469002CF9D1284638BD35
:109FC0002469002CF4D1284638BD00BF503600204B
:109FD0002DE9F04FA3B006460F46FDF77FFC0022A7
:109FE0004E4BC41841EB0205002C75F10003BCBFB9
:109FF0004FF0FF346FF0004522462B46484812F0E0
:10A00000D3FB00243B468146324601A945480194D2
:10A01000FFF7B8FD019B80468BB9434B1C682CB100
:10A02000636853B198472469002CF9D1B9F1000F46
:10A030006BD1404623B0BDE8F08F2469EFE73A4B7F
:10A040001D68002D68D0394F394E02E02D69002D72
:10A050004CD02B68002BF9D03A680AB1AA42F5D14E
:10A060006A7DDDF804B0002A4BD0BBF1000FEDDDB6
:10A070009DF808102A7D0A293CD00020BBF1010F71
:10A080001FD002AC012102E0D345514619D094F80B
:10A0900000C014F8012F01F1010A0A2AF4D1BCF121
:10A0A0000D0FF1D081422A6804DD02AB091A184471
:10A0B00090472A68022130469047D3455046514682
:10A0C000E5D1834505DD02AAABEB00012B68104406
:10A0D000984722AB9B441BF8813CA3F10D03B3FAD4
:10A0E00083F35B092B752D69002DB2D10E4B0195C1
:10A0F0001C6894E7002AC0D130460221984701200D
:10A10000BCE7594602A89847A0E7054812F014FB9F
:10A11000404623B0BDE8F08F019587E740420F002D
:10A12000001D0020F99C0010503600205C360020F5
:10A1300050E001100FB400B583B004AB53F8040B2A
:10A1400019460193FFF744FF03B05DF804EB04B038
:10A15000704700BF00291EDD0F4A104B126870B413
:10A16000D31AB3FA83F30D260D4C5B09013834F989
:10A170001350441810F8011F8D4207D093699B06B5
:10A18000FCD4A0421160F5D170BC704793699B0666
:10A19000FCD41660F2E77047A490002000800740CE
:10A1A00000910020002925DD1D4B1A689369DB060C
:10A1B00020D430B4441E6518C0F102010819936917
:10A1C000DB06FCD4136804F8013FAC4202D093696B
:10A1D000DB06F3D5134B1B6853B150211346916333
:10A1E00053F8342F02F0380203F580531A6098B107
:10A1F00030BC70470B4B1B685BB1094B50211A6890
:10A200001346916353F8342F02F0380203F580535C
:10A210001A606FF0020070476FF00200E8E700BFBD
:10A22000A49000200C330020054B1B6833B10021A3
:10A23000044A05481268006891631847704700BFD8
:10A240000C330020A490002010330020024B1A6829
:10A2500093691B07FCD47047A4900020F8B51A4FEF
:10A260001A4C3A681A4EA2420CBF222421243368A9
:10A27000054608B17BB1F8BD002BFCD090630146C8
:10A280002046FCF701FC20461249FCF743FD124B27
:10A2900035601D60F8BD8C460F4B30600D4920467F
:10A2A000C3F800C0FCF706FC01212046FCF7ECFBDC
:10A2B0003A6850211346916353F8342F02F0380264
:10A2C00003F580531A60F8BDA49000200080074079
:10A2D0000C33002029A200101033002038B50E489E
:10A2E0000E4A0F4C0F4D104B0078022100202260C7
:10A2F0002D781B78FCF79AFA02210120FCF796FAD8
:10A3000020684FF4E131FDF73DFBBDE83840012105
:10A310000648FFF7E1BD00BF2CFA0110000007401E
:10A32000A490002030FA011034FA011080140020AB
:10A3300000B545F247308BB0FDF790FD0122034692
:10A34000092101A89847DDE90332044912BA1BBA72
:10A35000C1E900230BB05DF804FB00BF885000206A
:10A360000246024B03CB10605160704788500020BA
:10A370001A4B1B4AC01842EB0101830F02F1045231
:10A3800043EA810302F50312584002F6B45202FB7D
:10A3900000F3144A81EA917102FB01334DF804BDC8
:10A3A000A0FB02BC9C444FEADB6242EA4C120E4B1B
:10A3B00082EA0B0203FB02F30C488CEADC6100FB2F
:10A3C0000131A2FB00230B44D00F40EA4300504070
:10A3D00083EAD3715DF804BB704700BF157C4A7FE8
:10A3E000B979379EB9E5E41CBB49D094EB11311320
:10A3F000F0B5EFF3108672B6274CD4E8CF2F0123C7
:10A40000002AFAD1C4E8423F002AF6D1BFF35F8F99
:10A4100022490B78012B0FD9023BDBB21D462048A5
:10A420005F1C0B7050F82710002350F82500C4E87B
:10A430008F3F86F31088F0BD1A4B4FF0FF30002598
:10A440001A461D639863D8629860D2F8B830002B22
:10A45000FBD10425D2F814C011480527C0F800C06C
:10A46000D2F818C02B46C0F804C0D2F81CC0C0F8FF
:10A4700008C0D2F820C0C0F80CC0D2F824C0C0F880
:10A4800010C0DFF824C0D2F828E0DCF800C0C0F823
:10A4900014E0C2F80CC0C4E7EC9000200491002046
:10A4A0000891002000010F40100100202DE9F84321
:10A4B00006460F46D6E90045D1E9000144EA00020C
:10A4C00045EA0103134304D1FDF708FA50EA0103FA
:10A4D000FAD0AB00A200121943EA947345EB0303D0
:10A4E0004FEAC3184FEAC21C48EA52624FEA0568B5
:10A4F00085EA010E4CEA536348EA142884EA000C0A
:10A50000240644EA15244FEA0E49D100D80088EA0F
:10A510000E0584EA0C04C01849EA1C4941EA53714B
:10A520004FEADC684FEADE6385EA090943EA4C1327
:10A5300084EA0C4548EA4E14C6E9005942EB010191
:10A54000C7E90043BDE8F8832DE9F0475A4E88B0CB
:10A55000337804AD002B5BD0DFF86491574CDFF803
:10A56000648194E80F0098F8006085E80F00FDF71B
:10A57000B5F9FFF7FDFEDDE9042350405940CDE970
:10A580000401FFF735FFFFF7F3FEDDE90623504036
:10A590005940F6B2CDE90601EFF3108A72B6D9E858
:10A5A000CF2F0123002AFAD1C9E8423F002AF6D171
:10A5B000BFF35F8F98F80030B3420FD0049B059A29
:10A5C0002068616858405140069BA26804905A4038
:10A5D000E068079B05914340CDE9062306A928467C
:10A5E000FFF764FF06460F4695E80F0098F8005005
:10A5F00084E80F000135EDB288F800500023C9E867
:10A600008F3F8AF310883046394608B0BDE8F0879E
:10A610002846FDF74BFCDDE90401FFF7A9FEDDE963
:10A62000002342404B40DDE90601CDE90023FFF75E
:10A630009FFEDDE9022350405940CDE90201FDF7BC
:10A640004DF9FFF795FEDDE9002350405940CDE973
:10A650000001FFF7CDFEFFF78BFEDDE9022350403E
:10A660005940CDE90201EFF3108772B6DFF8509040
:10A67000D9E8CF2F0123002AFAD1C9E8423F002AA6
:10A68000F6D1BFF35F8F337833B10C4C0023C9E8A8
:10A690008F3F87F3108862E76C4602A92046FFF7D8
:10A6A00005FF94E80F004FF0010C044C86F800C041
:10A6B00084E80F00EAE700BFDD90002010010020D1
:10A6C000EC900020CE9000200B4B10B5DB6ADB072E
:10A6D00009D40A4B0A4C0B481C600021FDF70AF90B
:10A6E000094B1C6010BD00220548074B114618603D
:10A6F0004FF0FF30FDF7CCFB000010402C20104045
:10A700000100FE5A00350C002C301040F8B500F066
:10A7100049F90C234027194D194CAB67FF22194901
:10A720000E20FCF7F7F93A462046002111F058F9BF
:10A7300001260023802214481449667003600B60D0
:10A740006284134A27832787636084F8213084F862
:10A750003B306362A060A162E260E26212F014F832
:10A760004FF000544FF480320A490B4B2E643046B0
:10A77000EC64C5F89010DA64F8BD00BF0000115019
:10A780006836002019060020840010508000105008
:10A790000001105010D001000020115001210E20A6
:10A7A000FCF772B900220248114600F01BB900BF45
:10A7B000883600204FF48032014BDA64704700BFC6
:10A7C000003011504FF48032014BDA64704700BF03
:10A7D00000201150044B197021B14FF40032034B8B
:10A7E000C3F89020704700BFC39000200020115094
:10A7F0000B785B0602D14B78052B00D070474B8855
:10A80000014ADBB21360704700001150C8782DE98F
:10A81000F041C0F30100C7B2012F69D04FF0000C26
:10A8200091F802E0374D0EF07F024FEADE14560039
:10A830008988331905EB431383F802E0D876C1F316
:10A840000A0184F0010E10B2198383F801E083F845
:10A8500003C0C3008CBB2C48043303EB000805EB9A
:10A86000821ECEF8088043F800C0002A37D0274B5C
:10A87000D2001344CEF804303F31022F21F03F01C3
:10A8800039D0234A234813683719194405EB471771
:10A8900081421160FB6030D8344405EB4415EA7EF8
:10A8A00083F0A04383F4801343EA82636A6843F031
:10A8B000004313600120BDE8F081DFF84CE005EBB8
:10A8C00082187344C8F828304EF830C03AB1D2002C
:10A8D00002F1A04202F58012C8F82420CCE7002241
:10A8E0000D4B05EB44146260E3600120BDE8F0818C
:10A8F0000020BDE8F0814900C3E7FDF72BFBFB68B2
:10A90000CAE700BF683600208000105004001050D5
:10A91000943A0020FF0F10500001105011F034BF86
:10A9200038B5C80901F07F05054C00EB450011461C
:10A9300004EB40101A4600F055F8012038BD00BF66
:10A9400068360020CB0911F07F0105D1012B0CBF27
:10A9500001200220054A9066054803EB410100EB07
:10A9600041104FF40062002111F036BF0020115059
:10A970006836002011F07F0300D1704710B4002426
:10A98000C909074801EB430200EB4213DC70224681
:10A9900018466FF400615DF8044B11F01DBF00BF55
:10A9A000683600204FF0805209480A4908B50A4B22
:10A9B00002600A601968C94311F08051FAD14FF45E
:10A9C0008052064811F00CF80922054B5A6708BD61
:10A9D00000200240003002400800024000001050F9
:10A9E00000001150837E10B50446BBB9002001233E
:10A9F0002161E082A282A37604F11B01A01C11F068
:10AA0000CBFE20B14FF40032084BC3F89020204613
:10AA100011F09AFE28B10123237710BD11F0D4FE66
:10AA2000E4E72046BDE8104011F0C6BE00201150FA
:10AA3000002070472DE9F04100241C4D06462346B6
:10AA4000DFF878802A781A4F0DE03B6813EB441347
:10AA500025D0DB68304698472A780134E4B2511C8F
:10AA6000A142234606DBA242A3EB0203EDD808EB8A
:10AA70004313EEE70F4B54221846002110F0B0FFAD
:10AA80004FF0FF340346051DC5E90144EC605C60EE
:10AA900014302022BDE8F041FF2110F0A1BF064B89
:10AAA0001B68DB0700D500BEBDE8F081C290002026
:10AAB000D81E0020D4220020F0ED00E01CE101109F
:10AAC000704700BF704700BF0020704700207047EC
:10AAD00000207047704700BF704700BF704700BF3D
:10AAE000704700BF024B5878003018BF01207047F4
:10AAF000D4220020024B1878C0F38000704700BFBA
:10AB0000D422002008B5034B1878FFF753FE01202C
:10AB100008BD00BFB414002008B5034B1878FFF738
:10AB200051FE012008BD00BFB41400202DE9F047FC
:10AB3000324F3B78FF2B4BD1002940D054220D4699
:10AB4000804600212E4810F04BFF00222D4E2E4B48
:10AB50002E4C30461A70FCF765FA2D4B04F11400A8
:10AB60001E60FCF76DFA204601F002FE294A2A4BCE
:10AB7000146023B12948FBF781FC294B186000249D
:10AB8000264E2346DFF8A0A03278DFF894900EE03E
:10AB9000D9F8003013EB441311D05B687BB19847B0
:10ABA00032780134E4B2511CA142234614DBA242A4
:10ABB000EED89B1A0AEB43135B68002BEFD1194BBD
:10ABC0001B68DA0700D500BE00252846BDE8F087DF
:10ABD00001252846BDE8F0872946404687F80080D1
:10ABE000FFF794FD054628B90E4B1B68DB07EBD534
:10ABF00000BEEEE74046FFF7D1FDEAE7B4140020BF
:10AC0000D4220020CC220020C490002098140020E0
:10AC1000282300202C2300207D640010C2900020F7
:10AC2000D81E0020F0ED00E01CE101102DE9F04FEE
:10AC3000A74F8BB03B78FF2B00F02381A54CDFF8AA
:10AC4000A492DFF8A8A2DFF8A8B225686B69EFF339
:10AC5000108272B6D3E8CF0F01210028FAD1C3E8E1
:10AC6000401F0028F6D1BFF35F8FAA6107A92846CD
:10AC700001F0E6FB6A690023C2E88F3FAB6983F30A
:10AC80001088002800F0FD809DF81D30013B072B47
:10AC900000F2A783DFE813F0D900E400C500CE007E
:10ACA000BD003A000E000800089B002BCDD009988B
:10ACB0009847CAE79DF82010874B01F07F0503EB0A
:10ACC000450303EBD11393F834006FF3000083F8CE
:10ACD000340093F834006FF3820083F83400002DC1
:10ACE00000F0D2807D4A1B7D1278934280F0C180B3
:10ACF000DBF8002012EB431300F0BE809D699DF845
:10AD00002120099B9DF81C00A8479EE7744A1378F0
:10AD1000002B00F0B1801378013BDBB21370137885
:10AD200003F0FF02002B90D1DFF8AC81104698F8B9
:10AD300000309DF81C6043F0010388F8003098F85B
:10AD4000343062F3000388F8343098F8343062F31A
:10AD5000820388F8343098F8353062F3000388F8BD
:10AD6000353098F8353062F3820388F8353000F0DA
:10AD7000A1FC9DF8203003F06002602A00F095806D
:10AD8000402A00F09880C3F30403D9B2012900F0EF
:10AD9000B1805BB2002B00F08380022940F08580F7
:10ADA0009DF8241011F0700F7FD101F07F056D0028
:10ADB000C80908EB0503DFF824E1034493F814C045
:10ADC0009EF8003000909C45C0F0E480581C60451F
:10ADD000C0F22482ACEB03030AEB43130193002A75
:10ADE00000F02082019D686900F064FC6B693046C8
:10ADF00008AA0121984700287FF427AF9DF81C007E
:10AE00000021FFF79FFD80219DF81C00FFF79AFDB0
:10AE10001BE7314B1B78D9077FF517AFFFF760FEB3
:10AE200013E72D4BDB78DA077FF50FAF0898FFF7B4
:10AE300049FE0AE7284B1A78D0077FF506AF187845
:10AE4000C0F3C000FFF74AFEFFE69DF81C00FFF7C5
:10AE5000F1FD00F025FC204B9DF820209A70F4E6CF
:10AE60009DF81C00FFF7E6FD00F01AFCFFF734FE2A
:10AE7000EBE6501C98420FDA1A4B1B68DC0700D532
:10AE800000BE0BB0BDE8F08F099B9DF821209DF816
:10AE90001C0000F025FCD8E69B1A0AEB43132DE7B3
:10AEA000202A00F0A681002A59D0D9F80030DD0709
:10AEB000A4D500BEA2E70C4800F0FCFB304608AA6F
:10AEC0000121FFF7B5FD00287FF4BFAE96E700BF74
:10AED000B41400202C230020D4220020C290002093
:10AEE000C4900020F0ED00E031AA00101CE1011038
:10AEF000D81E00209DF824300F2B3FF67FAFC64AA6
:10AF000043441B791578AB4250D36A1C9A42FFF632
:10AF100075AF5B1B0AEB4315686900F0CBFB6B69EF
:10AF200008AA01213046984700287FF48EAE9DF88C
:10AF3000205015F060057FF461AF9DF821300A3B89
:10AF4000012B3FF65BAF00F0B5FB9DF821300A2BDB
:10AF500000F0E78108A9304600F02AFB75E69DF86D
:10AF60002130092BA1D801A252F823F033B10010EF
:10AF700013B10010ABAE001057B10010ABAE001013
:10AF8000F5B00010A1B00010ABAE001089B00010F9
:10AF9000BBAF0010DBF8003003EB4C130193002A29
:10AFA00000F04081002B3FF429AF1BE7DBF8005095
:10AFB00015EB43153FF422AFAEE79DF8225098F809
:10AFC00001309D4200F0778198F80130002B40F06D
:10AFD000C78188F80150002D00F06B81681EC0B257
:10AFE000FBF78CFA002800F08E814378022B40F0AA
:10AFF0008A81C27998F80030511161F304139211DB
:10B0000062F3451388F80030438800F10905C3183E
:10B010009D42029380F0D28104966B780B2B00F056
:10B02000D08101220092042B40F06D810023019316
:10B030001E46029B05955A1B774B92B21B780392D2
:10B040001AE0DBF8005015EB461500F05C81DDE9F5
:10B0500004012B69039A9847082806F1010303D9D4
:10B06000039A824280F02C81DEB26B4B01961B78F2
:10B070005A1C964200F34781019AB342A2EB0303A4
:10B08000DFD80AEB4315E2E798F801503046012378
:10B090000DF11A0208A98DF81A5000F0A3FAD4E5B0
:10B0A000BDF82200030A5A1EC0B20E2A3FF6A6AE11
:10B0B00001A151F822F000BFD5B10010C3B10010BA
:10B0C000B3B10010FDAD0010FDAD001095B1001042
:10B0D000C3B10010FDAD0010FDAD0010FDAD0010BE
:10B0E000FDAD0010FDAD0010FDAD0010FDAD001078
:10B0F00077B1001008A800F0E3FA30469DF822105E
:10B10000FFF750FB98F8003043F0020388F8003056
:10B110009BE5BDF82230012B7FF470AE98F800302B
:10B1200030466FF3C30308A988F8003000F040FAF6
:10B130008BE5304698F800309D0805F00205C3F312
:10B1400040131D4302230DF11A0208A9ADF81A504D
:10B1500000F048FA79E5BDF82230012B7FF44EAEBD
:10B1600098F80030304643F0080308A988F800300A
:10B1700000F01EFA69E5FFF7A7FC024600283FF43D
:10B180003DAE3046538808A900F02CFA00287FF421
:10B190005CAD33E6FFF79AFC024600283FF42EAE82
:10B1A0003046137808A900F01DFA00287FF44DAD51
:10B1B00024E6BDF82410FBF7A5F902460028EFD1DC
:10B1C0001CE6022B00F00381FFF782FC02460028F8
:10B1D000D7D113E6FBF78EF9024600283FF465AE9F
:10B1E0003046122308A900F0FDF900287FF42DADA8
:10B1F00004E69DF824300F2B3FF600AE064A434488
:10B200001B791578AB424CD2DBF8005015EB431597
:10B210003FF4F4AD6869E7E5C2900020002A7FF4AE
:10B22000EDAD01929DF82120012A03D07AB3032AC3
:10B230007FF43BAEBDF82230A3B9012A38787AD02A
:10B24000FFF780FB009A08EB0503134493F83420C2
:10B2500042F0020283F8342093F8342042F00102D5
:10B2600083F83420019D002D3FF4EFAC686900F0B5
:10B2700021FA6B6908AA012130469847002000F0A6
:10B2800019FA98F83530DB073FF5DFAC62E6009A33
:10B2900008EB0503134493F834503046C5F34005DA
:10B2A00050E76A1C9A42FFF6A9AD5B1B0AEB4315F7
:10B2B000B0E7FFF711FC304608A900F079F9C4E4C3
:10B2C000009A2B46012A059D86465AD0009B002BEA
:10B2D00061D0A97808EB01031B790A46FF2B12D134
:10B2E000002308EB02000133DBB20671009803EB88
:10B2F000010C5FFA8CF2834208EB020C4BD29CF8F3
:10B300000400FF28EDD0D9F80030D90700D500BEE1
:10B31000D9F80030DA0700D500BE002388F80130E4
:10B320006CE508A9304601230DF11A028DF81A5078
:10B3300000F058F989E40293FFF71CFB009B08EB2F
:10B3400005021A4492F83410029B63F3410182F81B
:10B35000341092F8341063F3000182F8341081E75E
:10B3600000213046FFF736FA3046FFF7D7FA98F853
:10B37000023030460093FFF75DFB009B88F80230F7
:10B3800027E61B691A4A934228D0AB7843441A79BE
:10B39000FF2AB8D11E7133467646724629461548B3
:10B3A00000F0D2FF144B019A1B78354401339342CD
:10B3B000A9DB029BAB423FF630AE049EFFF78AFB4F
:10B3C00079E72B78EA781D4400926B782BE6FBF73F
:10B3D00095F8024600287FF4D4AE66E50223009378
:10B3E00077E7D9F80030DB077FF52FAC00BE2CE4FF
:10B3F0004DBA0010E8220020C29000202DE9F84F3D
:10B400000A9F002A49D01E464B780C46052B0ED1C8
:10B41000CB7803F00303B34209D115468A7812F0C2
:10B4200070020BD01E4B1B68DA0700D500BE1C4B08
:10B430001B68DB072FD40020BDE8F88F9246DFF8A9
:10B440006480DFF8649099F80210204698F800B004
:10B4500000F048FF0028E5D058462146FFF7D6F90E
:10B460000028E4D0A3780AF1010ADA0916BF0B9A82
:10B470003B7013702378AA451C440ED06378052BCB
:10B48000D5D1E37803F00303B342D0D1A37813F00E
:10B49000700FC7D1D7E700BECDE70120BDE8F88F18
:10B4A000F0ED00E0B4140020D422002038B58B78F1
:10B4B00013F0700F06D00B4B1B68DB0700D500BEE6
:10B4C000002038BD0C46084A084B917820461D786C
:10B4D00000F008FF0028EED021462846BDE838409D
:10B4E000FFF794B9F0ED00E0D4220020B41400205E
:10B4F000CB09343301F07F010348044A03EB4103D5
:10B500001844116800F0A6BED42200202823002091
:10B51000CB09343301F07F010348044A03EB4103B4
:10B520001844116800F0BEBED42200202823002059
:10B5300038B5154C01F07F0504EB450404EBD1143C
:10B5400030342079C00706D5104B1B68DA0700D5C8
:10B5500000BE002038BD25790D4845F00105007872
:10B560002571FFF7DDF90028F4D12379074A60F34C
:10B5700000032371237960F3820323711368DB07CF
:10B58000E7D500BE38BD00BFD4220020F0ED00E0BA
:10B59000B4140020054B01F07F0203EB420303EBE0
:10B5A000D11393F8340000F001007047D42200203A
:10B5B00070B40B4C0A4623460025064608684968C5
:10B5C000A56003C392F900303046AB42B8BF2946AC
:10B5D0002B462A46E560A8BF802170BCFFF7A8BFB4
:10B5E000E82100202DE9F0412A4C0E46254600278F
:10B5F000496880463068A26003C5E781F58882B05B
:10B60000AB4228BF2B46A381B5B133B36AB394F9DB
:10B610000010402B28BF402300292EDB39461E4A4C
:10B620004046FFF785FFA0B91C4B1B68DB0720D500
:10B6300000BE02B0BDE8F08196F900304046002B14
:10B64000ACBF802100212B462A46FFF771FF00285E
:10B65000EAD0012002B0BDE8F08194F900101A464A
:10B660000029ACBF19468021DAE70C4B1B68D907CB
:10B670000DD4002002B0BDE8F081114606481A46FC
:10B68000019310F0CFF88021034A019BC8E700BE68
:10B690001046DFE7E8210020A8210020F0ED00E0BF
:10B6A0000022034BC3E90022C3E902221A6170475A
:10B6B000E8210020014B1861704700BFE8210020FD
:10B6C000064A014610B41346002400684968946095
:10B6D000D46003C35DF8044B704700BFE82100202D
:10B6E00070B5404CC909227882B0B1EBD21F064632
:10B6F0001FD03BB13C4B1B68DA0700D500BE0020D1
:10B7000002B070BD2146FFF773F8236973B122467A
:10B71000304603219847012002B070BD01463046F3
:10B72000FFF710F930468021FFF70CF9012002B035
:10B7300070BD94F90020A068002A08DB0028DED044
:10B740001A462A49019310F06DF8A068019BE5891B
:10B75000E2881D44ADB21844AA42A060E58116D02B
:10B760003F2B14D9A28994F90010531B9BB2402B94
:10B7700028BF4023002925DB95424FF000012ED041
:10B780001A4A3046FFF7D4FE0028CFD114E02369CF
:10B790002BB1144A0221304698470028BED000231E
:10B7A00094F9002030469A42ACBF802119461A46CF
:10B7B000FFF7BEFE0028B9D10B4B1B68DB079ED5F7
:10B7C00000BE9DE7954209D001461A4607480193FD
:10B7D00010F028F88021054A019BD2E78021002241
:10B7E000CFE700BFE8210020F0ED00E0A821002015
:10B7F00008B54FF41273034A03FB0020103000F029
:10B80000F5FD08BD601F00202DE9F8434FF6FE75D9
:10B810004FF6FF734FF41274AA4288BF1A4604FB16
:10B8200000F41B4E04F110053544074692B2284639
:10B8300000F04EFE8046FFF755F910B94046BDE8CE
:10B84000F883FFF757F981460028F7D13444E378AD
:10B85000002BF3D0284600F0E1FD3F28EED9E17837
:10B860004846FFF745FE0028E8D0284600F0D6FD00
:10B870003F2808D9074AE178484602EBC71240231F
:10B88000FFF756FEDAE7E1784846FFF741FED5E7D5
:10B89000601F0020DC1E00202DE9F0418046FFF7EC
:10B8A00021F910B90020BDE8F081FFF723F9074620
:10B8B0000028F7D14FF4127404FB08F4164E04F17B
:10B8C00024053544284600F091FD0028EAD026449E
:10B8D000B1783846FFF70CFE0028E3D040220F4B2A
:10B8E00002EBC81898442846414600F0F1FD044692
:10B8F00060B14246B17838462346FFF719FE40B999
:10B90000074B1B68DB07CDD500BECCE7B178FFF74E
:10B91000FFFD2046C7E700BF601F0020DC1E00209F
:10B92000F0ED00E070B54FF6FF734FF6FE764FF482
:10B930001274B24288BF1A460A4B92B204FB00341A
:10B9400024340546204600F06FFE0646204600F0EF
:10B950004DFD3F2801D8304670BD2846FFF79CFFBB
:10B96000304670BD601F00200021F0B51A4C83B036
:10B970004FF4127220460D4610F032F8FF204FF4BB
:10B98000E1330822154E009504F138016071A3607F
:10B99000A273357004F1100001234FF4807200F09F
:10B9A000EFFC012304F59C7100934FF4807204F5C1
:10B9B0000E7704F1240000F0E3FC04F5107638461D
:10B9C000FBF730FB3046FBF72DFB27622663E56172
:10B9D000656303B0F0BD00BF601F00205C1F002046
:10B9E000064B1A6A196B12B10022C3E9072211B182
:10B9F0000022C3E90C220120704700BF601F002015
:10BA0000002210B50E4C0F48237802600271DA074D
:10BA100007D59B070BD5BDE8104001210A4800F06F
:10BA2000C3BE103000F0A4FE23789B07F3D4064871
:10BA300000F09EFEBDE810400121034800F0B4BEB6
:10BA40005C1F0020601F0020841F00202DE9F041B2
:10BA50004B7982B0022B02D18B79022B04D00025C6
:10BA6000284602B0BDE8F081364EB3782BB1364B94
:10BA70001B68DB07F3D500BEF1E78B780746337010
:10BA80000C7809250C44617824290BD1082A02D8A6
:10BA90000FE0AA420DD323781C4461782B4424295B
:10BAA0009DB2F6D0052927D0042902D163790A2B4B
:10BAB00030D0FFF717F80028D2D0FFF71BF8044664
:10BAC0000028CDD1F378002BCAD0204800F0A6FC86
:10BAD0003F28C5D9F1782046FFF70AFD0028BFD0DE
:10BAE0001A4800F09BFC3F28F178204627D94023D4
:10BAF000174AFFF71DFDB3E721463846FFF7D6FC8E
:10BB00000028B4D0A378737023781C442B44617848
:10BB10009DB2C9E702230F4A94F80080511CCDE979
:10BB2000001238461A4604EB0801FFF767FC0028AC
:10BB30009DD005F10E0318FA83F39DB2B9E7FFF724
:10BB4000E7FC8DE7601F0020F0ED00E0701F002093
:10BB5000DC1E0020621F002038B5137803F060035C
:10BB6000202B04D1264C938825789D4201D00020BB
:10BB700038BD5378203B032BF9D8DFE803F02824A5
:10BB80000D02012930D003291FD11E4BEBB1518882
:10BB9000002000E000BF18E0012925D0032914D1BE
:10BBA00055881948E94301F00101257100F0FCFDB9
:10BBB000164B53B1C5F3400205F00101002000E02F
:10BBC00000BF012038BD012913D0012038BD012953
:10BBD0000FD00329F9D10E4B002BF6D00D490020D0
:10BBE00000E000BF012038BD1146FFF7E1FC012055
:10BBF00038BD11460723074AFFF7F4FC012038BD82
:10BC0000601F002000000000841F002000000000D2
:10BC100000000000681F00202DE9F0475B4D0C4636
:10BC2000EA7880468A421F4653D1594E9AB231462D
:10BC300005F1100000F0F8FC564BC3B16B79FF2BF7
:10BC400015D0A7B105F1100906EB070A02E0564529
:10BC50000DD06B7916F8012B9A42F8D1484600F0C6
:10BC6000D5FB0028F3D1697900E000BFEFE74A4B2C
:10BC700023B14A4800F0CAFB00285CD0FEF732FF2F
:10BC800000285BD1AB789C4203D001242046BDE85C
:10BC9000F087434B13B1002000E000BFFEF722FF06
:10BCA00020BB404800F0A2FB0028EED1002FECD0D2
:10BCB00017F03F07E9D1A9784046FFF719FC044681
:10BCC0000028E2D0A97840463B463A46FFF730FCD0
:10BCD000DCE7AB788B42DCD0334B1C6814F00104FA
:10BCE000D4D000BE00242046BDE8F087FEF702FF56
:10BCF00004460028D5D12B4800F078FB0028D0D08E
:10BD0000A9782046FFF7F4FB0028CAD04022274933
:10BD1000244800F0DDFB034600282FD02046234AAC
:10BD2000A978FFF705FC0028AFD11F4B1B68DB0784
:10BD3000B7D500BEB5E700E000BF9FE7FEF7DAFE2B
:10BD4000064600289ED1EB78002B9BD0134800F0CC
:10BD500065FB3F2896D9E9783046FFF7C9FB0028F4
:10BD600090D00E4800F05AFB3F2830460AD94023B5
:10BD7000074AE978FFF7DCFBAB7884E7A978FFF79F
:10BD8000C7FB8EE7E978FFF7C3FB7BE7601F002066
:10BD9000DC1E00200000000000000000701F0020DA
:10BDA00000000000841F0020F0ED00E01C1F0020B8
:10BDB000704700BF01207047704700BF704700BF49
:10BDC00010B50C4B00EB400003EB80035C78FEF7F2
:10BDD00089FE08B9002010BDFEF78CFE0028F9D1BD
:10BDE000002CF7D02146FFF7D5FB80F00100C0B250
:10BDF00010BD00BFBC22002030B5002483B08DF8F8
:10BE000000208DF8014063B31A689B88CDF80220AA
:10BE1000ADF8063010B1002003B030BD134D0C4614
:10BE20006978FFF765FB0028F5D08CB16B4603CB32
:10BE300009230F4A82F84040C2F84100C2F8451079
:10BE4000002069780B4A03B0BDE83040FFF770BBB3
:10BE500008230DEB030212E90300064A82E80300FF
:10BE6000EEE7CDF80230ADF80630D3E7BC22002073
:10BE7000FC2100203C2200200022024BC3E90022CA
:10BE80009A607047BC220020012070470022024BBC
:10BE9000C3E900229A607047BC2200202DE9F041DE
:10BEA0004B7982B0032B0ED10D79C5EBC50412344A
:10BEB000A4B2944202D8244F7A784AB1234B1B682B
:10BEC000DA0700D500BE0024204602B0BDE8F081AC
:10BED00091F800E001EB0E0C9CF80180B8F1210F05
:10BEE000ECD1C7F808C0884611F80E1007F1010E12
:10BEF000614407F1020C2A46CDE900CE0646FFF761
:10BF00007DFA0028DAD0012298F80630BA71012BA8
:10BF100008BF98F80730B97808BFFB70BB6898F87D
:10BF20000220B3F807303A70BB800029CCD03046ED
:10BF30004023074AFFF7FCFA0028C5D1034B1B68D2
:10BF4000DB07C1D500BEBFE7BC220020F0ED00E05A
:10BF50007C2200202DE9F041157882B005F01F0405
:10BF6000012C15D1744B978893F800C0FFB2BC45E3
:10BF70000ED115F060050646884617460CD10129FA
:10BF800003D0012002B0BDE8F0815278062A23D008
:10BF9000002002B0BDE8F081202DF9D15278013A9D
:10BFA0000A2AF5D801A151F822F000BFABC0001059
:10BFB00095C000107FC0001091BF001091BF00100D
:10BFC00091BF001091BF001091BF00103FC0001042
:10BFD0001BC00010FFBF00107A88120A212A00F04F
:10BFE0008A80222AD4D12846FAF718FC524B0246FE
:10BFF0009B8839463046FFF7F5FA4046C9E7B8F165
:10C00000010F16D0B8F1030FBBD17A880020D2B24D
:10C0100011469A71FFF7CCFEB3E7B8F1010FB0D12A
:10C020007A880020120A1146DA71FFF7C3FE002851
:10C03000AED039463046FFF7BBFA0120A9E7B8F188
:10C04000010F63D0B8F1030F9BD1FC887B88402C93
:10C05000204628BF402013F0FF014FEA1322374B40
:10C0600007D0012C05D91C788C4202D1013880B24E
:10C07000013300900020FAF7D7FB012089E7B8F1DF
:10C08000010F7FF47EAF394643462D4AFFF7AAFAE7
:10C0900040467EE7B8F1010F7FF473AF394643465F
:10C0A000284AFFF79FFA404673E7B8F1010F7FF483
:10C0B00068AFFC887B88402C204628BF402013F0C6
:10C0C000FF014FEA13222BD0012C29D91B4B013839
:10C0D00080B203F8011B00900020FAF7A3FB08EBE5
:10C0E00000039BB203BB184A1268D2077FF550AF1A
:10C0F00000BE18464DE79A68002A3FF449AF39461A
:10C10000137802B0BDE8F041FFF76CBAFB88402B12
:10C110003FF63EAF3946094AFFF764FA404638E732
:10C120004FF00008054BD6E739463046034AFFF783
:10C1300059FA01202DE700BFBC220020FC2100207D
:10C14000C2220020C3220020F0ED00E070B5224C96
:10C150000646A57810468D4282B0627829D1954274
:10C160009BB210D0B8B9009302221C4B0146FAF7DB
:10C170005BFBA17830464023184AFFF7D9F928B372
:10C1800002B070BD9BB260B91A461549FFF714FEA4
:10C19000012002B070BD114A02210020FFF70EFEFF
:10C1A000E7E70F4A01210020FFF708FE012002B057
:10C1B00070BD9142E6D00B4B1B68DB0703D500BE78
:10C1C000002002B070BD002002B070BD054B1B689E
:10C1D000DA07F8D500BED3E7BC2200207C2200207D
:10C1E0003C220020F0ED00E010B582B099B10128AA
:10C1F00008D80A7832B1154C012A22541CD00120EB
:10C2000002B010BD124B1B68DA0702D4002002B046
:10C2100010BD00BEFAE70124084601A9ADF80440AC
:10C22000FEF784FC28B90A4B1B68D907EFD500BE7E
:10C23000EDE7064B1C70EAE7FEF778FC0028DED13C
:10C24000034B1B68DB07E1D5F1E700BFC8220020E4
:10C25000F0ED00E0F8B5037813F0010419D1067889
:10C26000C6F380060EB12046F8BD0F4605464FF0D6
:10C27000FF31384610F080FA2A7812F001040BD111
:10C280002B785B0709D42B78012443F004032B702F
:10C2900003E000242046F8BD3446384610F04CFA3E
:10C2A0002046F8BD70B50E4605464FF0FF313046CA
:10C2B00010F062FA2878C0F380042CB900243046CC
:10C2C00010F03AFA204670BD2B7813F00102F5D138
:10C2D0002B78304662F382032B7010F02DFA204643
:10C2E00070BD00BFC378828803F003000228C2F348
:10C2F0000A020DD019D8012808D1022940F2FF33D3
:10C3000008BF4FF48063934207D370470020704703
:10C31000022913D1B2F5007F0ED00A4B186810F035
:10C320000100F2D000BE0020704702290CBF4FF47C
:10C33000806340239342F0D301207047402AECD819
:10C340000120FAE7F0ED00E00A44914216D230B441
:10C350004C78052C05D00C7821448A42F8D830BCA2
:10C3600070478C7804F07F0500EB4505E4092B55F8
:10C370000C7821448A42EBD830BC7047704700BF2C
:10C380002DE9F041B2F5004F9DF818802BD80446F6
:10C39000C0681D460E46174618B14FF0FF3110F029
:10C3A000EBF9206918B14FF0FF3110F0E5F90022E8
:10C3B000E388E06865F30E03C3F3072168F3C71150
:10C3C000E38062812660A780E171228108B110F0CC
:10C3D000B3F9206920B110F0AFF90120BDE8F08178
:10C3E0000120BDE8F0810020BDE8F0810389428989
:10C3F0009BB292B28088934236BFC2EB40029B1A36
:10C400009B189BB2984228BF1846704702894389FF
:10C410009BB2981AB0FA80F04009704703894289AC
:10C420009BB2808892B2934236BFC2EB40029B1A05
:10C430009B189BB2984286BFC01A80B200207047FA
:10C4400038B5044600690D4618B14FF0FF3110F0C1
:10C4500093F92189638989B29BB2A288994236BF38
:10C46000C3EB4200C81A401880B250B3824209D2CE
:10C4700091422CBF8B1A8B189BB29A42638103D8CE
:10C480009B1A9BB29A42FBD9E2882168C2F30E0242
:10C4900002FB031128460FF0C5F96189A28889B211
:10C4A0004B1C9BB299424FF001050DD90023AA40C5
:10C4B0009B1A9BB22069638108B110F03DF92846B0
:10C4C00038BD054663899BB252009342F2DBEFE729
:10C4D0002DE9F047064600698846914618B14FF0AD
:10C4E000FF3110F049F9338974899BB2A4B2B58841
:10C4F000A34236BFC4EB45071F1BFF18BFB2002F76
:10C500004AD0BD4240D34F4528BF4F46A542BFB297
:10C5100003D8641BA4B2A542FBD9B6F806902B1B26
:10C520003168C9F30E099BB21FFA89F29F4202FBE0
:10C53000041123D913FB09F37D1B2C4414FB09F4CC
:10C540001FFA83FA524640460FF06CF908EB0A00D6
:10C55000A2B231680FF066F97289B58892B2D31928
:10C560009BB29A421AD96D005B1B9BB230697381F2
:10C5700008B110F0E1F83846BDE8F08702FB07F299
:10C5800040460FF04FF9E7E7AB422CBF5C1B5C194C
:10C59000A4B22F467481B6E773899BB26D00AB429B
:10C5A000E4DBE1E7F8B50446C0680E4618B14FF089
:10C5B000FF3110F0E1F82589238961899BB289B2A6
:10C5C000A2888B4236BFC1EB42015B1A5B189BB25B
:10C5D0009A42ADB208D8E779FF0905D1E06808B101
:10C5E00010F0AAF83846F8BD95422B4603D39B1AA3
:10C5F0009BB29342FBD2E2882068C2F30E0202FB98
:10C60000030031460FF00EF96B1C9BB2A2889D42CD
:10C610004FEA420204D99B1A9BB201272381DDE72E
:10C620009342FADBF7E700BF2DE9F04F154683B0E0
:10C63000002A49D00646C0688A4618B14FF0FF313B
:10C6400010F09AF8F279B6F808807389D2091FFAC7
:10C6500088F89BB2B7883BD1984536BFC3EB4703F8
:10C66000A8EB030343449BB2BB4252D2FB1A9BB2DA
:10C670009D4228BF1D46F18808EB0509C1F30E0B4A
:10C680001FFA89F94745444603D8E41BA4B2BC42CB
:10C69000FBD23B1B30689BB2AB420BFB04004AD37E
:10C6A0000BFB05F251460FF0BDF8B388C1454FEAC8
:10C6B000430301D3994503DBA9EB03091FFA89F969
:10C6C000F068A6F8089040BB284603B0BDE8F08F9C
:10C6D000F188BD42C1F30E0B25D298453FD3A8EB9C
:10C6E000030292B279002A448A420DDB03EB070968
:10C6F0001FFA89F9A9EB05081FFA88F8434533D9D1
:10C70000A8EB01081FFA88F805EB08091FFA89F958
:10C71000B8E7F06800250028D6D010F00DF82846BC
:10C7200003B0BDE8F08FED1B0BFB05AA002FF0D086
:10C7300098463D46A0E713FB0BF3EF1B9BB21A464E
:10C740005146274401930FF06DF817FB0BF2019B44
:10C7500092B20AEB030130680FF064F8A5E77900A4
:10C76000CA1A424492B2BEE741458BDCC8E700BF1B
:10C7700010B50446C06818B14FF0FF310FF0FCFF50
:10C78000206918B14FF0FF310FF0F6FF0023E06889
:10C790006381238108B10FF0CFFF206908B10FF04A
:10C7A000CBFF012010BD00BF38B50446C0680D4660
:10C7B00018B14FF0FF310FF0DFFF206918B14FF0D3
:10C7C000FF310FF0D9FFE379E06865F3C713E37138
:10C7D00008B10FF0B1FF206908B10FF0ADFF0120E3
:10C7E00038BD00BF0368F0B4CC1A002C37DD1D78CB
:10C7F0002E0609D45D1C05601C781460491BA142FB
:10C800002DD30020F0BC704705F07F056E1E032E6F
:10C8100028D8AC4223DD00245E1C146006605C78DE
:10C820009F1C012D1460076017D093F802C0DF1C15
:10C830004CEA0424022D146007600ED093F803C064
:10C840001F1D4CEA0424032D1460076005D01F79D6
:10C85000053347EA0424146003603544CEE76FF0E3
:10C860005F00CFE76FF06300CCE700BFF0B404686F
:10C870000D1B002D42DD25789D423CD1631CCE1A54
:10C88000002E03603ADD65782B0609D4A51C0560EF
:10C8900063781360491B994230D30020F0BC704785
:10C8A00005F07F056B1E032B2BD8AE4226DD00233F
:10C8B000A61C13600660A378E71C012D13600760B7
:10C8C00017D094F803C0271D4CEA0323022D1360F0
:10C8D00007600ED094F804C0671D4CEA0323032DB3
:10C8E0001360076005D06779063447EA03231360B5
:10C8F00004603544CEE76FF06100CFE76FF05F0072
:10C90000CCE76FF06300C9E7F0B405684B1B002B60
:10C9100066DD2B78022B60D16B1CCE1A002E0360D3
:10C920005EDD6C7827061BD4AC1C04606B78091B99
:10C93000994255D3002B56D02578290653D4A5BB50
:10C94000611C013B016006D00C4611F8015B65BB20
:10C95000013B0160F8D1002313600020F0BC704758
:10C9600004F07F04631E032B3DD8A64238DDAF1CC4
:10C970000760EE1C012CAB78066014D095F803C05C
:10C980002E1D022C4CEA032306600CD095F804C03F
:10C990006E1D032C4CEA0323066004D06E79063525
:10C9A00046EA032305603C44C1E7042B1BD810D1A1
:10C9B0002B0618D4002103231160002101332344E6
:10C9C00014F8015B45EA01219C4211600460F7D133
:10C9D000C3E70021013B1160EFE76FF06100BDE7A5
:10C9E0006FF05F00BAE76FF06300B7E7F8B5036870
:10C9F0000446C81A002841DD187802283BD15D1C86
:10CA00004F1B002F256039DD5E7830060ED49E1C4A
:10CA100026605D788B1BAB4230D3104631462A46E8
:10CA200001F098F923681D442560F8BD06F07F06E3
:10CA3000701E032825D8B74220DD9F1C2760D81C14
:10CA4000012E9D78206014D093F803C0181D022E8B
:10CA50004CEA052520600CD093F804C0581D032E25
:10CA60004CEA0525206004D05879063340EA0525B4
:10CA700023603E44CEE76FF06100F8BD6FF05F00C9
:10CA8000F8BD6FF06300F8BD0368F0B4CC1A002C59
:10CA90004BDD1C78032C45D15C1C0F1B002F046060
:10CAA00043DD5D782C0612D49D1C05605C78146013
:10CAB000491BA14239D3002C3AD0013C14602B7899
:10CAC000002B35D1013505601846F0BC704705F0E4
:10CAD0007F06741E032C2ED8B74226DD00249D1C31
:10CAE000146005609C78DF1C012E1460076017D06D
:10CAF00093F803C01F1D4CEA0424022E1460076043
:10CB00000ED093F804C05F1D4CEA0424032E146079
:10CB1000076005D05F79063347EA04241460036098
:10CB20003544C5E76FF06100CFE76FF05F00CCE7F9
:10CB30006FF06700C9E76FF06300C6E7F8B50568F6
:10CB40000646481B002840F3E1802878302840F052
:10CB5000DA80681C0F1A002F306040F3D7806C78A1
:10CB6000200677D4AC1C34606F78091BB942C0F042
:10CB7000CD80002940F3CA802178002F04EB0705FF
:10CB8000116040F3C3802178062940F0BC80611C0D
:10CB9000013F316000F0BA806178080629D4A11CF9
:10CBA0003160607850606C1A8442C0F0AF800C181D
:10CBB000AC429160346000F0A080621C085CA91A4D
:10CBC00000291860326040F3A1806278100668D4B2
:10CBD000A71C376061785960E81B8842C0F09680D6
:10CBE0003944A9429F600CBF00206FF0650031609E
:10CBF000F8BD01F07F0C0CF1FF31032900F28980B0
:10CC0000674540F383800020A11C50603160A0780C
:10CC1000E71CBCF1010F5060376019D094F803E0B5
:10CC2000271D4EEA0020BCF1020F506037600FD084
:10CC300094F804E0671D4EEA0020BCF1030F506039
:10CC4000376005D06779063447EA002050603460C9
:10CC50006144A8E704F07F04601E032859D8A74266
:10CC600054DD05F1020CC6F800C0E81C012CAF78B9
:10CC7000306014D095F803E0281D022C4EEA0727F7
:10CC800030600CD095F804E0681D032C4EEA0727AD
:10CC9000306004D06879063540EA0727356064447F
:10CCA00063E702F07F077A1E032A32D8B9422DDDEE
:10CCB0000022A01C5A603060A178E21C012F59604C
:10CCC000326018D094F803C0221D4CEA0121022FD3
:10CCD000596032600FD094F804C0621D4CEA012103
:10CCE000032F5960326006D094F805C006344CEA30
:10CCF00001215960346007446EE718460C2108F0A2
:10CD000035FB0020F8BD6FF06100F8BD6FF05F00EB
:10CD1000F8BD6FF06300F8BD38B5046874B105461E
:10CD2000A369A0682B6008F01BFB606908F018FB82
:10CD3000204608F015FB2C68002CF1D138BD00BF4F
:10CD400070B5044670B10E46154601E0A4694CB1B9
:10CD50006368AB42FAD12A463146A0680EF034FD32
:10CD60000028F3D1204670BD7F2A10B41ED9134687
:10CD700001241B0A04F10104FBD10368591AA142E2
:10CD800001DA1AE00368591E016003F8012C120A47
:10CD9000F8D1012C0CDD026804F17F03511E016003
:10CDA00002F8013C20465DF8044B70470124E4E79B
:10CDB000012420465DF8044B70476FF06B04F1E7E7
:10CDC0000368591A002905DD591E0160012003F886
:10CDD000012C70476FF06B00704700BF38B50568D5
:10CDE0008D420CD36C1A9C4209D31C460346281B67
:10CDF0001146186022460EF015FD204638BD6FF032
:10CE00006B0038BDF8B5054610460E46174600F0D3
:10CE100099FF2968041E08BF0124B14250D38B1B1F
:10CE2000A3424DD3091B29602246384600F0F0FF8B
:10CE300088BBB7F904202B68012AA3EB060103D1B4
:10CE400093F90020002A2EDB7F2C25D80120814277
:10CE500036DB5A1E2A6003F8014C230A06D02A68E2
:10CE6000511E296002F8013C1B0AF8D101282B68E9
:10CE700006DD591E00F17F02296003F8012C2B68A2
:10CE80009E1B002E04F101041ADD0222591E2960A6
:10CE9000204403F8012CF8BD22460120120A00F1BB
:10CEA0000100FBD1D3E700290ADD5A1E2A6003F8EE
:10CEB000010C2B6801347F2CA3EB0601C6D9EBE7EC
:10CEC0006FF06B00F8BD00BFF8B50668B1423FD8FF
:10CED0000F46711A8B423BD805461C46F01A114684
:10CEE00028601A460EF09EFC002C204628DB7F2C82
:10CEF00027D801202B68DA1B824229DB5A1E2A60C0
:10CF000003F8014C230A06D02A68511E296002F852
:10CF1000013C1B0AF8D101282B6806DD591E00F1DF
:10CF20007F02296003F8012C2B68DF1B002F04F11E
:10CF300001040DDD0622591E2960204403F8012C4E
:10CF4000F8BD234601201B0A00F10100FBD1D1E707
:10CF50006FF06B00F8BD00BF2DE9F041079E05683A
:10CF6000DDF81880002E00F08E80B8F1000F76D02A
:10CF7000A94200F28C806C1AA34200F28880064617
:10CF80001C46E81A0F46306011461A460EF04AFC5D
:10CF9000002C20465ADB7F2C5AD801203368DA1B3C
:10CFA000904274DC5A1E326003F8014C230A06D00A
:10CFB0003268511E316002F8013C1B0AF8D1012889
:10CFC000336806DD591E00F17F02316003F8012C41
:10CFD0003368DA1B002A04F1010458DD06220444F8
:10CFE000591E002C3160204603F8012C2EDB4444EE
:10CFF0007F2C4AD9234601201B0A00F10100FBD1F6
:10D000003368DA1B824242DB5A1E326003F8014C5D
:10D01000230A06D03268511E316002F8013C1B0A17
:10D02000F8D10128336806DD591E00F17F02316016
:10D0300003F8012C3368DF1B002F04F1010426DD07
:10D040003022591E3160204403F8012CBDE8F081E4
:10D05000234601201B0A00F10100FBD19EE76C1A58
:10D06000002C14DD6C1E046005F8018C0468651A40
:10D07000002D0CDD0525661E066004F8015C0568C0
:10D080004FF0020874E7B04672E70120B8E76FF08E
:10D090006B00DBE70346006810B4441A002C1CDD6B
:10D0A000003218BF0122441E52421C6000F8012CBD
:10D0B0001A68501A002810DD0124501E186002F86A
:10D0C000014C1A68511A002907DD0320511E19600E
:10D0D00002F8014C5DF8044B70476FF06B00F9E704
:10D0E000F0B40346002506E01E6000F8012C121281
:10D0F000002A0BDD254618686C1C471A002F00F12A
:10D10000FF36F1DC6FF06B00F0BC70471A6892F9E3
:10D110000000561A002809DA002EF3DD0020541E04
:10D120001C6002F8010C1A68AC1C561A7F2C2BD913
:10D13000254601202D0A00F10100FBD1B042E1DCBF
:10D14000551E1D6002F8014C220A06D01D686E1E95
:10D150001E6005F8012C120AF8D101281A6806DDB4
:10D16000561E00F17F051E6002F8015C1A68511A14
:10D17000002904F10104C5DD0221551E1D6002F8DD
:10D18000011C2044F0BC70470120D7E72DE9F04195
:10D190000668069DB14242D88846711A8D423ED833
:10D1A0000446701B1946174620602A460EF03AFBCB
:10D1B000002D28462ADB7F2D2AD801202368A3EBE7
:10D1C000080282422BDB5A1E226003F8015C2B0A04
:10D1D00006D02268511E216002F8013C1B0AF8D1DA
:10D1E0000128236806DD591E00F17F02216003F843
:10D1F000012C2368A3EB080CBCF1000F05F101051D
:10D200000DDD5A1E2260284403F8017CBDE8F08140
:10D210002B4601201B0A00F10100FBD1CEE76FF085
:10D220006B00F3E72DE9F0410F46064611461D4617
:10D23000EBB10733DA08013A23F007008B5C401B9F
:10D240000341DBB20A44DC0708D4013D0FD0680774
:10D250000BD112F8013C013ADC07F6D5EA1D22F0A9
:10D260000708A8EB0508D50803E05B08EBE7A8462C
:10D27000072233689F4253D86C1CD81BA0424FD35F
:10D28000072A03F1FF3034D87F2C306003F8018C7B
:10D2900028D801203368DA1B824241DB5A1E3260F3
:10D2A000220A03F8014C06D031684B1E336001F8A6
:10D2B000012C120AF8D10128326806DD511E00F156
:10D2C0007F03316002F8013C3268D71B002F05F163
:10D2D000020325DD0321541E3460184402F8011CAA
:10D2E000BDE8F081234601201B0A00F10100FBD1BB
:10D2F000D0E74FF0FF3E05EB0E0211F802C00EFA28
:10D3000008FE0CEA0E0C306003F801CC3068C5F161
:10D310000103184430600EF085FA3368581EB3E7F5
:10D320006FF06B00DCE700BFF8B50668B1423FD88C
:10D330000F46711A8B423BD805461C46F01A11461F
:10D3400028601A460EF06EFA002C204628DB7F2C4F
:10D3500027D801202B68DA1B824229DB5A1E2A605B
:10D3600003F8014C230A06D02A68511E296002F8EE
:10D37000013C1B0AF8D101282B6806DD591E00F17B
:10D380007F02296003F8012C2B68DF1B002F04F1BA
:10D3900001040DDD0422591E2960204403F8012CEC
:10D3A000F8BD234601201B0A00F10100FBD1D1E7A3
:10D3B0006FF06B00F8BD00BF2DE9F047064600682E
:10D3C0001F468A469046089DFFF7BAFC044618B3EC
:10D3D000DDB10369AB4203D17FB92046BDE8F087D8
:10D3E0002946012007F0B6FF064690B3606907F0B2
:10D3F000B7FFC4E90456002FEFD02A4639466069CA
:10D400000EF010FA2046BDE8F087406907F0A8FF4B
:10D4100065612046BDE8F0872021012007F09AFFD2
:10D420008146B0B1C0F804804146012007F092FF68
:10D43000C9F8080018B3424651460EF0F3F9C9F88E
:10D44000105045B933684C46C9F81830C6F80090FA
:10D45000C3E70024C1E72946012007F07BFFC9F894
:10D46000140040B133684C46C9F81830C6F8009033
:10D47000002FB2D0C1E7D9F8080007F071FF484685
:10D4800007F06EFFA9E700BFF0B4074600F14101C5
:10D49000C9B2054600F14704E4B2EDB20646031FE7
:10D4A000DBB2F6B2C6F13D02120A343E42EA16265B
:10D4B000C5F13302120A1A3D42EA1525FFB223EAEA
:10D4C000060324EA0504C7F1190721EA17272343B5
:10D4D0003B43DAB201462B23C9B2C1F13E04240A10
:10D4E0003E3944EA112123EA01031343DBB22F2220
:10D4F000F0BCC0B2C0F13F01090A3F3841EA102038
:10D5000022EA00001843C0B2704700BF2DE9F04F77
:10D5100083B001920C9A002A73D0814610464C4A7F
:10D52000A2FB00020C98520802EB4207B84218BF57
:10D530000132B2F1804F80F08480920001328A4241
:10D540007AD8B9F1000F77D0002F72D04FF0000ACF
:10D5500003F1030B09F104041BF8038C1BF8025CB4
:10D560004FEA98001BF8016CFFF78EFF4FEA081393
:10D5700003F0300304F8040C03EB1510FFF784FFED
:10D58000AD0005F03C0504F8030C05EB9610FFF721
:10D590007BFF04F8020C06F03F00FFF775FF0AF16D
:10D5A000030A574504F8010C5B4625460BF1030BB3
:10D5B00004F10404D0D80C9A524509D80023184627
:10D5C0000199A5EB09020A602B7003B0BDE8F08F4A
:10D5D000114618780AF1010204018A4204F030046D
:10D5E0004FEA900015D3FFF74FFF28702046FFF752
:10D5F0004BFF3D236870AB703D23043505F8013CBB
:10D60000DCE7019B1A460C9B1846136003B0BDE88B
:10D61000F08F5E78FFF738FF287004EB1610FFF7E5
:10D6200033FFB600687006F03C00FFF72DFFA870CE
:10D63000E2E7BA464D46BEE7019B6FF029001A604B
:10D64000C3E74FF0FF33019A6FF029001360BCE786
:10D65000ABAAAAAA2DE9F04F83B00C9E0192002E2E
:10D6600000F04B814FF0000B8C46DA465A46594683
:10D670000027541E1C4414F8015F202D04D10132F0
:10D6800096424FF00107F6D8B24200F03081B51A49
:10D69000012D9C5C02D90D2C00F01D810A2C64D058
:10D6A000002F40F01381250600F110813D2C00F081
:10D6B0000981002940F00A81A046A4F14005EDB29D
:10D6C0005FFA88F8A646A4F14607FFB25FFA8EFE1D
:10D6D000C8F15A0BCEF17A094FEA1B2B4FEA1929F0
:10D6E000A8F14108AEF1610E49EA1E2E4BEA182856
:10D6F00027EA0E0725EA08053D43EDB2A646671D59
:10D70000FFB25FFA8EFECEF139084FEA1828AEF16B
:10D71000300E48EA1E2E27EA0E073D43EDB227469B
:10D7200004F1140E5FFA8EFEFFB2C7F12B084FEA28
:10D7300018282B3F48EA17272EEA070E45EA0E0560
:10D74000EDB227461134E4B2FFB2C7F12F0E4FEA13
:10D750001E2E2F3F4EEA172724EA07042C43013CD4
:10D76000240600F1B3800AF1010A013296423FF625
:10D770007FAF8B4616466146BAF1000F00F0BD80C0
:10D780000AF0070202EB42024FEADA0A52000AEB01
:10D790004A0A0732CBEB4A0A0AEBD202002800F011
:10D7A000C7808A4200F2C480002E00F0B8804FF09B
:10D7B000000A013B8146D64657461E445CE05F4C5A
:10D7C00024FA01F1C90755D4BF019446A2F14001E2
:10D7D000C9B25FFA8CFC1546A2F14604E4B2EDB280
:10D7E000CCF15A0BC5F17A084FEA1B2B4FEA1828E7
:10D7F000ACF1410C613D48EA15254BEA1C2C24EAAA
:10D80000050421EA0C012143C9B21546541DE4B2B6
:10D81000EDB2C5F1390C4FEA1C2C303D4CEA152510
:10D8200024EA05042143C9B2144602F11405EDB2FD
:10D83000E4B2C4F12B0C4FEA1C2C2B3C4CEA142410
:10D8400025EA04050D43ECB211461132D2B2C9B239
:10D85000C1F12F052D0A2F3945EA112122EA0102D3
:10D860002243013A0EF1010E52B2BEF1040F47EA13
:10D87000020713D09E421DD013F8012FA2F10A0116
:10D88000C9B216299BD93D2A4FEA87179DD10EF1BF
:10D89000010EBEF1040F0AF1010AEBD13A0CBAF104
:10D8A000010F89F800202ED99E4209F101094FF09D
:10D8B000000EE1D1A9EB0000019B1860002003B02D
:10D8C000BDE8F08F013102297FF64DAF6FF02B00DC
:10D8D00003B0BDE8F08F551C13F805E0BEF10A0F48
:10D8E00003D0002F3FF4E5AEF0E72A463EE78B4633
:10D8F0006146BAF1000F7FF443AF0020019B18602E
:10D9000003B0BDE8F08F3A0A89F80120BAF1000FA0
:10D9100007D189F80270D64609F10309AAE7304613
:10D92000CAE709F102094FF0010A4FF0000EA1E722
:10D93000019B6FF029001A60CAE700BF0900400090
:10D94000C38830B473B1056803F18042013A55F8D9
:10D95000224005EB82021CB10CE052F8044D4CB998
:10D96000013BFAD10B681868003018BF0120404213
:10D9700030BC70470A6812681AB930BCB0F90400AC
:10D980007047012BF9D1B0F90400002806DB2B68A1
:10D990009342EDD8EBD330BC002070474FF0FF30FE
:10D9A000E6E700BF42F210732DE9F041CF889F42B5
:10D9B00075D8C38814469F4205460E4659D8D0F8FC
:10D9C000008063421C43E417B6F90430B5F9041033
:10D9D0000133013122461340D2430A401A43013A2F
:10D9E0003168AA8040463A4623460BF06DFBF18829
:10D9F000EE88E243B14237D22D68701E8C00401A87
:10DA00002B190128C3F38003A6EB01071FD973B3B9
:10DA1000285901F1010C10402851FF1A0B4405EB65
:10DA200083034FEA570EA3F1080403EBCE0E54F81C
:10DA3000080F616810401140C3E9000108337345C5
:10DA4000F5D127F001039F420CEB03010CD055F8F0
:10DA50002130481C1340B04245F8213004D255F81B
:10DA600020301A4045F820200020BDE8F0818C4687
:10DA7000D3E70421384607F06DFC804678B1296869
:10DA800041B1EA8892000DF0CDFEE988286889004E
:10DA900007F076FCEF80F788C5F8008091E76FF01B
:10DAA0000F00E2E700220123C0E90023704700BF16
:10DAB00060B110B50446006818B1E188890007F02C
:10DAC0005FFC00220123C4E9002310BD704700BFA2
:10DAD00042F2107399421CD8C3888B4201D30020B4
:10DAE000704770B50C4605460421204607F032FC0D
:10DAF000064688B1296841B1EA8892000DF092FE8D
:10DB0000E9882868890007F03BFCEC802E60002043
:10DB100070BD6FF00F0070476FF00F0070BD00BF59
:10DB200042F2107399423ED8C28870B58A420646C6
:10DB30000C4624D9531E0AD0006850F8231021B196
:10DB40002CE050F822501DB913465A1EF9D101237A
:10DB50009C4238BF1C460421204607F0FBFB0546CB
:10DB6000F0B1316839B1A2000DF05CFEF188306887
:10DB7000890007F005FCF4803560002070BD01D3FA
:10DB8000002070BD0421204607F0E4FB054638B1B3
:10DB900031680029EFD0F2889200E5E71346D7E715
:10DBA0006FF00F0070BD6FF00F007047884260D0BB
:10DBB0002DE9F041CD8806460F46C088002D3DD0A6
:10DBC0006C1E18D0096851F8243093B12C46B7F96F
:10DBD0000430A042B38049D242F210739C420FD964
:10DBE0006FF00F00BDE8F08151F82350002DEED109
:10DBF0001C46631EF8D1B7F90430B38048BB01243A
:10DC00000421204607F0A6FB05460028E8D031682D
:10DC100041B1F28892000DF005FEF188306889006C
:10DC200007F0AEFBF48035604FEA8408424639685D
:10DC300028460DF0F7FD0020BDE8F0810028D1D086
:10DC400001238200B380306829460DF0C9FE2846C2
:10DC5000C8E74FF0040801243368021B920003EB6D
:10DC6000080000210DF0BCFE3568DFE74FEA8408AC
:10DC7000F2E70020704700BFC28870B504460D4629
:10DC80009AB106689200304600210DF0A9FE85EA9F
:10DC9000E571A1EBE571ED0FEB035B1B22685B0007
:10DCA000013311600020A38070BD0421012007F022
:10DCB00051FB064678B1216841B1E28892000DF02F
:10DCC000B1FDE1882068890007F05AFB0123042296
:10DCD0002660E380D7E76FF00F0070BDC388B1EB1B
:10DCE000431F09D203684A0953F8220001F01F01BB
:10DCF000C84000F0010070470020704770B4C5882C
:10DD0000D5B100210E460468043C002254F8040FEB
:10DD100003E0202A01F1010109D020FA02F313F0F7
:10DD2000010302F10102F4D0084670BC70470136CD
:10DD3000B542EAD11946F7E72946F5E7C1880068F8
:10DD40000BF09EB9C18808B500680BF099F907304F
:10DD5000C00808BD2DE9F041164612F0030218BFB5
:10DD6000012212EB96040546884600683DD0E988FA
:10DD70008C422AD010B1890007F002FB42F21073E6
:10DD8000002101229C42C5E900121AD80421204634
:10DD900007F0E0FA0746A0B1296841B1EA8892008D
:10DDA0000DF040FDE9882868890007F0E9FAEC8069
:10DDB0002F603346424621463846BDE8F0410BF01D
:10DDC0009BB96FF00F00BDE8F081A20000210DF0BB
:10DDD00007FE01232F68EC88AB804246334621467C
:10DDE0003846BDE8F0410BF087B918B1E9888900E1
:10DDF00007F0C6FA002301221C461F466A602B600A
:10DE00004246334621463846BDE8F0410BF074B92E
:10DE100010B40446134600680A46E1885DF8044BD6
:10DE20000BF098B9F8B504460E460068E1880BF08F
:10DE300027F9E1883044B0EB411F0BD910F01F03E4
:10DE400018BF012342F2107203EB501595421DD802
:10DE5000A94206D32768384632460BF027FA00203D
:10DE6000F8BD0421284607F075FA074670B121680D
:10DE700041B1E28892000DF0D5FCE188206889006C
:10DE800007F07EFA2946E5802760E4E76FF00F008F
:10DE9000F8BD00BF08B5C3880BB9002008BD0A460D
:10DEA000006819460BF096F9002008BDC38870B4CD
:10DEB000CA88002B52D0046803F18045013D54F814
:10DEC000256004EB85041EB11AE054F8045DBDB969
:10DED000013BFAD1002A3ED00D6802F180410139A0
:10DEE00055F82140BCB905EB810102E051F8044D21
:10DEF0007CB9013AFAD1181C18BF012070BC7047D8
:10DF000032B30D6802F18041013955F82140002CEF
:10DF1000E9D09A421CD39A4203D970BC4FF0FF302B
:10DF20007047046803F18043013B55F8231054F80F
:10DF300023009A00884204EB02032A4408D8ECD359
:10DF40009C4208D053F8040D52F8041D8842F6D9BB
:10DF5000012070BC7047002070BC7047002AFAD0C6
:10DF60000D6802F18041013955F82140002CBAD0EA
:10DF7000D3E700BFC388F0B4CA8873B1046803F163
:10DF80008045013D54F8256004EB85041EB13AE05C
:10DF900054F8045DBDBB013BFAD18AB302F1804461
:10DFA0000F68013C57F82450002D46D107EB84043C
:10DFB00002E054F8045D8DBB013AFAD103B3B0F925
:10DFC0000400F0BC7047002A02DDBCF1000F3FD115
:10DFD000066803F18043013B990057F8230056F887
:10DFE00023307218984239442CD307D92DE052F8C7
:10DFF000045D51F8044DA54224D826D39642F6D1AB
:10E000000020F0BC7047002AD9D002F180440F688C
:10E01000013C57F82450002DC8D000E06BB193426A
:10E02000CDD80AD3B0F904C0B1F90420BCF1000F77
:10E03000C9DD002ACCDA0120C3E7B1F90430F0BC15
:10E04000584270476046F0BC7047CCF10000B8E71A
:10E050004FF0FF30B5E700BF002970B420DACB0FD6
:10E06000DA03D21A5200C4880132494213B20CB307
:10E07000056804F18042013A55F8226005EB8202FE
:10E080001EB108E052F8046D2EB9013CFAD189B9ED
:10E09000002070BC704781B970BCB0F904007047B3
:10E0A000CA0FD3039B1A5B00C48801331BB2002C38
:10E0B000DED1ECE7584270BC7047012CECD1B0F9CE
:10E0C0000400002807DD01330CD02B688B42E0D818
:10E0D000DED24042DDE7012BF7D10028F5D04FF02A
:10E0E000FF30D6E72046D4E790422DE9F8430646B4
:10E0F0000F4606D08842144602D0FFF757FDA0B95C
:10E1000027460123FD88B38075B13A6805F1804345
:10E11000013B52F8231002EB830319B107E053F8D7
:10E12000041D21B9013DFAD10020BDE8F88342F277
:10E1300010739D424ED8F388AB4236D334682B46D9
:10E14000214620460BF0F2F804EB850281460028B8
:10E15000EAD042F210780CE0346804EB8702043A0B
:10E1600013683D4613EB090342F8043B4FF00109E5
:10E17000DAD3F3886F1CAB42F2D847452AD8BB42AA
:10E18000EAD20421384607F0E5F8044610B33168B6
:10E1900041B1F28892000DF045FBF18830688900AA
:10E1A00007F0EEF8F7803460D7E70421284607F03F
:10E1B000D1F8044670B1316841B1F28892000DF097
:10E1C00031FBF1883068890007F0DAF834603A688A
:10E1D000F580B4E76FF00F00A7E700BF2DE9F84323
:10E1E000D4887CB1136804F18046013E53F8265070
:10E1F00003EB860325B141E053F8045D002D3DD1CA
:10E20000013CF9D1CE880024B44642F210739E42FC
:10E2100060D8C3880F46B3420546904635D3D0F840
:10E220000090A4450FD89E421ED3D8F8002039682C
:10E23000484623460BF098F800283FD101230020E0
:10E24000AB80BDE8F883AF42EDD03968ACEB040297
:10E25000A0000144920048440DF0E4FAEB88FE88E7
:10E26000D5F800909E42E0D29B1B09EB86009A00F5
:10E2700000210DF0B5FBD5F80090D6E7CE88A64278
:10E28000B446C2D26FF00900DBE70421304607F044
:10E2900061F88146F0B1296841B1EA8892000DF039
:10E2A000C1FAE9882868890007F06AF8EE80B7F8B3
:10E2B00006C03346C5F800906646B2E72968EB8889
:10E2C00001EB840102461B1B08460BF0D1FD002820
:10E2D000B4D0D7E76FF00F00B3E700BF2DE9F041EE
:10E2E000B1F904509488804614FB05F403FB04F351
:10E2F000002B20DA0F46114638461646FFF7D6FDAA
:10E30000041E0CDB324639464046FFF767FF20B952
:10E31000002C08BF0125A8F80450BDE8F0813A465A
:10E3200031464046FFF75AFF0028F6D16D42A8F863
:10E330000450BDE8F081FFF7D7FE0028EDD1A8F822
:10E340000450BDE8F08100BF2DE9F0419388B1F998
:10E350000440074613FB04F3002B20DA0E46114657
:10E3600030461546FFF7A2FDB0F100080CDB2A4647
:10E3700031463846FFF732FF20B9B8F1000F08BF29
:10E380000124BC80BDE8F081324629463846FFF7BB
:10E3900025FF0028F6D16442BC80BDE8F081FFF77C
:10E3A000A3FE0028EED1BC80BDE8F0812DE9F0414C
:10E3B0009388B1F90440074613FB04F3002B20DDDA
:10E3C0000E46114630461546FFF770FDB0F10008C5
:10E3D0000CDB2A4631463846FFF700FF20B9B8F17A
:10E3E000000F08BF0124BC80BDE8F08132462946F9
:10E3F0003846FFF7F3FE0028F6D16442BC80BDE842
:10E40000F081FFF771FE0028EED1BC80BDE8F081FD
:10E410002DE9F047012782EAE275A5EBE275D20FFC
:10E42000D3039B1ABB403B44B1F904601BB206FB0B
:10E4300003F284B0ADF80C30002A01AB0195ADF8C1
:10E440000E700293804647DAB1F806900C46CC462F
:10E45000B9F1000F00F0A380086809F18043013B87
:10E4600050F823204F4600EB830322B13EE053F8DF
:10E47000041D00293AD1013FF9D105BB3D4642F2C6
:10E480001073994500F29080B8F8062091454DD858
:10E49000D8F800A0674535D3914575D3216850461B
:10E4A0003B46029A0AF060FF00285DD1002D08BFAC
:10E4B00001260020A8F8046004B0BDE8F0872246D9
:10E4C00002A94046FFF78AFE0028F5D17642A8F857
:10E4D000046004B0BDE8F08702AAFFF705FE00283B
:10E4E000EAD1A8F8046004B0BDE8F08715B92F465A
:10E4F0000125C4E7012F17D103689D42BED3DED8A2
:10E500000025BCE7A045C7D02168ACEB0702B800E6
:10E510009200014450440DF085F9B8F80620B4F893
:10E520000690D8F800A0B7E70127A7E704214846DE
:10E5300006F010FF8246B8B3D8F8001059B1B8F809
:10E54000062092000DF06EF9B8F80610D8F8000019
:10E55000890006F015FFA8F80690B4F806C04A46F0
:10E56000C8F800A0E14695E7D8F80010B8F80630E2
:10E5700001EB87010246DB1B08460BF079FC002803
:10E5800094D06FF0090097E7A2EB09020AEB89002B
:10E59000920000210DF024FAD8F800A07EE7002DAB
:10E5A0008DD14F464D466FE76FF00F0084E700BFF7
:10E5B0002DE9F047012782EAE275A5EBE275D20F5B
:10E5C000D3039B1ABB403B44B1F904601BB206FB6A
:10E5D00003F284B0ADF80C30002A01AB0195ADF820
:10E5E0000E700293804647DDB1F806900C46CC468B
:10E5F000B9F1000F00F0A380086809F18043013BE6
:10E6000050F823204F4600EB830322B13EE053F83D
:10E61000041D00293AD1013FF9D105BB3D4642F224
:10E620001073994500F29080B8F8062091454DD8B6
:10E63000D8F800A0674535D3914575D32168504679
:10E640003B46029A0AF090FE00285DD1002D08BFDB
:10E6500001260020A8F8046004B0BDE8F087224637
:10E6600002A94046FFF7BAFD0028F5D17642A8F886
:10E67000046004B0BDE8F08702AAFFF735FD00286A
:10E68000EAD1A8F8046004B0BDE8F08715B92F46B8
:10E690000125C4E7012F17D103689D42BED3DED800
:10E6A0000025BCE7A045C7D02168ACEB0702B80045
:10E6B0009200014450440DF0B5F8B8F80620B4F8C3
:10E6C0000690D8F800A0B7E70127A7E7042148463D
:10E6D00006F040FE8246B8B3D8F8001059B1B8F839
:10E6E000062092000DF09EF8B8F80610D8F8000049
:10E6F000890006F045FEA8F80690B4F806C04A4620
:10E70000C8F800A0E14695E7D8F80010B8F8063040
:10E7100001EB87010246DB1B08460BF0A9FB002832
:10E7200094D06FF0090097E7A2EB09020AEB890089
:10E73000920000210DF054F9D8F800A07EE7002DDA
:10E740008DD14F464D466FE76FF00F0084E700BF55
:10E750002DE9F04F06460123002089B08E429046F5
:10E760000490CDE90530079300F0B28046450F468E
:10E7700000F0B880FC887CB13B6804F18042013A2B
:10E7800053F8221003EB820321B17AE053F8042DF1
:10E79000002A76D1013CF9D1B8F80650002D00F0DE
:10E7A000AB8000244FF00109D8F8003005F1804219
:10E7B000013A53F8221003EB820321B15EE053F8D3
:10E7C000042D002A5AD1013DF9D1A2464FF001098A
:10E7D00042F210739A4500F29480F288524533D386
:10E7E000002A55D0336892004FF0000A4FF0010B19
:10E7F000184651460DF0F4F83068D8F80030396802
:10E800002246C0F800A0A6F804B000950AF07AFEEF
:10E81000B9F1000F55D0D146A6F804B0069820B142
:10E82000BDF81E10890006F0ABFD002201230498FC
:10E83000CDE9062320B1BDF81610890006F0A0FD31
:10E84000484609B0BDE8F08F0421504606F082FD2D
:10E850000346002855D0316851B1F28803909200E8
:10E860000CF0E0FFF1883068890006F089FD039B19
:10E87000A6F806A033604FEA8A02B5E705EB040A62
:10E88000A6E7B8F80650002D9FD04FF000098BE79F
:10E890000421012006F05EFD0346002831D03168D6
:10E8A00051B1F288039092000CF0BCFFF1883068FF
:10E8B000890006F065FD039B012104223360F1808D
:10E8C00092E7BB88B8F8042013FB02F3B380A5E7F6
:10E8D00004A8FFF76BF9814600289FD1464504AF95
:10E8E0007FF448AF06A83146FFF760F9814600285B
:10E8F00094D10DF118083DE7F2882C464FF001093C
:10E900006EE76FF00F0989E72DE9F043CC8883B0FB
:10E91000054684B10B68174604F18042013A0E4661
:10E9200053F8221003EB820319B117E053F8042DBA
:10E93000A2B9013CFAD1EA88002A43D02C6892009F
:10E94000002120460DF04CF800230122984629684A
:10E950000B60AA80404603B0BDE8F083002FEAD0E8
:10E9600042F2107304F10108984541D8EB889845AC
:10E9700012D831462846FFF719F980460028E9D118
:10E98000013F009723463268E98828680AF010FDA5
:10E99000404603B0BDE8F0830421404606F0DAFCAF
:10E9A000814628B3296841B1EA8892000CF03AFF09
:10E9B000E9882868890006F0E3FCA5F80680C5F818
:10E9C0000090D6E70421012006F0C4FC044678B18B
:10E9D000296841B1EA8892000CF024FFE988286890
:10E9E000890006F0CDFC012304222C60EB80A7E710
:10E9F0006FF00F08AEE700BF2DE9F04FDF889BB046
:10EA000077B11E6807F18045013D56F8254006EBB9
:10EA100085061CB10AE056F8044D3CB9013FFAD115
:10EA20006FF00B0630461BB0BDE8F08FB3F9044021
:10EA3000002CF5D015469A464FF001080023BB4A3A
:10EA40008946044617AF514628460B930D930F9302
:10EA50001193CDF83080CDF83880CDF84080CDF8D6
:10EA60004880CDE91372FFF721FA002851DA74B11A
:10EA7000E288002A00F04281266892000021304698
:10EA80000CF0AEFF0021012322681160A380B9F1D0
:10EA9000000F39D029464846FFF788F8064698B354
:10EAA0000B9820B1BDF83210890006F069FC0022F5
:10EAB00001230D98CDE90B2320B1BDF83A10890050
:10EAC00006F05EFC002201230F98CDE90D2320B152
:10EAD000BDF84210890006F053FC00220123119872
:10EAE000CDE90F2320B1BDF84A10890006F048FC9B
:10EAF0000022012338460C21CDE9112306F036FC13
:10EB000030461BB0BDE8F08F002630461BB0BDE894
:10EB1000F08F0BA82946FFF749F806460028BFD119
:10EB20000DA85146FFF742F806460028B8D142F238
:10EB30001073EE88ADF8388002369E42ADF8308012
:10EB400000F3CD81BDF84220964200F2F180002A08
:10EB500000F038810F9E9200304600210CF040FFFB
:10EB600042F2107300200122EE880F9902369E4275
:10EB70000860ADF8402000F3B281BDF84A309E42F3
:10EB800000F23B81BDF83A100D980AF079FA00F0D6
:10EB90001F001F2840F0E78000230293BDF83230A9
:10EBA000BDF83AB00193A3EB0B084FEA48130DA848
:10EBB00019460093FFF736F9064600287FF470AF38
:10EBC0004FEA88080FE00F984FF0FF3350F8081015
:10EBD0000DAA013140F808100BA90846FFF77EFB8B
:10EBE000002840F023810DA90BA8FFF7C3F90028E6
:10EBF000E9DABDF83A10002940F06C81019B0BF175
:10EC0000FF32013B93420093104640F292816FF035
:10EC10004043019A05961A4411461B1A9B0004931F
:10EC200003460BF18042A1EB0B01023A4FEA810B44
:10EC300092008100CDF8209009950E4691461D4620
:10EC40000098CDE906A48000039701900B9B0D9AD4
:10EC50001958925903EB0008049B914203EB000AF8
:10EC60000F9CC0F0E5804FF0FF3344F80A30009B62
:10EC7000012B40F2EF8058F8083C039A136058F8D3
:10EC8000043C4FF0010A039A5360D8F800309360B7
:10EC900054F80B20524444F80B2017E02946196021
:10ECA00091590F9A596011A952F80B200846FFF7A5
:10ECB0002BFE002840F0BA8013A911A8FFF75AF9DB
:10ECC0000F9C002854F80B2040F3CD80BDF84A304B
:10ECD000013A44F80B20002B5AD0119C9A00204690
:10ECE00000210CF07DFE0022119B1A60ADF848A0B7
:10ECF0000D9A002DD2D052F80910D0E740460421D9
:10ED000006F028FB0646002800F0E980216841B1A2
:10ED1000E28892000CF086FDE1882068890006F008
:10ED20002FFB012304222660E380A7E601000300F5
:10ED30000421304606F00EFB8046002800F0CF800C
:10ED40000F9951B1BDF8422092000CF06BFDBDF857
:10ED500042100F98890006F013FBB2B2ADF84220C2
:10ED6000CDF83C80F3E6C0F11F0319460BA80293CF
:10ED70009846FFF757F8064600287FF491AE4146C3
:10ED80000DA8FFF74FF8064600283FF407AF87E6C7
:10ED90000421012006F0DEFA0446002800F09F80DE
:10EDA000119951B1BDF84A2092000CF03BFDBDF81D
:10EDB0004A101198890006F0E3FA0422ADF84AA03F
:10EDC00011948CE70421012006F0C4FA06460028BD
:10EDD00000F085800F9951B1BDF8422092000CF0EF
:10EDE00021FDBDF842100F98890006F0C9FA0123F1
:10EDF00004220F96ADF84230AEE60421304606F00C
:10EE0000A9FA804600286AD0119951B1BDF84A206C
:10EE100092000CF007FDBDF84A101198890006F029
:10EE2000AFFAADF84A60CDF84480ABE6064637E667
:10EE300058F8040C002A74D000230DF075FC002350
:10EE40004FF0FF328B4208BF824200D2104644F896
:10EE50000A000CE7039B1A4600231360009B002B5B
:10EE60003FF40FAF0BE70DA911A8FFF74DFD0028E8
:10EE7000DCD14FEACB04214611A8FEF7D3FF0028CE
:10EE8000D4D10BA94FF0FF3311AA0846FFF726FA99
:10EE90000028CBD1BDF8323073B10B9A03F1804119
:10EEA000013952F8210002EB810218B11AE052F840
:10EEB000041DB9B9013BFAD1009B019A013B043A08
:10EEC0009D4200930192ABF1040B2DD2139B10468F
:10EED0000393BBE6009A0D980AF07CF98EE66FF07A
:10EEE0000F06DDE5BDF93030002BE5DA0DA911A8DC
:10EEF000FEF75CFE002899D1214611A8FEF792FF8B
:10EF0000002893D10BA911AA01230846FFF7E6F9BF
:10EF100000288BD10F9A52F80B30013B42F80B308E
:10EF2000CAE74FF0FF3092E7099DDDE9056ADDE9A8
:10EF3000074964B10FA92046FEF738FE00287FF488
:10EF400075AFBAF80420AB8813FB02F3A380B9F1C4
:10EF5000000F3FF4A5ADBDF83210D9B9AB880BA9AD
:10EF60004846ADF83030FEF721FE00287FF45EAF52
:10EF70004FF001130A90169315A90AAB4846159352
:10EF8000FEF7DEFC00287FF48BAD01230646A9F8CE
:10EF9000043085E5029A0B980AF01CF9DEE700BF01
:10EFA000D3882DE9F04115467BB1146803F1804602
:10EFB000013E54F8262004EB860422B160E054F8A8
:10EFC000046D002E5CD1013BF9D10A46044601468E
:10EFD0002B460020FFF710FD00BB6FF04046E18894
:10EFE000A9B123688A1953F8220003EB820318B1F0
:10EFF00016E053F8042D9AB90139FAD107E04FF021
:10F00000FF332A4621462046FFF768F930B92946E2
:10F010002046FEF7AFFF0028F1DA0020BDE8F081BE
:10F02000B4F90470002FF2DAAB8813FB07F3002B5E
:10F0300013DA29462046FEF739FFB0F1000815DB48
:10F040002A4621462046FFF7C9F80028E6D1B8F144
:10F05000000F08BF0127A780C1E72A4621462046A6
:10F06000FFF742F80028D9D1A780B8E72246294601
:10F070002046FFF7B3F80028D0D17F42A780AEE743
:10F08000B5F90430002BA0DA6FF00900C6E700BF25
:10F090002DE9F04F89B0129C0546E088139F80B19E
:10F0A000884600F1804C21680CF1FF3C51F82C603F
:10F0B00001EB8C0C1EB10AE05CF8046D3EB901381E
:10F0C000FAD16FF0030B584609B0BDE8F08FB4F9E0
:10F0D00004000028F5DD0968C907F2D5D188106859
:10F0E000A9B101F1804C0CF1FF3C50F82C6000EB11
:10F0F0008C0C002E40F0A6800E469E4604E05CF884
:10F10000043D002B40F09D80013EF8D173460493EE
:10F11000164609F0B5FFB0F5005FD2D8E188206847
:10F1200009F0AEFFB0F5005FCBD8F188002900F000
:10F130008F80E0880AF070FE0421824606F00AF90A
:10F140008146002800F03281002201234FEA8A0A1A
:10F15000CDE90623002F00F0DE803B68002B00F095
:10F16000B48042F21073B4F806B09B4500F21781E8
:10F17000FB889B4500F2B78097E8030008AB03E9E2
:10F18000030041462846FEF711FD8346002840F063
:10F19000978001232146AB802846FEF7EBFE00282E
:10F1A00069DA42F21073B4F806B09B4500F20181AF
:10F1B000EB889B4568D820680AF064FA069B2968AA
:10F1C0000090CDF808900193E388226883460846B2
:10F1D0000AF076FE049B069AB3F12A3FF388296869
:10F1E0003068CDE901320090CDF80C900846E388F4
:10F1F000226862D00AF01AFE2968CDE900B90846F3
:10F20000E38822680AF06AFEB8F90430013300F09E
:10F21000AC804FF0000B5146484606F0B1F81FB1E4
:10F220003B68002B7FF44FAF069800283FF44BAFAC
:10F23000BDF81E10890006F0A3F8584609B0BDE8D5
:10F24000F08F7346B2F90460002EBFF660AF38E766
:10F25000EA88002A72D02C6892004FF0000B2046FA
:10F2600000210CF0BDFB012358462A681360AB80D7
:10F2700009B0BDE8F08F224629462846FFF790FEE8
:10F28000834600288DD0C6E70421584606F062F870
:10F290000346002800F08D80296851B1EA88059066
:10F2A00092000CF0BFFAE9882868890006F068F837
:10F2B000059BA5F806B02B607DE70AF0C7FD9BE72C
:10F2C0005146484606F05CF8AAE706AB18462146C8
:10F2D0000AF05AFC06AB83460028F1D193E80300FC
:10F2E00087E803004DE70421584606F033F803464B
:10F2F000002854D0396851B1FA88059092000CF07A
:10F3000091FAF9883868890006F03AF8059BA7F861
:10F3100006B03B6030E7214606A80AF035FC83467C
:10F3200038B941462846FEF741FC834600283FF4A1
:10F3300030AF5146484606F023F875E70421012016
:10F3400006F008F80446002830D0296841B1EA8860
:10F3500092000CF067FAE9882868890006F010F836
:10F36000012304222C60EB8077E733681B6813F0DD
:10F37000010B3FF450AFE98828680AF08FFD0023A5
:10F3800002220340C043104018430138A8802146A0
:10F390002A4628460123FEF7A1FF83463BE7514654
:10F3A000484605F0EDFF6FF00F0B39E76FF00F0BDC
:10F3B00089E66FF00F0B2EE710B582B0049CCDE903
:10F3C00000340023FFF764FE02B010BD10B582B018
:10F3D000049CCDE900344FF02A33FFF759FE02B008
:10F3E00010BD00BF2DE9F0430123002485B006467F
:10F3F000684690460094CDE9013403930D46FEF72C
:10F40000D5FB0746A8B1009820B1BDF806108900C9
:10F4100005F0B6FF002201230298CDE9002320B1B8
:10F42000BDF80E10890005F0ABFF384605B0BDE809
:10F43000F083414602A8FEF7B9FB07460028E2D157
:10F44000BDF80610002900F0E1808446009F043FCB
:10F45000002257F8044F04E0202A00F1010000F0D8
:10F46000C88024FA02F313F0010302F10102F3D081
:10F47000BDF80EE0BEF1000F00F0C2800024A046EF
:10F48000DDF80890A9F1040C00235CF8047F03E088
:10F49000202B04F101042ED027FA03F212F0010F01
:10F4A00003F10103F4D054B3A04228BF20468146A3
:10F4B00001236FF04045ADF80C30ADF8043069B170
:10F4C00000984A1950F8223000EB8202F3B90B463B
:10F4D00002E052F8047DCFB9013BFAD1494602A8B7
:10F4E000FEF7A0FC074600288DD102A93046FEF7A2
:10F4F0005DFB074687E708F10108F045C4D1D9F85C
:10F500000030DB077CD54FF00009D1E7BDF90430AE
:10F51000002BE3D000229646A0F10408002758F8FB
:10F52000044F03E0202F02F101023ED024FA07F33A
:10F5300013F0010307F10107F4D000293CD1BDF815
:10F540000E00C0B100229046029CA4F1040C0027DA
:10F550005CF8041F03E0202F02F101022FD021FAF2
:10F5600007F313F0010307F10107F4D018B10146C6
:10F57000204609F02FFE02A96846FEF7FBFC002892
:10F5800023DB02AA69466846FEF728FE07460028E4
:10F590007FF439AFBDF8061000299FD001220098F2
:10F5A00009F018FEBDF8061089E70EF1010E8E4530
:10F5B000B4D11A460029C2D009F00CFEBFE708F109
:10F5C00001088045C3D11A46D0E702A96A46084619
:10F5D000FEF704FE074600287FF415AFBDF80E10B5
:10F5E00011B9BDF806106AE70122029809F0F2FD90
:10F5F000F7E70CF1010C8C457FF42AAF184637E78A
:10F6000029463046FEF7D2FA0746FCE608462FE7C1
:10F610002DE9F0430D4611F0030118BF012111EB54
:10F62000950483B00646174698463CD0C1880068CA
:10F630008C422CD010B1890005F0A2FE42F210736A
:10F64000002101229C42C6E9001239D8042120463B
:10F6500005F080FE8146002832D0316841B1F28841
:10F6600092000CF0DFF8F1883068890005F088FE20
:10F67000F480C6F8009095B1CDF800803B462A464C
:10F68000F18830680AF09CFA03B0BDE8F083A2006C
:10F6900000210CF0A5F90123B380002DECD1284600
:10F6A00003B0BDE8F0830028E5D0006818B1F18808
:10F6B000890005F065FE00220123C6E90023DAE790
:10F6C0006FF00F00E0E700BF2DE9F047B1F100094E
:10F6D00082B017DBD5882F46A5B1116805F18044AB
:10F6E000013C51F824C0A6008C19BCF1000F0ED1CA
:10F6F000AC4604E054F8048DB8F1000F08D1BCF119
:10F70000010CF7D16FF0030002B0BDE8F087AC4602
:10F71000B9F1000F41D1B2F904100029F2DDC1881E
:10F7200004468D4298469246006821D010B1890067
:10F7300005F026FE42F21073002101229D42C4E929
:10F74000001236D80421284605F004FE064680B390
:10F75000216841B1E28892000CF064F8E1882068E9
:10F76000890005F00DFE2660DAF80020E58009E04A
:10F77000321D00210CF034F901232668E788DAF8FD
:10F780000020A3800A9B4946CDE9008330463B46D2
:10F790000AF04CFA02B0BDE8F087BCF1010FBAD113
:10F7A000B2F90440002CADDB09688945AAD2214694
:10F7B000B3E76FF00F00A7E72DE9F043D48897B0C7
:10F7C000002C00F0B280156804F18043013B55F82D
:10F7D000236005EB83031EB105E053F8046D16B9F1
:10F7E000013CFAD1A1E0012CB2F9046000F097804D
:10F7F000002E40F39A8000240123064602A80494B8
:10F80000069408940A9402940C940E941094129402
:10F810000F4615460593079309930B9303930D9396
:10F820000F9311931393FFF7DDFD0446A0B9BDF8C4
:10F830000E207AB1029902F18043013B51F8230076
:10F8400001EB830320B176E053F8040D002872D158
:10F85000013AF9D16FF00D04049820B1BDF81610EB
:10F86000890005F08DFD002201230698CDE90423CF
:10F8700020B1BDF81E10890005F082FD0022012391
:10F880000898CDE9062320B1BDF82610890005F0BF
:10F8900077FD002201230A98CDE9082320B1BDF8A5
:10F8A0002E10890005F06CFD002201230298CDE99D
:10F8B0000A2320B1BDF80E10890005F061FD002279
:10F8C00001230C98CDE9022320B1BDF83610890040
:10F8D00005F056FD002201230E98CDE90C2320B13E
:10F8E000BDF83E10890005F04BFD00220123109861
:10F8F000CDE90E2320B1BDF84610890005F040FD8A
:10F90000002201231298CDE9102320B1BDF84E103A
:10F91000890005F035FD204617B0BDE8F083002EC4
:10F9200003DB2B68012B3FF663AF6FF00304204627
:10F9300017B0BDE8F083012ABDF90C0000F09780F4
:10F94000002887D1394604A82A46FFF729FB044638
:10F95000002881D106A804A9FEF728F9044600284A
:10F960007FF47AAF0CA82946FEF720F90446002858
:10F970007FF472AF0EA82946FEF718F90446002856
:10F980007FF46AAFBDF82620002A00F0B980089CF9
:10F990009200204600210CF023F80120089BBDF8BE
:10F9A0002E201860ADF82400002A00F0C4800A9CC4
:10F9B0009200002120460CF013F8002101200A9B40
:10F9C000BDF846201960ADF82C00002A00F0D68062
:10F9D000109C9200002120460CF002F8002101202A
:10F9E000109BBDF84E201960ADF84400002A00F0CD
:10F9F00043819200002112980BF0F2FF0123129A2A
:10FA00001360ADF84C3006980368DC0746D4BDF8A7
:10FA10001E10002940F0A980089B1B68DB0703D457
:10FA20000A9B1B68DF0714D508A9084601230CAA06
:10FA3000FEF754FC044600287FF40EAF0AA90846DE
:10FA40004FF0FF3304AAFEF749FC044600287FF478
:10FA500003AFBDF82610002940F08B80BDF82E10B2
:10FA60000029D0D001220A9809F0B4FBCBE7002886
:10FA7000FFF6F0AE0B68012B3FF662AF002B7FF470
:10FA800061AF40425CE70122109809F0A3FBBDF88A
:10FA90004E1019B10122129809F09CFB0E980368D0
:10FAA000DB0700F18580BDF83E1029BB109B1B6869
:10FAB000D90703D4129B1B68DA0714D510A90123B8
:10FAC0000CAA0846FEF70AFC044600287FF4C4AEE0
:10FAD00012A94FF0FF3304AA0846FEF7FFFB0446C5
:10FAE00000287FF4B9AEBDF846100029CBD1BDF88F
:10FAF0004E100029D2D0CDE7012209F06BFBD5E7EB
:10FB00000421012005F026FC0446002800F0EB80CB
:10FB1000089951B1BDF8262092000BF083FEBDF884
:10FB200026100898890005F02BFC01230422089474
:10FB3000ADF826302DE7042105F00CFC0446002822
:10FB400000F0D1800A9951B1BDF82E2092000BF03F
:10FB500069FEBDF82E100A98890005F011FC0123FA
:10FB600004220A94ADF82E3023E7012209F032FB7B
:10FB700052E70122089809F02DFB6FE7042105F0F8
:10FB8000E9FB0446002800F0AE80109951B1BDF8A1
:10FB9000462092000BF046FEBDF8461010988900F2
:10FBA00005F0EEFB012304221094ADF8463011E776
:10FBB0000EA906A8FEF7DEF900284FF0FF3373DB2D
:10FBC00006A90EAA0846FEF789FB044600287FF422
:10FBD00043AE08A908464FF0FF3310AAFEF77EFB9C
:10FBE000044600287FF438AE0AA908464FF0FF33D8
:10FBF00012AAFEF773FB044600287FF42DAE002303
:10FC00004FF0011401AF14A906A80193CDE91474B3
:10FC1000FDF796FE00287FF4F6AE8146A04609E087
:10FC200010A901232A460846FEF758FB044600287F
:10FC30007FF412AE14A910A8CDF80490CDE9147881
:10FC4000FDF77EFE0028EBDB0AE010A94FF0FF3342
:10FC50002A460846FEF742FB044600287FF4FCAD26
:10FC6000294610A8FEF786F90028EEDA10A93046DA
:10FC7000FDF79CFF0446EFE5042105F06BFB04460D
:10FC800088B3129951B1BDF84E2092000BF0CAFD15
:10FC9000BDF84E101298890005F072FB01231294F2
:10FCA0001A46ADF84E30A4E60EA906AA0846FEF79D
:10FCB00015FB044600287FF4CFAD10A94FF0FF33A9
:10FCC00008AA0846FEF70AFB044600287FF4C4ADE4
:10FCD00012A908464FF0FF330AAAFEF7FFFA0446BE
:10FCE00000288CD0B8E56FF00F04B5E5032AF0B416
:10FCF00034D904240026A0F1040C0F1F00E02C4688
:10FD00000CEB04031D683B191B686B40251DAA42C0
:10FD100046EA0306F3D2A2421BD9075D0B5D651CC0
:10FD20007B40954246EA030613D2435D4F5DA51C16
:10FD30007B40AA4246EA03060BD9435D4D5D03347E
:10FD40006B40A24246EA030603D9035D0A5D5340B5
:10FD50001E43B0B240EA1640F0BC7047002634465D
:10FD6000D9E700BF00292ED02DE9F0434FF0000E57
:10FD700001F1FF39A1EB020800EB090C774643467D
:10FD800097EA0302FF1A974313401F43FF170446E5
:10FD9000B9F1000F0CD0227826463B4614F8015FDB
:10FDA0001A40DB432B401343DBB264453370F2D17E
:10FDB0009CF800300EF1010E1F4071458CF8007068
:10FDC000DCD1BDE8F0837047F0B5DDF814C007461C
:10FDD000002B08BF0B46BCF1030F6FEA070740D9A1
:10FDE000042500E0754654195E1954F8044C56F881
:10FDF000046C04403E4005F1040E3443F44501EB2D
:10FE0000050646F8044CEDD2AC4529D95C5D565D3B
:10FE1000C0B2FFB206403C4034436E1CB4454C5562
:10FE20001ED99C5D12F806E03C4000EA0E0E44EA42
:10FE30000E0405F1020EF4458C5511D912F80E404E
:10FE400013F80E6004403E4003353443654501F825
:10FE50000E4005D2525D5B5D10401F40384348554F
:10FE6000F0BD0025D0E700BF032A70B46FEA0000A0
:10FE700023D904230E1F00E02B46F4581D1D044017
:10FE8000AA42F450F8D29A4215D9CC5CC0B25D1C9B
:10FE900004409542CC540ED24C5D9E1C0440B242AC
:10FEA0004C5508D98C5D033304409A428C5502D9D5
:10FEB000CA5C1040C85470BC70470023E3E700BF21
:10FEC0002DE9F04791469846054600248AB004A8DB
:10FED0008A46DDE9126702F0D9FA0294CDE900679B
:10FEE0004B464246284604A903F04AF9044630B17D
:10FEF00004A802F03DFB20460AB0BDE8F08704A844
:10FF000002F0AAFB28B9504604A9FDF74FFE0446AB
:10FF1000EEE7014CECE700BF80B0FFFF2DE9F04FAA
:10FF2000446B95B0DDE92289002C00F0E4800E4698
:10FF30000446012118469B460692FEF78DF80028DC
:10FF4000C0F2D78004F1340739465846FEF712F85C
:10FF5000002880F2CE800EA802F098FA08A8FDF7DB
:10FF6000A1FD0AA8FDF79EFD0CA8FDF79BFD0B2344
:10FF700004F11C0A05930B25CDF88880B846229F12
:10FF8000DDE9202308A9204603F016FA48BBCDE995
:10FF900001900097534608AA0EA9204603F0F0F8F6
:10FFA000F8B942460EA93046FEF7FAFFC8B9014635
:10FFB0003046FEF751F8B0B9013DE1D14F4B0EA8E4
:10FFC000059302F0D5FA08A8FDF772FD0AA8FDF71F
:10FFD0006FFD0CA8FDF76CFD059B184615B0BDE83C
:10FFE000F08F0346EBE73B4647469846236C1E9945
:10FFF000DD1D1F9BED089D4228BF1D460AA82A460D
:020000041001E9
:10000000FDF7A8FE03460028D9D1216CED008D42F2
:1000100006D9691A0AA8FDF73DFF03460028CED18C
:1000200039460AA8FDF7A6FF002859DA4B46424692
:100030000CA9204603F0C0F903460028BFD1069D55
:100040005A4631462846FEF783FB03460028B6D1C0
:100050000AA92A460846FEF777F903460028AED1DA
:100060000AA90CAA0846FEF773FB03460028A6D18E
:1000700008A90CAA0846FEF76BFB034600289ED190
:1000800008A93A460846FEF78BFF0346002896D19A
:100090003A4608A92846FFF78FFB034600288ED171
:1000A0000AAA29462846FEF753FB0346002886D1B4
:1000B0003A4629462846FEF773FF034600287FF498
:1000C0007EAF014607902846FDF7C6FF079B002834
:1000D0007FF475AF059B013B05933FF46FAF4AE793
:1000E0000AA93A460846FEF761F9034600289DD062
:1000F00065E7034B71E7034B6FE700BF00B3FFFFFA
:1001000080B3FFFF80B0FFFF2DE9F041044692B0BD
:100110000CA898460F46154602F0B8F904A8FDF75A
:10012000C1FC06A8FDF7BEFC08A8FDF7BBFC0AA8A9
:10013000FDF7B8FC636B002B00F0A3800121189839
:10014000FDF78AFF002807DB04F1340631461898D2
:10015000FDF710FF002813DB4B4D0CA802F008FA46
:1001600004A8FDF7A5FC06A8FDF7A2FC08A8FDF76A
:100170009FFC0AA8FDF79CFC284612B0BDE8F08160
:1001800001211998FDF768FF0028E5DB3146199831
:10019000FDF7F0FE0028DFDA236C3946DF1DFF088B
:1001A000AF4228BF2F4604A83A46FDF7D3FD0546C7
:1001B0000028D2D1216CFF008F4206D9791A04A8F9
:1001C000FDF768FE05460028C7D1314604A8FDF7B3
:1001D000D1FE00284CDA3246199906A8FFF7ECFA4E
:1001E00005460028B9D106AA04A908A8FEF7B0FA66
:1001F00005460028B1D108A932460846FEF7D0FED0
:1002000005460028A9D106AA18990AA8FEF7A0FA5F
:1002100005460028A1D10AA932460846FEF7C0FECD
:100220000546002899D10AABCDE90180009320460C
:1002300004F11C0308AA0CA903F0B0F80546002835
:100240008BD10CA802F008FA002885D10CA93246FF
:100250000846FEF7A5FE054600287FF47EAF1899F4
:100260000CA8FDF787FE054600283FF476AF73E73C
:1002700004A932460846FEF799F805460028AAD098
:100280006BE7024D78E700BF00B2FFFF80B0FFFFD1
:100290002DE9F04FABB00746046C9DF8D8008A46B4
:1002A0009346994603F0AEFB00286AD00734804697
:1002B00007A8FDF7F7FBE40819A803F039FA09A924
:1002C00022464846FDF7A4FD054648B119A803F0AB
:1002D0008BFB07A8FDF7ECFB28462BB0BDE8F08FA1
:1002E0003E6C359B0736F6089E4228BF1E46349961
:1002F00007A83246FDF72EFD05460028E6D1396CE9
:10030000F6008E4206D9711A07A8FDF7C3FD05460F
:100310000028DBD107F13405294607A8FDF72AFE9E
:10032000002825DA09AB2246191907A8FDF770FD48
:1003300005460028CAD1630009AA414619A803F05E
:10034000BBFA05460028C1D1389B0F4C0593379B5B
:100350005A46049319AB0393359B51460193349B42
:100360003846009302944B46FFF7D8FD0546ADE7AB
:1003700007A92A460846FEF719F805460028D1D0F5
:10038000A4E7024DA8E700BFD539011080B0FFFFF8
:100390002DE9F0419EB0279F002F5BD0044608A8AE
:1003A000984615460E46FDF77DFB0AA8FDF77AFB39
:1003B0000023289A0593CDE9037204F160032046D7
:1003C000CDE9018600950AAA08A9FFF761FF044656
:1003D00048B108A8FDF76CFB0AA8FDF769FB2046A9
:1003E0001EB0BDE8F081482221460CA80BF0F8FAB7
:1003F0001EAB0CA907A80AAA0793FCF703FD051E6C
:1004000022DB08AA0CA907A8FCF7FCFC00281DDBCE
:1004100005442A460CA907A8FCF7A6FC061E17DB14
:100420000CA907A83022FCF7CBFC00280EDB3544D2
:10043000259B0544AB420FD32A46079924980BF01D
:10044000F1F9269B1D60C4E72C46C2E70446C0E7CD
:100450003446BEE7014CC2E7014CBAE780B0FFFF6B
:1004600000B1FFFFF0B589B00E9D044604A81D44FD
:1004700002930E461746FDF715FB06A8FDF712FB83
:10048000294602A8302303AAFCF7F0F950B9DDE9A8
:10049000023213449D422BD104AA294602A8FCF73C
:1004A000A5FA50B1A0F59F4404A8FDF701FB06A8EA
:1004B000FDF7FEFA204609B0F0BD02A806AA2946BB
:1004C000FCF794FA0028EDD106AB019304AB00933E
:1004D000204604F168033A463146FFF715FE04460C
:1004E0000028E1D1029A034B954218BF1C46DBE776
:1004F000014CD9E700B4FFFF1AB0FFFF70B50C46FE
:100500000546114620461A46FDF750FF064680B9BB
:1005100004350AE000212046FDF79EFD48B12A4639
:1005200021462046FDF710FF28B9B4F90430002B0E
:10053000F0DB304670BD0646304670BD70B50C46E7
:100540000546114620461A46FEF702F9064608B14E
:10055000304670BDAB6C002B39D0B4F90430002BA1
:100560002DDB2046FDF7EAFBEB6BB0EB430F2CD8FD
:10057000AB6C2046984706460028E9D104350AE0CE
:1005800000212046FDF768FD48B12A462146204655
:10059000FDF7DAFE80B9B4F90430002BF0DB294610
:1005A0002046FDF7E7FC0028D2DB2A4621462046FC
:1005B000FDF714FE0028F2D00646304670BD014615
:1005C0002046FDF749FD0028CBD0044EC0E72A1D88
:1005D00021462046BDE87040FEF7E2BC80B0FFFF38
:1005E00070B50C46054601212046FDF71BFC06466A
:1005F00068B9043505E02A4621462046FDF7EEFDA0
:1006000038B929462046FDF7B5FC0028F3DA304614
:1006100070BD0646304670BD2DE9F04F85B09DF89F
:1006200038A001900F46CAF3450901F1080B2BB31E
:1006300098461546002401F108060AE05A4630465D
:10064000FDF7B0F901340246E4B2B34690B9A045D3
:1006500014D0A9EB040BBBFA8BFB4FEA5B1B2946BA
:100660005A463846FDF79EF905F10801024618354D
:100670000028E3D0104605B0BDE8F08F02A8FDF7D2
:1006800011FA00215846FDF7E7FC019904465A4645
:10069000043102A8FDF78AFE40B1019002A8FDF7DF
:1006A00007FA019A104605B0BDE8F08F221C18BF6A
:1006B000012202A902EADA125846FDF773F9019005
:1006C00002A8FDF7F5F9019A002AD3D107F110002D
:1006D0000121FDF7D1FA0246104605B0BDE8F08FC2
:1006E0002DE9F0410C460746114620469046FEF79C
:1006F0002FF8054610B12846BDE8F081BB6C002BF1
:100700007FD0B4F90430002BC0F2D6802046FDF72C
:1007100015FBFB6BB0EB430F00F2D580BB6C2046A2
:10072000984705460028E6D13E1D0CE000212046F2
:10073000FDF792FCA0B1324621462046FDF704FEAB
:1007400005460028D7D1B4F90430002BEEDB07E0D2
:10075000324621462046FDF741FD05460028CAD114
:1007600031462046FDF706FC0028F1DAFB68002B35
:1007700054D007F10C0221462046FDF7E5FD054661
:1007800040B1B8E7324621462046FDF727FD054631
:100790000028B0D131462046FDF7ECFB0028F1DA05
:1007A000424621462046FDF7D3FF05460028A2D148
:1007B000BB6C002B77D0B4F90430002BC0F28580DD
:1007C0002046FDF7BBFAFB6BB0EB430F7BD8BB6C4D
:1007D00020469847054678B18DE700212046FDF771
:1007E0003BFC00283FD0324621462046FDF7ACFDB9
:1007F000054600287FF47FAFB4F90430002BECDB12
:1008000031E03E1D324621462046FEF7C9FB054633
:1008100000287FF470AFFB68002BAAD10322214689
:100820002046FDF7C5FE054678B164E70021204665
:10083000FDF712FC0028B3D0324621462046FDF7D2
:1008400083FD054600287FF456AFB4F90430002B31
:10085000ECDBA5E7324621462046FDF7BFFC054606
:1008600000287FF448AF31462046FDF783FB00287F
:10087000F0DA07F1140221462046FDF765FD054632
:1008800000287FF438AF31462046FDF773FB00287F
:10089000FFF631AF324621462046FDF79FFC002887
:1008A000F1D0054627E7324621462046FEF778FB81
:1008B00005460028DDD01EE701462046FDF7CCFBAB
:1008C00000283FF423AF054D15E701462046FDF70C
:1008D000C3FB00283FF474AFF5E700BF80B0FFFF13
:1008E0002DE9F04301F1100883B00E468146002146
:1008F0004046FDF7B1FB20B90446204603B0BDE8F1
:10090000F083684609F10407FDF7CCF868463A46DB
:100910004146FEF751FF044640B906F10805294655
:1009200028466A46FDF714FF044630B16846FDF7D5
:10093000BFF8204603B0BDE8F083D9F84830002B5B
:1009400000F0AC80B6F90C30002BC0F21A812846BA
:10095000FDF7F4F9D9F83C30B0EB430F00F2F0802A
:10096000D9F8483028469847044668B1DEE70021A8
:100970002846FDF771FBA0B13A4629462846FDF707
:10098000E3FC04460028D1D1B6F90C30002BEEDB95
:1009900007E03A4629462846FDF720FC0446002891
:1009A000C4D139462846FDF7E5FA0028F1DA6A464F
:1009B00069466846FDF7CCFE04460028B6D1D9F852
:1009C0004830002B00F0D380BDF90430002BC0F27A
:1009D000B0806846FDF7B2F9D9F83C30B0EB430F70
:1009E00000F2AE80D9F8483068469847044668B1AE
:1009F0009CE700216846FDF72FFBA0B13A46694607
:100A00006846FDF7A1FC044600288FD1BDF90430EB
:100A1000002BEEDB07E03A4669466846FDF7DEFB51
:100A20000446002882D139466846FDF7A3FA00281B
:100A3000F1DA6A4631463046FDF78AFE0446002860
:100A40007FF474AFD9F84830002B00F0A280B6F9DB
:100A50000430002BC0F2AF803046FDF76FF9D9F8B3
:100A60003C30B0EB430F6BD8D9F84830304698474C
:100A7000044670B15AE700213046FDF7EDFAF8B1AF
:100A80003A4631463046FDF75FFC044600287FF4C5
:100A90004DAFB6F90430002BEDDB11E03A462946A4
:100AA0002846FEF77DFA0446002880D03EE73A4605
:100AB00031463046FDF792FB044600287FF436AFFE
:100AC00039463046FDF756FA0028F0DA6A462946DC
:100AD0002846FDF73DFE044600287FF427AFD9F8ED
:100AE0004830002B5ED0B6F90C30002B6BDB28466B
:100AF000FDF724F9D9F83C30B0EB430F20D8D9F8F2
:100B0000483028469847044670B10FE70021284630
:100B1000FDF7A2FAF8B13A4629462846FDF714FC3B
:100B2000044600287FF402AFB6F90C30002BEDDB51
:100B300011E001466846FDF78FFA00283FF449AFFF
:100B4000244CF3E63A4629462846FDF747FB04467F
:100B500000287FF4EBAE39462846FDF70BFA002853
:100B6000F0DA40460121FDF787F80446DEE63A4612
:100B700069466846FEF714FA044600283FF459AF68
:100B8000D4E601462846FDF767FA00283FF4DFAEB9
:100B9000D6E73A4631463046FEF702FA04460028C8
:100BA00094D0C3E63A4629462846FEF7F9F90446AA
:100BB0000028D6D0BAE601463046FDF74DFA0028A7
:100BC0003FF44AAFBCE701462846FDF745FA002846
:100BD0008DD0B5E780B0FFFF2DE9F04F012A85B039
:100BE000019140F2F380804608211046924604F0BD
:100BF000B1FB8346002800F0F58202A80AF1FF3617
:100C0000FCF750FF34465846013C00F10805FCF75C
:100C100049FF621C2846F7D1019C584621681031D3
:100C2000FCF7C4FF0146002859D10127A14608F16D
:100C300004050BF1080459F8042FA4F1080110323F
:100C40002046FDF785FD0146002848D1D8F84830F8
:100C5000002B5CD0B4F90430002BC0F2B0802046E9
:100C6000FDF76CF8D8F83C30B0EB430F36D8D8F825
:100C7000483020469847014660B130E000212046C8
:100C8000FDF7EAF9B8B121462A462046FDF75CFB9C
:100C9000014620BBB4F90430002BEFDB2946204687
:100CA000FDF768F900280CDB21462A462046FDF7AF
:100CB00095FA014698B929462046FDF75BF90028C8
:100CC000F2DA7B1C9A4504F108042DD01F46B2E7E6
:100CD0002046FDF7C1F9002800F07781C34902A83A
:100CE0000091FCF7E5FE58460099013E009100F1A5
:100CF0000804FCF7DDFE731C20460099F5D1584628
:100D000004F02EFB0099084605B0BDE8F08F21469F
:100D10002A462046FEF744F901460028DFD17B1C15
:100D20009A4504F10804D1D14FEAC7090BEB090138
:100D300008462A46FEF740FD01460028CFD1019B18
:100D4000A9F1080903EB870733460096D944002B25
:100D500000F0E18109F1080421464A4602A8FDF7A6
:100D6000F7FC01460028BAD1D8F84830002B00F033
:100D70000282BDF90C30002BC0F2268202A8FCF7DB
:100D8000DDFFD8F83C30B0EB430FA7D8D8F8483097
:100D900002A89847014668B1A1E7002102A8FDF723
:100DA0005BF920B302A908462A46FDF7CDFA0146B1
:100DB000002894D1BDF90C30002BEEDB17E0204663
:100DC000FDF74AF900283FF44AAF87E70968FFF7C3
:100DD00087FD0146084605B0BDE8F08F02A9084628
:100DE0002A46FDF7FBF9014600287FF478AF294633
:100DF00002A8FDF7BFF80028F0DA3A682146103261
:100E00004846FDF7A5FC014600287FF468AFD8F8F6
:100E10004830002B00F0B981B9F90430002BC0F242
:100E2000DA814846FCF78AFFD8F83C30B0EB430F34
:100E30003FF654AFD8F8483048469847014670B15D
:100E40004DE700214846FDF707F9B0B149462A466B
:100E50004846FDF779FA014600287FF440AFB9F91A
:100E60000430002BEDDB08E049462A464846FDF7F2
:100E7000B5F9014600287FF432AF29464846FDF710
:100E800079F80028F0DAD7F800A002AA0AF10804DD
:100E900021462046FDF75CFC014600287FF41FAF89
:100EA000D8F84830002B00F03F81BAF90C30002B05
:100EB000C0F275812046FCF741FFD8F83C30B0EB1A
:100EC000430F3FF60BAFD8F848302046984701460D
:100ED00070B104E700212046FDF7BEF8B0B121460D
:100EE0002A462046FDF730FA014600287FF4F7AE87
:100EF000BAF90C30002BEDDB08E021462A462046EB
:100F0000FDF76CF9014600287FF4E9AE294620463A
:100F1000FDF730F80028F0DA02AA11461046FDF776
:100F200017FC014600287FF4DAAED8F84830002BD1
:100F300000F00481BDF90C30002BC0F2378102A80B
:100F4000FCF7FCFED8F83C30B0EB430F3FF6C6AEE2
:100F5000D8F8483002A89847014670B1BFE6002192
:100F600002A8FDF779F8B0B102A908462A46FDF7B4
:100F7000EBF9014600287FF4B2AEBDF90C30002B2E
:100F8000EDDB08E002A908462A46FDF727F90146ED
:100F900000287FF4A4AE294602A8FCF7EBFF002846
:100FA000F0DA3C6802AA21462046FDF7D1FB014653
:100FB00000287FF494AED8F84830002B00F0C880A9
:100FC000B4F90430002BFFF683AE2046FCF7B6FEE2
:100FD000D8F83C30B0EB430F3FF680AED8F848303D
:100FE00020469847014688B179E600BF80B0FFFFF0
:100FF00000212046FDF730F8B0B121462A462046B0
:10100000FDF7A2F9014600287FF469AEB4F9043077
:10101000002BEDDB08E021462A462046FDF7DEF8EE
:10102000014600287FF45BAE29462046FCF7A2FF6C
:101030000028F0DAD7F800A002AA0AF10804214635
:101040002046FDF785FB014600287FF448AED8F81E
:101050004830002B00F08680BAF90C30002BC0F22B
:10106000AC802046FCF76AFED8F83C30B0EB430F6A
:101070003FF634AED8F8483020469847014670B164
:101080002DE600212046FCF7E7FFB0B121462A46B5
:101090002046FDF759F9014600287FF420AEBAF941
:1010A0000C30002BEDDB08E021462A462046FDF7F8
:1010B00095F8014600287FF412AE29462046FCF739
:1010C00059FF0028F0DAB8F80A103868FCF728FD54
:1010D000014600287FF403AE3868B8F80A100830DB
:1010E000FCF71EFD014600287FF4F9AD38680121A8
:1010F0001030FCF7C1FD014600287FF4F0AD009BE5
:10110000043FA9F10809002B3FF4E9AD013B00932E
:10111000002B7FF41FAE594602A8FCF747FD01469D
:1011200000283FF4B0AEDAE521462A462046FDF716
:1011300037FF014600283FF4EFAED0E502A908468C
:101140002A46FDF72DFF014600283FF42AAFC6E5E9
:1011500021462A462046FDF723FF014600283FF49A
:1011600069AFBCE521462A462046FDF719FF014636
:101170000028A8D0B3E502A908462A46FDF710FFCB
:10118000014600283FF439AEA9E549462A464846BB
:10119000FDF706FF014600283FF475AE9FE52046A7
:1011A000FCF75AFF00283FF485AE97E502A8FCF74C
:1011B00053FF00283FF4C3AE90E52046FCF74CFFF8
:1011C00000283FF44EAF89E502A8FCF745FF002850
:1011D0003FF4D4AD82E54846FCF73EFF00283FF4DB
:1011E00020AE7BE500498EE580B2FFFF2DE9F0419E
:1011F000804614461E4684B002A808F104050F4636
:10120000FCF750FC234600962A4602A80221FEF76E
:101210005BFA044658B102A8FCF74AFCC44B14F12F
:101220000E0F08BF1C46204604B0BDE8F08107F150
:1012300010063146304602AAFDF78AFA0446002815
:10124000E9D1D8F84830002B00F00181B7F914300B
:10125000002BC0F29D803046FCF770FDD8F83C3082
:10126000B0EB430F00F29481D8F8483030469847ED
:1012700004460028CFD1B7F91430002B19DA002129
:101280003046FCF7E9FEA0B12A4631463046FDF76C
:101290005BF804460028BED1B7F91430002BEEDB12
:1012A00007E02A4631463046FCF798FF04460028FE
:1012B000B1D129463046FCF75DFE0028F1DA07F18E
:1012C00008063146304602AAFDF742FA04460028D5
:1012D000A1D1D8F84830002B00F0C380B7F90C300A
:1012E000002BC0F233813046FCF728FDD8F83C30A3
:1012F000B0EB430F00F20681D8F8483030469847EB
:10130000044670B187E700213046FCF7A5FEB0B176
:101310002A4631463046FDF717F8044600287FF488
:101320007AAFB7F90C30002BEDDB08E02A463146E6
:101330003046FCF753FF044600287FF46CAF294683
:101340003046FCF717FE0028F0DA02AA11461046D4
:10135000FDF7FEF9044600287FF45DAFD8F8483069
:10136000002B00F0E980BDF90C30002BC0F2C380E7
:1013700002A8FCF7E3FCD8F83C30B0EB430F00F2D6
:10138000C180D8F8483002A898470446B0B142E777
:1013900001463046FCF760FE00283FF45CAFB1E048
:1013A000002102A8FCF758FEB0B102A92A4608465F
:1013B000FCF7CAFF044600287FF42DAFBDF90C30BE
:1013C000002BEDDB08E002A92A460846FCF706FFE1
:1013D000044600287FF41FAF294602A8FCF7CAFD87
:1013E0000028F0DA02AA39463846FDF7B1F904467A
:1013F00000287FF410AFD8F84830002B00F0AE8002
:10140000B7F90430002BC0F2B2803846FCF796FCE6
:10141000D8F83C30B0EB430F74D8D8F84830384691
:101420009847044670B1F6E600213846FCF714FEF2
:1014300050B32A4639463846FCF786FF0446002852
:101440007FF4E9AEB7F90430002BEDDB1CE02A464F
:1014500031463046FDF7A4FD044600283FF42FAF87
:10146000D9E62A4631463046FDF79AFD0446002863
:101470003FF46BAFCFE62A4639463846FCF7AEFE5E
:10148000044600287FF4C7AE29463846FCF772FDB3
:101490000028F0DA02AA31463046FDF759F9044631
:1014A00000287FF4B8AED8F84830002B72D0B7F9D6
:1014B0000C30002B65DB3046FCF740FCD8F83C30A4
:1014C000B0EB430F1ED8D8F8483030469847044652
:1014D00060B1A0E600213046FCF7BEFDE8B12A4627
:1014E00031463046FCF730FF002848D1B7F90C30C0
:1014F000002BEFDB11E0014602A8FCF7ADFD002850
:101500003FF436AF02A8FCF7D3FA0A4C8BE62A4622
:1015100031463046FCF762FE88BB29463046FCF770
:1015200029FD0028F3DA02A8FCF7C2FA7BE600BF27
:1015300000B3FFFF80B0FFFF02A92A460846FDF76F
:101540002FFD044600283FF44DAF64E601463046C7
:10155000FCF782FD00283FF4C6AED3E72A463946A1
:101560003846FDF71DFD0446002893D053E601469A
:101570003846FCF771FD00283FF447AFC2E7044648
:1015800049E601463046FCF767FD002893D0B9E7ED
:10159000044CC8E72A4631463046FDF701FD0446B3
:1015A00039E600BF80B0FFFF2DE9F04F1E46C3684B
:1015B00083B080468A4606F108049146002B00F06D
:1015C000858011462046FDF7C3F810B103B0BDE891
:1015D000F08FD8F84830002B00F0AF80B6F90C300F
:1015E000002BC0F2E4802046FCF7A8FBD8F83C3082
:1015F000B0EB430F00F22482D8F8483020469847D9
:101600000028E3D108F104050BE000212046FCF797
:1016100023FD90B12A4621462046FCF795FE00287E
:10162000D4D1B6F90C30002BEFDB06E02A46214678
:101630002046FCF7D3FD0028C8D129462046FCF7F8
:1016400099FC0028F2DA032221463046FDF75CF9C6
:1016500038B1BBE72A4631463046FCF7BFFD0028CB
:10166000B4D129463046FCF785FC0028F2DA08F1AF
:101670000C0B58460021FCF7EFFC002840F05A8183
:1016800006F1100709F1080B5A4659463846FDF78E
:101690005FF800289AD1D8F84830002B00F0728308
:1016A000B6F91430002BC0F2C4813846FCF746FB73
:1016B000D8F83C30B0EB430F00F2C281D8F8483084
:1016C00038469847002800F087807FE7103211469F
:1016D0002046FDF73DF800287FF478AFD8F8483071
:1016E000002B00F01C81B6F90C30002BC0F25581A4
:1016F0002046FCF723FBD8F83C30B0EB430F00F258
:101700009F81D8F848302046984700287FF45EAF84
:1017100008F104050CE000212046FCF79DFCF8B11F
:101720002A4621462046FCF70FFE00287FF44EAFE4
:10173000B6F90C30002BEEDB12E008F104052A4666
:1017400021462046FDF72CFC00283FF47CAF3DE706
:101750002A4621462046FCF741FD00287FF436AF9B
:1017600029462046FCF706FC0028F1DA06F11007AE
:10177000384622464946FCF7E7FD40B126E72A46AF
:1017800039463846FCF72AFD00287FF41FAF29466A
:101790003846FCF7EFFB0028F1DA06F1180B584643
:1017A00022464946FCF702FE00283CD00EE70146DF
:1017B0002046FCF751FC00283FF415AF40E1002122
:1017C0003846FCF749FCA0B12A4639463846FCF7B2
:1017D000BBFD00287FF4FAAEB6F91430002BEEDB27
:1017E00007E02A4639463846FCF7F8FC00287FF423
:1017F000EDAE29463846FCF7BDFB0028F1DA0121A1
:101800003846FCF70FFB00284ED0DFE60021584693
:10181000FCF722FC58B12A4659465846FCF794FD7D
:1018200000287FF4D3AEB6F91C30002BEEDB5A460D
:1018300039462046FCF78CFF00287FF4C7AED8F865
:101840004830002B00F0B082B6F90C30002BC0F20B
:10185000D0822046FCF772FAD8F83C30B0EB430F48
:1018600000F2EE80D8F848302046984778B1ADE6CF
:1018700000212046FCF7F0FB002800F043812A46B7
:1018800021462046FCF760FD00287FF49FAEB6F9A4
:101890000C30002BECDB35E12A4639463846FCF7A4
:1018A0009DFC00287FF492AE29463846FCF762FB87
:1018B0000028F1DA3A4649462046FCF749FF00285D
:1018C0007FF484AED8F84830002B00F07682B6F969
:1018D0000C30002BC0F295822046FCF72FFAD8F886
:1018E0003C30B0EB430F00F2AB80D8F848302046D4
:1018F000984778B16AE600212046FCF7ADFB002846
:1019000000F0A8802A4621462046FCF71DFD00284D
:101910007FF45CAEB6F90C30002BECDB9AE008F1FA
:1019200004052A4621462046FDF73AFB00283FF4ED
:101930001DAF4BE609F1100211462046FCF708FFE7
:1019400000287FF443AED8F84830002B00F0238203
:10195000B6F90C30002BC0F244822046FCF7EEF9B9
:10196000D8F83C30B0EB430F6AD8D8F8483020465E
:10197000984768B12AE600212046FCF76DFBE0B1EC
:101980002A4621462046FCF7DFFC00287FF41EAEE5
:10199000B6F90C30002BEEDB0FE001462046FCF7D9
:1019A0005BFB00283FF4A4AE4AE02A4621462046CD
:1019B000FCF714FC00287FF409AE29462046FCF70A
:1019C000D9FA0028F1DA06F11007384622462146F6
:1019D000FCF7BEFE00287FF4F9ADD8F84830002BA4
:1019E00000F0F581B6F91430002BC0F21C823846A5
:1019F000FCF7A4F9D8F83C30B0EB430F20D8D8F866
:101A000048303846984778B1E0E500213846FCF781
:101A100023FB002800F09B802A4639463846FCF715
:101A200093FC00287FF4D2ADB6F91430002BECDB28
:101A30008DE001463846FCF70FFB00283FF435AE39
:101A4000CF48C3E52A4621462046FCF7C7FB0028BD
:101A50007FF4BCAD29462046FCF78CFA0028F1DA69
:101A600001212046FCF7DEF940B1AFE52A462146C8
:101A70002046FCF7B3FB00287FF4A8AD294620469A
:101A8000FCF778FA0028F1DA06F1180318463A460E
:101A900039460193FCF75CFE00287FF497ADD8F837
:101AA0004830002B00F0C781B6F91C30002BC0F283
:101AB000D4810198FCF742F9D8F83C30B0EB430FE1
:101AC000BED8D8F848300198984770B17EE500211B
:101AD0000198FCF7C1FA00287BD001982A460146FC
:101AE000FCF732FC00287FF471ADB6F91C30002BF6
:101AF000EDDB6EE02A4621462046FCF76FFB00280E
:101B00007FF464AD29462046FCF734FA0028F1DA68
:101B1000032221463046FCF7F7FE00287FF456AD3D
:101B200029463046FCF726FA0028FFF6ABAD2A46D8
:101B300031463046FCF752FB0028F1D046E52A46F4
:101B400039463846FCF74AFB00287FF43FAD29466A
:101B50003846FCF70FFA0028F1DA5A463946204693
:101B6000FCF7F6FD00287FF431ADD8F84830002BA3
:101B700000F04F81B6F90C30002BC0F26681204690
:101B8000FCF7DCF8D8F83C30B0EB430F3FF658AF29
:101B9000D8F848302046984770B117E50021204614
:101BA000FCF75AFA002869D02A4621462046FCF75D
:101BB000CBFB00287FF40AADB6F90C30002BEDDB2F
:101BC0005CE001982A460146FCF708FB00287FF4F8
:101BD000FDAC29460198FCF7CDF90028F1DA012186
:101BE0000198FCF71FF940B1F0E401982A4601463C
:101BF000FCF7F4FA00287FF4E9AC29460198FCF7D9
:101C0000B9F90028F1DA324631463846FCF7A0FD32
:101C100000287FF4DBACD8F84830002B00F0258199
:101C2000B6F91430002BC0F22A813846FCF786F84A
:101C3000D8F83C30B0EB430F3FF602AFD8F848304D
:101C40003846984768B1C1E400213846FCF704FAE9
:101C5000C8B32A4639463846FCF776FB00287FF49D
:101C6000B5ACB6F91430002BEEDB2CE02A46214649
:101C70002046FCF7B3FA00287FF4A8AC294620469A
:101C8000FCF778F90028F1DA224631463046FCF7B5
:101C90005BFB00287FF49AAC29463046FCF76AF9D2
:101CA0000028FFF6EFAC2A4631463046FCF796FA9C
:101CB0000028F1D08AE42A4639463846FCF78EFAE5
:101CC00000287FF483AC29463846FCF753F90028F6
:101CD000F1DA23463A4639464046FEF70FFC002823
:101CE0007FF474AC23463A4639464046FEF706FC7C
:101CF00000287FF46BAC3B46224621464046FEF767
:101D0000FDFB00287FF462AC334622462146404664
:101D1000FEF714FC00287FF459AC019D22462B46A7
:101D200021464046FEF7EAFB00287FF44FAC09F15C
:101D300010035A4629464046FEF700FC00287FF46F
:101D400045AC40462946FEF74BFC00287FF43EACEC
:101D500039465046FBF72AFF00287FF437AC21466E
:101D60000AF10800FBF722FF00287FF42FAC294678
:101D70000AF1100003B0BDE8F04FFBF717BF00BF3A
:101D800080B0FFFF2A4639463846FDF709F900289A
:101D90003FF435AD1AE42A4621462046FDF700F906
:101DA00000283FF410AE11E42A4621462046FDF7F4
:101DB000F7F800283FF4ACAE08E42A462146204656
:101DC000FDF7EEF800283FF44BAEFFF7FFBB2A46C5
:101DD00039463846FDF7E4F800283FF4BEAEFFF779
:101DE000F5BB01462046FCF737F900283FF4B5ADB6
:101DF00026E601462046FCF72FF900283FF429ADDE
:101E00001EE601462046FCF727F900283FF464ADA2
:101E100016E62A4621462046FDF7C2F800283FF480
:101E200033AFFFF7D3BB01463846FCF715F900285E
:101E30003FF4DDAD04E601982A460146FDF7B0F80F
:101E400000283FF4CCAEFFF7C1BB01462046FCF7AB
:101E500003F900283FF493AEF2E501460198FCF740
:101E6000FBF800283FF425AEEAE52A463946384615
:101E7000FDF796F800283FF42CAFFFF7A7BB01460B
:101E80003846FCF7E9F800283FF4CFAED8E500BFAC
:101E90002DE9F04F01F1080485B01D69019401F1AD
:101EA000100402940E9C002D00F0088102F1100B2A
:101EB00081460D465846002192461F46FCF7CCF855
:101EC000002847D007F1100630460021FCF7C4F87F
:101ED000B8B330460121FCF7BFF8002840F0EE808F
:101EE0005A4659462046FCF733FC80BBD9F84830A7
:101EF000002B00F0C980B4F90430002BC0F2D78069
:101F00002046FBF71BFFD9F83C30B0EB430F00F243
:101F1000D580D9F8483020469847C0B909F1040661
:101F20000AE000212046FCF797F878B332462146B4
:101F30002046FCF709FA50B9B4F90430002BF0DB65
:101F400024E028465146FBF731FE002855D005B065
:101F5000BDE8F08F28463946FBF728FE0028F6D169
:101F6000019807F10801FBF721FE0028EFD107F1E6
:101F70001001029805B0BDE8F04FFBF717BE3246DE
:101F800021462046FCF72AF90028E0D131462046B8
:101F9000FBF7F0FF0028F2DA04F1080840465A4641
:101FA0002146FCF7D5FB0028D1D1D9F84830002BC9
:101FB00075D0B4F90C30002BC0F223814046FBF7FA
:101FC000BDFED9F83C30B0EB430F77D8D9F8483094
:101FD0004046984760B1BAE700214046FCF73CF81C
:101FE000D8B1324641464046FCF7AEF90028AED1A2
:101FF000B4F90C30002BEFDB0FE00AF10801019877
:10200000FBF7D4FD0028A2D15946B2E7324641463B
:102010004046FCF7E3F8002899D131464046FBF7EB
:10202000A9FF0028F2DA3A4621462046FCF790FB49
:1020300000288CD1D9F84830002B00F0D980B4F9B1
:102040000430002BC0F2ED802046FBF777FED9F874
:102050003C30B0EB430F31D8D9F848302046984790
:1020600068B174E700212046FBF7F6FF80B33246E3
:1020700021462046FCF768F900287FF468AFB4F9E0
:102080000430002BEEDB23E009F104063246214642
:102090002046FCF785FF00283FF47EAF57E7324625
:1020A00041464046FCF77CFF0028BCD04FE7014684
:1020B0002046FBF7D1FF00283FF422AF9E4846E7B9
:1020C000324621462046FCF789F800287FF43FAFCE
:1020D00031462046FBF74EFF0028F1DA07F10802EF
:1020E00041464046FCF734FB00287FF430AFD9F876
:1020F0004830002B00F08D80B4F90C30002BC0F27A
:1021000098804046FBF71AFED9F83C30B0EB430FFD
:10211000D4D8D9F848304046984768B117E700212D
:102120004046FBF799FFA0B1324641464046FCF7D6
:102130000BF900287FF40BAFB4F90C30002BEEDB69
:1021400007E0324641464046FCF748F800287FF455
:10215000FEAE31464046FBF70DFF0028F1DA52464D
:1021600021462046FCF722F968B1F0E6002120461E
:10217000FBF772FF58B1324621462046FCF7E4F8DF
:1021800000287FF4E4AEB4F90430002BEEDB0AF152
:1021900008031A46414640460393FCF707F968B125
:1021A000D5E600214046FBF757FF58B1324641467D
:1021B0004046FCF7C9F800287FF4C9AEB4F90C30EA
:1021C000002BEEDB00212046FBF746FF002838D12C
:1021D00001464046FBF740FF002840F01E812346A1
:1021E00052462946484605B0BDE8F04FFFF7DCB936
:1021F000324621462046FCF7D3FE00283FF46EAF5E
:10220000A5E601464046FBF727FF00283FF4D6AE7F
:1022100054E7324641464046FCF7C2FE00289ED0B5
:1022200095E601462046FBF717FF00283FF40CAF68
:1022300044E701464046FBF70FFF00283FF461AF3B
:102240003CE7594622460298FCF782FA00287FF4C0
:102250007EAED9F84830002B00F0F480B5F9143088
:10226000002BC0F2F8800298FBF768FDD9F83C30EB
:10227000B0EB430F3FF622AFD9F8483002989847A9
:1022800000287FF464AE029F0EE000213846FBF781
:10229000E3FE002800F0F080324639463846FCF76D
:1022A00053F800287FF453AEB5F91430002BECDB63
:1022B00007E0324639463846FBF790FF00287FF4A6
:1022C00046AE31463846FBF755FE0028F1DA04F1F8
:1022D0001007384622462146FCF73AFA00287FF4D8
:1022E00036AED9F84830002B00F0BD80B4F9143078
:1022F000002BC0F2C3803846FBF720FDD9F83C30F4
:10230000B0EB430F3FF6DAAED9F84830384698477D
:1023100068B11CE600213846FBF79EFEB0B132469C
:1023200039463846FCF710F800287FF410AEB4F9AF
:102330001430002BEEDB09E080B0FFFF3246394657
:102340003846FBF74BFF00287FF401AE3146384694
:10235000FBF710FE0028F1DA04F118063146234697
:102360003A464846FEF7EAF800287FF4F0AD5346B7
:102370003A4639464846FEF7E1F800287FF4E7ADD3
:1023800039462046FBF712FC00287FF4E0AD2146D9
:102390004846FEF725F900287FF4D9AD434642466A
:1023A00029464846FEF7CAF800287FF4D0AD2346F8
:1023B0002A4629464846FEF7A1F800287FF4C7AD13
:1023C00033462A4629464846FEF798F800287FF407
:1023D000BEAD2B463A4639464846FEF78FF80028F0
:1023E0007FF4B5AD43463A4639464846FEF7A6F86F
:1023F00000287FF4ACAD039B324631464846FEF7D9
:102400009DF800287FF4A3AD33463A46484601992B
:1024100005B0BDE8F04FFEF771B828460121FBF783
:102420002BFC00287FF493AD01980121FBF724FCDD
:1024300000287FF48CAD0146029805B0BDE8F04F4E
:10244000FBF71ABC029932460846FCF7A9FD0028A2
:102450003FF43DAF7BE501460298FBF7FDFD002808
:102460003FF401AF2AE6324639463846FCF798FD7C
:1024700000283FF471AF6AE5029F22E70146384623
:10248000FBF7EAFD00283FF436AF17E610B5044627
:10249000FBF708FB04F10800FBF704FB04F1100054
:1024A000BDE81040FBF7FEBA38B50025044600F839
:1024B000045BFBF7F7FA04F10C00FBF7F3FA04F105
:1024C0001400FBF7EFFA04F11C00FBF7EBFA04F140
:1024D0002400FBF7E7FA04F12C00FBF7E3FA04F120
:1024E0003400FBF7DFFAC4E90F55C4E91155C4E91C
:1024F0001355C4E91555E56538BD00BF38B500254D
:10250000044600F8045BFBF7CDFA04F10C00FBF77E
:10251000C9FA04F11400FBF7C5FA04F11C00FBF73B
:10252000C1FA04F12400FBF7BDFA04F12C00FBF71B
:10253000B9FA04F13400FBF7B5FA04F16000C4E91C
:102540000F55C4E91155C4E91355C4E91555E5659E
:10255000FBF7A8FA04F16800FBF7A4FA04F1700095
:10256000FBF7A0FA04F17800BDE83840FBF79ABA0F
:1025700068B110B50446FBF79BFA04F10800FBF7BD
:1025800097FA04F11000BDE81040FBF791BA7047CC
:10259000002847D0436C70B5012B064621D1B06DA1
:1025A000C8B1F36DBBB1002505EB450410EBC404C5
:1025B00032D02046FBF77CFA04F10800FBF778FAEA
:1025C00004F11000FBF774FAF36D01359D42B06D14
:1025D000EAD302F0C5FE3046BDE87040602102F04B
:1025E000C5BE0C30FBF764FA06F11400FBF760FA85
:1025F00006F11C00FBF75CFA06F12400FBF758FA21
:1026000006F12C00FBF754FA06F13400FBF750FA00
:10261000301DFBF74DFAC2E701359D42C4D302F0ED
:102620009FFED8E7704700BFA8B110B50446FFF77A
:10263000AFFF04F16000FBF73BFA04F16800FBF721
:1026400037FA04F17000FBF733FA04F17800BDE8C3
:102650001040FBF72DBA704708B500211030FBF78A
:10266000FBFCB0FA80F0400908BD00BF2DE9F0473F
:10267000012ADDE908784DD8044604301E460D468F
:102680009146FBF75FFBE369824663B3636A53B32A
:10269000002105F11000FBF7DFFC38B9B8F1000F9D
:1026A0003AD0012338703360BDE8F087B9F1000FEC
:1026B0001CD14FEA4A030133434533602CD804232D
:1026C0003946524601F8013B2846FBF7A1FB00289A
:1026D000EAD10AF1010105F1080039445246BDE88A
:1026E000F047FBF795BB0D48BDE8F0870AF1010301
:1026F0004345336010D8002105F10800FBF7EEFADE
:102700003946023001F8010B52462846BDE8F04731
:10271000FBF77EBB0248C7E70248C5E780B1FFFF71
:1027200080B0FFFF00B1FFFF2DE9F04F87B0002B15
:102730006FD0044600F10408404691461E460F46FD
:10274000FBF700FBE2698346002A4ED0626A002A4A
:102750004BD099F8002062B9012E5AD13146384643
:10276000FBF78AFA0546002844D0284607B0BDE8A2
:10277000F08F00F1010AB2454BD8024609F1010180
:102780003846FBF7E7FA05460028EED1012107F1AC
:102790001000FBF771FA05460028E6D199F80030E1
:1027A000042B039360D0023B012B32D8B24530D1C9
:1027B00000214046FBF792FA012807F1080614D1E0
:1027C00001464046FBF78AFA012881460DD104A84C
:1027D000FBF768F93A4631462046FDF781FF05468A
:1027E000C8B104A8FBF764F9BFE7264D284607B037
:1027F000BDE8F08F314607F10800FBF73DFA0546CA
:102800000028B2D1014607F11000FBF735FA054662
:10281000ABE71D4DA9E74A46414604A8FBF7F8FD82
:1028200005460028DDD1022104A8FBF733FB05464D
:102830000028D6D10090434604AA31463046FCF722
:10284000BBFD05460028CCD101463046FBF746FAD1
:10285000039B03F0010B8345C3D04146324630460B
:10286000FBF7A4FD0546BCE74FEA4B020132B2423A
:10287000CFD15A4609EB0A0107F10800FBF76AFAC3
:10288000054672E780B1FFFF80B0FFFF2DE9F04100
:102890000F4684B00646012107F11000FBF7DCFB70
:1028A000002840F0A480F369002B00F08280736A56
:1028B000002B7ED0014604463846FBF7CDFB0028AE
:1028C000C0F2958007F1080821464046FBF7C4FB9B
:1028D0000028C0F28C80351D29463846FBF74AFB9C
:1028E000002880F2848029464046FBF743FB0028FD
:1028F0007DDA6846FBF7D6F802A8FBF7D3F8424624
:1029000041466846FBF724FF044648B16846FBF79A
:10291000CFF802A8FBF7CCF8204604B0BDE8F08160
:10292000B36C002B4AD0BDF90430002B57DB68464E
:10293000FBF704FAF36BB0EB430F56D8B36C684661
:10294000984704460028E1D1BDF90430002B19DA7C
:1029500000216846FBF780FBA0B12A46694668461D
:10296000FBF7F2FC04460028D0D1BDF90430002B5F
:10297000EEDB07E02A4669466846FBF72FFC044673
:102980000028C3D129466846FBF7F4FA0028F1DA9B
:102990003A46304602A9FDF7A3FE04460028B5D109
:1029A00002A96846FBF7E6FA124B041E18BF1C4644
:1029B000ACE7114C204604B0BDE8F0812A466946D8
:1029C0006846FCF7EDFA044600289FD13A463046A7
:1029D00002A9FDF785FE0446002897D1E0E7002113
:1029E0006846FBF739FB0028A1D0034C8EE7014C69
:1029F00092E700BF80B3FFFF80B0FFFF2DE9F04FEB
:102A0000C469BFB0002C00F0FD81446A002C00F0C6
:102A1000F98102910446012110461D461746FBF735
:102A20001BFB0028C0F22F8304F1340319463846FB
:102A30000393FBF79FFA002880F22583294620465E
:102A4000FFF724FF0646002840F0D881E369002BF9
:102A500000F0D881636A002B00F0D48105F10803EF
:102A6000184604F124010793FBF784FA002800F0CC
:102A7000C182236CB3F5C07FC0F0F68203334FEA06
:102A8000930B0423082208930323059209920693CB
:102A90001821099802F05EFC8146002800F0668348
:102AA0008046059B03EB4302D3000A9300EB030A25
:102AB0004046FAF7F7FF08F10800FAF7F3FF08F1CC
:102AC000100008F11808FAF7EDFFD045F0D1002307
:102AD0000DF1740A504615AAC2E90133C2E9033365
:102AE0000492159353611B9300F10808FAF7DAFF7B
:102AF00025AB98454046F7D129464846FBF756F89E
:102B00000246002800F083815046904600F10805F7
:102B1000FAF7CEFF25AB9D422846F7D14246002A60
:102B200040F043811EB1099BC4F85890E3650FA89B
:102B3000FAF7B8FF0498FAF7B5FF00210398FBF7FE
:102B4000CDF8012840F0ED8200213846FBF7C6F8A9
:102B5000394605460FA8FBF729F80646002840F03D
:102B600042823A46DDE903173846FBF71FFC06466A
:102B7000002840F03882B5FA85F35B091A463946D9
:102B80000FA80393FAF70EFF0646002840F02B82A9
:102B90000DF1740A50460BF10102314608F020FF96
:102BA000BBF1000F7CD006945446089FB046002528
:102BB00041460FA8FBF792F82378A840013503435C
:102BC000BD42D8442370F3D101365E4504F10104BF
:102BD000ECD1BBF1020F069C40F2C482D446002324
:102BE0004FF00108ABF1030222F0010203329DF81D
:102BF00074E006929CF801109CF8027081EA0306CA
:102C0000F04300F001001EFB00F276B252B20B401E
:102C100006EA02010B43DBB283EA0705E94372408F
:102C200001F0010112FB01F642EAC1126DB276B267
:102C30008CF80120069A06EA050108F102083B40DB
:102C400075404EEAC0100B435FFA85FE90458CF844
:102C500000008CF802E0DBB20CF1020CCAD1561E67
:102C600056447178374681EA0305E84317F801CBEB
:102C700000F001001CFB00F26DB252B21940B31C0F
:102C800002EA050E6A40A3EB0A054CEAC01041EACD
:102C90000E01AB457270CBB207F8010C3E46E0D294
:102CA000049D2846FAF704FF0FA8FAF701FF0FA8C2
:102CB000FAF7F8FE11A8FAF7F5FE13A8FAF7F2FEF4
:102CC000284600F10805FAF7EDFE55452846F8D1EB
:102CD0001AF80B20029F0092059B4A46394620466F
:102CE000FDF79AFC0AEB0B05064678BB489B33B10F
:102CF0001A463946499B2046FEF778FA28BBBBF1B5
:102D0000000F23D0B346DDF81480049E029F14E028
:102D100015F8012D434600920FA94A462046FDF7BB
:102D20007BFC90B900960FAB3A4639462046FFF738
:102D3000AFF850B9554500F0F28133463A4639466E
:102D40002046FEF731FC0028E2D006460FA8FAF72D
:102D5000AFFE11A8FAF7ACFE13A8FAF7A9FE049883
:102D600000F10805FAF7A4FE55452846F8D1C6B982
:102D7000029BDDF8108003F108054046FAF792FE49
:102D800031462846FBF768F92A460746211D40468A
:102D9000FBF70CFB0646002800F077810498FAF751
:102DA00087FEA36D994504D11BE0A36D4646994566
:102DB00017D018254C46059B15FB039554B12046AA
:102DC000FAF776FE04F10800FAF772FE04F110003B
:102DD000FAF76EFE1834AC42F0D1484602F0C0FA61
:102DE00066B1029C54B12046FAF762FE04F1080075
:102DF000FAF75EFE04F11000FAF75AFE30463FB0D3
:102E0000BDE8F08FC04E30463FB0BDE8F08F079967
:102E100009F10800FAF7CAFE024600287FF474AEF2
:102E200009F1100305F1100118460B93FAF7BEFEE5
:102E3000024600287FF468AE069B0BFB03F3002BD1
:102E40003CD080461D46CDE90667B8FBFBF2012366
:102E50000BFB128103FA02F2D2B222FA03F303EB64
:102E6000430302EB420209EBC30708F1010809EB37
:102E7000C206B9B939463046FAF798FE07F108019B
:102E800030B906F10800FAF791FE07F1100118B108
:102E9000DDE90667024637E606F11000FAF786FE1E
:102EA0000028F5D15346324631462046FEF77CFBDA
:102EB0000028EDD1A845C8D1DDE90667059A09F1DA
:102EC0001803022A0D93159300F0318109F13003A4
:102ED000042A169340F2388109F16003082A1793F7
:102EE00040F23C8109F1C003102A189340F2388166
:102EF000052209F5C073199304992046FDF76CFE6D
:102F0000024600287FF400AE0123CDF818B09B469E
:102F1000234654469A4607960C9730236FF01702C3
:102F20005E4613FB0B250BEB4B08ABEB8B074D44BD
:102F300009EBC808FF00EA192946009443465046A9
:102F4000FEF7A6FF183D002840F0C580013EF2D1F3
:102F50004FEA4B0B059B5FFA8BFB9B45DDD3DDE90D
:102F600006B65346099AA2461C460D9B022A0C9FA0
:102F700015931BD009F13003032A169316D009F1DB
:102F80004803042A179311D009F16003052A189306
:102F90000CD009F17803062A199307D009F19003A0
:102FA000072A1A931CBF09F1A8031B93099B0499D4
:102FB0005A1E2046FDF710FE024600287FF4A4ADFD
:102FC000DDE90A3843441D463B46274644469846B9
:102FD000069020461834FAF76BFDAC42F9D13C4616
:102FE000069A474690E50498FAF762FD0FA8FAF7AB
:102FF0005FFDD6E604F11C012846FAF7BBFFB0FAE4
:1030000080F2236C5209B3F5C07F6DD2002840F0E6
:10301000B180D4F85890B9F1000F1BD010210420D2
:103020000991CDE9051005210891E16D99B908993B
:103030008B426DD908990B44013BB3FBF1FB002A8D
:1030400000F09680D4F85890B9F1000F19D015AB64
:1030500004936CE50122042B78D802210120089109
:10306000CDE905100991E5E7042B3FF607AD0133E3
:1030700002224FEA530B012308920592099206930C
:1030800006E5012604E5214EB8E6039B2846002FFD
:1030900008BF002341461A46FAF784FC064640461C
:1030A000FAF706FD002E7FF47CAE489B4BB11A4622
:1030B0000299499B2046FEF799F8064600287FF4BE
:1030C00070AE02992046FDF70BFCA36D06469945AC
:1030D0007FF46FAE84E65346DDF818B0A246024690
:1030E000079E0C9F1C460FE500287FF4C7ACD4F860
:1030F0005890B9F1000F1CD0202105200991CDE98D
:1031000005100621089190E780B0FFFF80B3FFFF14
:103110000222013308924FEA530B059297E75E466D
:1031200014E6A36D144E99457FF443AE59E601228F
:10313000E2E603334FEA930B0423082208930323A8
:103140000592099206937DE70222D5E60821042024
:103150000591CDE90801032106916BE70322CBE637
:103160000422C9E601220023069278E5034E38E6E0
:1031700016468DE400226EE780B0FFFF80B2FFFFAD
:1031800010B4019C1CB15DF8044BFFF737BC02483A
:103190005DF8044B704700BF80B0FFFF10B4019C86
:1031A0001CB15DF8044BFFF729BC02485DF8044BE5
:1031B000704700BF80B0FFFF2DE9F041144684B096
:1031C000064602A80F461D46FAF76CFC2046002171
:1031D000FAF742FF10BB29463046FFF757FB04467B
:1031E00030B102A8FAF764FC204604B0BDE8F081D3
:1031F00001213846FAF740FD04460028F1D10121AB
:1032000007F10800FAF738FD04460028E9D1014625
:1032100007F11000FAF730FD0446E2E701212046ED
:10322000FAF71AFFF0B930462946FFF72FFB04469C
:103230000028D6D129463846FAF7B8FC04460028BB
:10324000CFD105F1080107F10800FAF7AFFC0446F9
:103250000028C6D105F1100107F11000FAF7A6FC0D
:103260000446BEE74FF0FF312046FAF7F5FE00288E
:1032700036D129463046FFF709FB04460028B0D175
:1032800029463846FAF792FC04460028A9D107F1EE
:103290000808404605F10801FAF788FC04460028B2
:1032A0009FD105F1100107F11000FAF77FFC0446E9
:1032B000002896D101464046FAF7CEFE4246054622
:1032C000311D02A8FBF772F80446002889D12A1C98
:1032D00018BF0122404602A9FAF764FB044680E7C2
:1032E0004FF0000C22462B4639463046CDE900CC43
:1032F000FFF784FB044674E72DE9F04190B00646E1
:1033000002A80F4615469846FAF7CCFB04A8FAF730
:10331000C9FB06A8FAF7C6FB08A800F10804FAF7EB
:10332000C1FB10AB9C422046F7D12A46434602A976
:103330003046FFF741FF0546A8B108A800F1080490
:10334000FAF7B6FB10AB9C422046F7D102A8FAF779
:10335000AFFB04A8FAF7ACFB06A8FAF7A9FB2846CE
:1033600010B0BDE8F081DDE9162339463046FFF79D
:1033700023FF05460028E0D108AB009302AA3B4694
:1033800039463046FEF784FD05460028D5D139463A
:103390003046FDF7A5FA0546CFE700BF30B4C56952
:1033A00025B1446A14B130BCFFF7A6BF014830BC58
:1033B000704700BF80B1FFFF10B5C46982B08CB107
:1033C000446A7CB11C461346009400F1340208465E
:1033D0000121FCF779F9054B10F10E0F08BF1846D3
:1033E00002B010BD024802B010BD00BF00B3FFFF25
:1033F00080B0FFFFF0B50C4683B00146204615466D
:103400001E4600F04DF908B103B0F0BDE369EBB121
:10341000636ADBB104F16007009638462B4604F17D
:1034200034020121FCF750F910F10E0F11D00028E1
:10343000EAD15DB1CDE900563A4604F11C0304F12E
:1034400068012046FFF7DAFA03B0F0BD024803B086
:10345000F0BD0248D8E700BF80B0FFFF00B3FFFF18
:103460002DE9F0410C46014620461746984600F0EB
:1034700017F90546E8B9E36904F16006E3B1636A48
:10348000D3B1424639463046FAF764FC0546A0B946
:10349000E369C3B1636AB3B101213046FAF7DCFDD9
:1034A000002812DB04F134013046FAF763FD0028EE
:1034B0000BDA2846BDE8F081054D3046FAF7F8FAF8
:1034C0002846BDE8F081034DF7E7034DF5E700BF5F
:1034D00080B1FFFF80B0FFFF80B3FFFF30B4046C0A
:1034E0000734E4089C4212D8B0F866300C6093B1FF
:1034F000C36943B1436A33B1154660302246294659
:1035000030BCFAF785BC6FF06D0030BC704700230B
:1035100002480B60F9E70248F7E700BF00B1FFFF80
:1035200080B0FFFF2DE9F04F0578A1B0002D00F02D
:1035300083800C78AC427FD101F168080C460546C7
:10354000414668301F461646FAF714FD002873D12D
:1035500004F17009494605F17000FAF70BFD0028E7
:103560006AD104F1780A05F178005146FAF702FDB4
:103570000546002860D102A8FAF794FA04A8FAF7E1
:1035800091FA06A8FAF78EFA09A88DF82050FAF7F2
:1035900089FA0BA8FAF786FA0DA8FAF783FA0FA8AA
:1035A000FAF780FA11A8FAF77DFA13A8FAF77AFA6F
:1035B000A34615A8FAF776FA002300221BF8601B31
:1035C00008A8CDE91A23CDE917551995CDE91C5561
:1035D000CDE91E5500F064F804F11C0316B3CDE9E3
:1035E00000675A4602A908A8FFF708FA044678B10E
:1035F00002A8FAF75DFA04A8FAF75AFA06A8FAF749
:1036000057FA08A8FEF7C4FF204621B0BDE8F08FA6
:10361000414602A8FAF7AEFC20B9494604A8FAF7D9
:10362000A9FC08B1074CE3E7514606A8FAF7A2FC4B
:1036300004460028DCD0F5E7024C204621B0BDE866
:10364000F08F00BF80B0FFFF70B5054616461C46E0
:1036500021B10846297800F023F868B92EB1304628
:1036600005F16001FAF7A2FA30B934B105F1680149
:103670002046FAF79BFA10B170BD204670BD05F1E7
:10368000700104F10800FAF791FA0028F4D105F16D
:10369000780104F11000BDE87040FAF787BA00BF66
:1036A00070B504460D46FEF773FF2046FEF7FCFE9C
:1036B000032D257025D14FF00112144B14492263BC
:1036C000A360144AA361A3632362A362124E134B47
:1036D000134D1448E1616262E36260636660656194
:1036E000201DFAF72BFBE06304F13400FAF726FB08
:1036F000002301210C4AC4E91001E3651846A265C4
:1037000070BD00230948237070BD00BF0100080090
:1037100008E7011028E7011068E7011064E10110D3
:10372000E8E6011048E7011068E1011080B1FFFFF1
:10373000442208B5002108F053F942F21072826366
:1037400008BD00BF2DE9F04705468AB000688946EC
:10375000924600F033FA0646B9F1000F54D0BAF1A0
:10376000000F14BF4FF002084FF00108002305F1CD
:103770000C078DF8043021E002A9284600F06EFB0A
:103780000446C8BB324602A9284600F01BFA04468C
:1037900090BB32463946284600F040FB044658BBF1
:1037A0003946284600F05AFB044628BB9DF80430F1
:1037B0000133DBB243458DF804301DD2284600F0BA
:1037C000C9FB0446C0B932463946284600F026FBFC
:1037D000044688B9012201A9284600F01FFB0446CF
:1037E00050B9B8F1020FC7D152464946284600F0F9
:1037F00015FB04460028BFD002A8202101F0B6FD29
:1038000020460AB0BDE8F0874FF00108AEE700BFE0
:103810002DE9F043076BE1B0002B3CD007EB4705E7
:103820006D08B2F5807F40D81544B5F5C07F3CD80F
:103830000446164688464FF4C072002168469946F1
:1038400008F0CEF8D4E90F303A466946984778BB7D
:10385000256BB9F1000F09D0E36B6A080DEB050188
:10386000206C984720BB236B05EB5305B8F1000F84
:1038700000D096B92A4669462046FFF763FF064600
:1038800008B90123E3622946684601F06FFD30461E
:1038900061B0BDE8F0833D46C3E70DEB050041464E
:1038A000324607F0BFFF3544E4E76FF00406EEE769
:1038B0006FF00806EBE700BF2DE9F0411646012244
:1038C0001F4604460D4600F0D5F808B1BDE8F0816A
:1038D000284600F073F904F10C08024641462046E0
:1038E00000F070F90028F1D1284600F067F90121B5
:1038F0000246404608F074F83A4631462046BDE894
:10390000F041FFF71FBF00BF2DE9F84F15460646EF
:10391000006888469B46DDF828A000F04FF9B5F511
:10392000806F51D8BAF5807F51D8F36B81468BB345
:10393000736B012B03D0F26AB36B9A422ADD5246B5
:10394000002359463046FFF763FF08BB4FF0000ADB
:1039500006F10C079DB92BE04A463946304600F087
:103960005DFAA8B93946304600F078FA80B9404689
:103970002246394607F056FF2D1BA04418D030468A
:1039800000F0E8FA4D452C4628BF4C460028E3D00D
:10399000BDE8F88FBBF1000FDAD0BAF1000FD5D037
:1039A000524659463046FFF7CDFE0028D0D0EFE70B
:1039B000524659463046FFF7C5FE0028E8D1F36A63
:1039C0000133F362BDE8F88F6FF00200E0E76FF0BB
:1039D0000400DDE7002300B583B00093FFF794FFF8
:1039E00003B05DF804FB00BF58B110B5044600F009
:1039F0001BF84421204601F0B9FC42F21073A36386
:103A000010BD70470538C0B204289ABF024B53F866
:103A100020000020704700BF88E7011000230360EA
:103A200043608360704700BFD8B10368CBB110B565
:103A30000446406840B11B78082B13D0092B11D0E5
:103A4000052B13D001F08CFCA06820B12368997875
:103A5000490001F095FC2046BDE810400C2101F022
:103A600085BC704704F076FD6068EBE703F0E8FB87
:103A70006068E7E790B389B370B50D4600212B78F5
:103A80000446082B1646C0E90051816005D0092B79
:103A900003D0052B0CD0124870BD6C21012001F021
:103AA00059FC6060C0B104F051FD5EB9002070BDEA
:103AB0005C21012001F04EFC606068B103F0BCFBAA
:103AC000002EF3D0A978022001F044FCA060002869
:103AD000ECD12046FFF7A8FF024870BD00487047B0
:103AE00000AFFFFF80AEFFFF40B1036833B11B782A
:103AF000082B05D0092B0AD0052B05D006487047A6
:103B00004068012104F02CBD406803F09FBB406871
:103B1000002104F025BD00BF00AFFFFF58B10368CE
:103B20004BB11B78052B08D005D3083B012B02D8DD
:103B3000406805F0D9B902487047406804F02EBCCF
:103B400000AFFFFF58B103684BB11B78052B08D0BD
:103B500005D3083B012B02D8406805F0CBB90248D9
:103B60007047406804F020BC00AFFFFF08B3007846
:103B700010B408280C46114607D0092812D0052891
:103B80000AD00D485DF8044B70471A4620460123C1
:103B90005DF8044B05F004BA20461A465DF8044B64
:103BA00004F04EBC1A46204600235DF8044B05F095
:103BB000F7B90148704700BF00AFFFFF00B1407880
:103BC000704700BF2DE9F04389B0002800F0218143
:103BD00003680746002B00F01C81D0F80890B9F16B
:103BE000000F00F016819E780D4696421446C0F0F4
:103BF0008E80E84632463621484607F0F1FE3B68A3
:103C00004E4430469A785C2107F0EAFE032C40F2DD
:103C1000ED800423A9F1040000E00B46EA1852F8F5
:103C2000042C50F803C0191D82EA0C028C42C250C9
:103C3000F3D29C4224D9E95C19F803005A1C414094
:103C4000944209F8031040F2C680A85C19F802C03B
:103C5000991C80EA0C008C4209F8020040F298801E
:103C60006A5C19F80100033342409C4209F80120C4
:103C700040F28E80EA5C19F803104A4009F80320EC
:103C80000423301F00E01346EA1852F8041C50F8D1
:103C900003C01A1D81EA0C019442C150F3D29C4228
:103CA00018D9E95CF05C5A1C41409442F15411D996
:103CB000A95CB05C531C41409C42B1540AD9E95CF8
:103CC000F05C023241409442F15403D9AB5CB15CE8
:103CD0004B40B3543B6813B31B78082B69D0092BB6
:103CE00061D0052B1BD1786803F0B0FA0646BEB947
:103CF0003A6813789278052B72D010D3083B012BC9
:103D00000DD84946786805F0EFF8064608E01B78BC
:103D1000082B5AD0092B52D0052B09D0E8463E4E2D
:103D20004046202101F022FB304609B0BDE8F08377
:103D3000406803F08BFA0646002E32D13B68002B18
:103D4000ECD01B78052B56D0E8D3083B012BE5D8E7
:103D500022462946786805F0C7F806460EBB3B6840
:103D6000002BDBD01B78052B4CD0D7D3083B012B85
:103D7000D4D8E8467868414605F0BCF80646002EDF
:103D8000CED13B684546D7F808905C789E7831E7FD
:103D9000032C3FF675AF3378297801224B403370FE
:103DA00086E7E846BCE70021786804F0D9FB0646C0
:103DB0009DE70121786804F0D3FB064697E70021D0
:103DC000406804F0CDFB0646B6E70121406804F0E8
:103DD000C7FB0646B0E7032C3FF652AF002360E76F
:103DE0004946786804F0DAFA064699E7002C3FF471
:103DF00071AF00231FE722462946786804F0CEFA07
:103E00000646ABE7E8467868414604F0CDFA064638
:103E1000B5E7014E88E700BF00AFFFFFC8B10368F8
:103E2000BBB110B484685CB11B78052B0CD007D3F0
:103E3000083B012B04D840685DF8044B05F054B8EA
:103E400005485DF8044B704740685DF8044B04F08A
:103E5000A5BA0148704700BF00AFFFFF002874D02B
:103E60000268002A71D02DE9F041866888B0C6B199
:103E700013780446052B0D46977816D011D3083BCE
:103E8000012B0ED8E8464068414605F033F848B9A2
:103E9000236833B11B78082B0DD0092B42D0052B9A
:103EA0003CD02B4808B0BDE8F081E8464068414668
:103EB00004F07AFAEBE70121606804F051FB002876
:103EC000F0D12268F11913789278052B2FD0E8D31E
:103ED000083B012BE5D8606805F006F80028E1D121
:103EE000226813785278052B2AD0DAD3083B012BAD
:103EF000D7D84146606804F0F7FF0028D2D1236884
:103F0000002BCED01B78052B15D0CAD3083B012B34
:103F1000C7D82946606804F0EDFFC3E7606803F086
:103F200095F9CCE70146606804F01AFBC7E76068C2
:103F300004F034FAD2E72946606804F035FAB1E7B4
:103F40004146606804F02AFAD7E70148704700BF8D
:103F500000AFFFFF002832D038B503684BB1856849
:103F60003DB11B780446082B1ED0092B17D0052B1A
:103F700001D0144838BD406803F068F90028F9D131
:103F8000226813789278052B13D0F2D3083B012BCB
:103F9000EFD829466068BDE8384004F0A5BF00218D
:103FA000406804F0DDFAE9E70121406804F0D8FA3E
:103FB000E4E729466068BDE8384004F0EFB90148FD
:103FC000704700BF00AFFFFF70B40B4C0B4D02E019
:103FD00054F8145F5DB1667C8642F9D1267C8E422E
:103FE000F6D1616800201560196070BC70476FF0F1
:103FF0002D0070BC704700BF9CE80110C8E701109D
:10400000C0B1F8B5044647680E460C4D0C4802E0B6
:1040100055F8140F58B16B68BB42F9D13A46A16804
:1040200007F0D2FB0028F3D12B7C3370F8BD6FF082
:104030002D00F8BD6FF02D00704700BF4CE8011057
:10404000BCE70110012870B413D00B4B02E01D7CBB
:10405000854208D05C691E461433002CF7D16FF0FE
:104060002D0070BC7047B3690C60002070BC1360F9
:1040700070470923014CF7E74CE80110BCE7011039
:10408000C0B1F8B5044647680E460C4D0C4802E036
:1040900055F8140F58B16B68BB42F9D13A46A16884
:1040A00007F092FB0028F3D12B7C3370F8BD6FF042
:1040B0002D00F8BD6FF02D00704700BFD4E7011050
:1040C000A8E70110032870B413D00B4B02E01D7C4D
:1040D000854208D05C691E461433002CF7D16FF07E
:1040E0002D0070BC7047B3690C60002070BC136079
:1040F00070470823014CF7E7D4E70110A8E7011047
:104100006FF02D00704700BF6FF02D00704700BFAB
:10411000052870B413D00B4B02E01D7C854208D0FB
:104120005C691E461433002CF7D16FF02D0070BC73
:104130007047B3690C60002070BC13607047034681
:10414000014CF7E7FCE70110B4E701102DE9F0415D
:104150008C18002A00F0F3800F4605460026013A2D
:1041600011447B1E13F8012F2E2A08BF01368B4203
:10417000F8D1731E7E2B00F2E28006EB86063046F5
:10418000012101F0E7F8A860002800F0E980A742CB
:104190001AD23A78A2F13003092B15D80023DFF8A0
:1041A000DCE108E07A78A2F1300CBCF1090F15D8F7
:1041B00073450F4608D803EB8303791C02EB4303D6
:1041C0008C42A3F13003EDD16FF0670401F0C8F821
:1041D0000023C5E901332046BDE8F081022BF3D866
:1041E0008C42F1D92E2AEFD10237A742ECD291F8B6
:1041F00001C0ACF13002092AE6D80021DFF87C8149
:104200000AE097F801C0ACF1300EBEF1090F00F2E0
:104210009B8041451746D7D801EB81017A1C0CEBF6
:1042200041019442A1F13001EBD1022B224607D08B
:104230002729C9D8944203D912782E2AC4D1BA1C8E
:1042400003EB8303DB00DF438F42BDD30B449C466B
:10425000002100E039465FEADC1C01F10107F9D1D9
:10426000BE42C0F0888003F07F0C012F00F801C02F
:104270004FEAD31388BF091807D963F07F0C01F800
:1042800001CD81424FEAD313F7D19442074441D97B
:1042900000EB060C39481178A1F13003092B5BD8EB
:1042A000002308E05178A1F1300EBEF1090F4FD87C
:1042B0008342324650D803EB8303561C01EB430381
:1042C000B442A3F13003EDD832461946002600E08F
:1042D0007646C90906F1010EFAD1ACEB07018E450D
:1042E00045D803F07F01BEF1010FB9554FEAD31352
:1042F00088BFF6190BD963F07F0106F8011DC6F1DE
:1043000001013944714471454FEAD313F3D9944202
:104310007744C0D8AB680121FF1A384601F01AF87B
:10432000044600B33A46A96807F07CFAA86801F091
:1043300017F80623C5E901742B6000244BE76FF0E2
:1043400067042046BDE8F081022B3FF473AF6FE7AE
:104350002E2901D10232B8E7A8686FF0670435E76B
:104360006FF0690437E7A8686FF069042EE7A86862
:104370006FF00A042AE76FF00A0427E79999991960
:104380000023036043608360704700BF2DE9F04362
:1043900085B000286ED00646184689461F469046CE
:1043A00007F008FF0446002862D04146384607F06F
:1043B00001FF054600285BD0844259D2484607F0E9
:1043C000CDFC235C0444202B04BF637801340D2B07
:1043D00004BF637801340A2B4AD1404607F0BEFC83
:1043E0002B5C2A18202B04BF537801320D2B04BFFD
:1043F000537801320A2B08BF01320134D21B0E9BC5
:104400002F1B152F1A6020DCA54235D900210097FB
:10441000084603AA2346F9F71DF92C3030D003993A
:1044200041B3012000F096FF054638B323460097BC
:1044300003AA0399F9F70EF9044678B9039BC6E974
:104440000053204605B0BDE8F08316220D492046F2
:1044500007F0BAF90028D7D10B4CF2E728460399A8
:10446000A4F5885400F08CFF204605B0BDE8F08329
:10447000064CE6E7064CE4E7064CE2E7064CE0E7CC
:10448000064CDEE790F2011000ECFFFF80EFFFFF2B
:1044900080EBFFFF00EFFFFF80EEFFFFD4EEFFFF9A
:1044A00078B110B50446006810B1616800F068FF8B
:1044B000A06800F055FF2046BDE810400C2100F038
:1044C00055BF70472DE9F04F89460021044685B05D
:1044D0000846009315461E46134603AA0E9FF9F799
:1044E00015F8204607F03AFC8046484607F036FCAF
:1044F000039902290A4638BF02224B1C023A03EBF9
:104500009213434418440F9B984253D800294AD130
:10451000884600962B4603AA4046F8F7F7FF8246E6
:10452000002839D1204607F019FC214602463846BA
:1045300007F078F9204607F011FC039D3C18A5B15F
:10454000C3460A26402DAC4628BF4FF0400C5946C2
:10455000A5EB0C05204662466444E34407F062F98B
:10456000039504F8016B002DECD1484607F0F6FBEB
:1045700049460246204607F055F9484607F0EEFB4B
:10458000002103462018E15401300F9A109BC71BED
:10459000D21B1F6007F024FA404600F0E1FE5046AF
:1045A00005B0BDE8F08F012000F0D4FE804630B1A8
:1045B0000399AEE7109B6FF0290A1860EFE7DFF868
:1045C00004A0ECE780EEFFFF0023C0E90033704752
:1045D00068B1036810B504461BB19B6A0BB1406813
:1045E00098472046BDE81040082100F0BFBE704744
:1045F0000138C0B203289ABF024B53F820000020B4
:10460000704700BFA8F2011071B138B503684BB90B
:104610004B6A0C46054613B19847686030B12C6070
:10462000002038BD034838BD02487047A0F57E50D1
:1046300038BD00BF80C1FFFF20B1036813B1DB6844
:1046400008461847002070472DE9F04F83B0174601
:10465000DDE90C89DDE90EAB0546109A0C4601B97F
:104660009BB1FFB12968E9B18BB14E69F6B1CDE9D3
:104670000FB221463A462846B446CDE90D9ACDF808
:10468000308003B0BDE8F04F6047036853B1204667
:104690000192FFF7B7F9FFF791FA034610B12968C5
:1046A000019AE2E7024803B0BDE8F08F0148FAE75B
:1046B00080C1FFFF00C1FFFF10B1006800B10078AA
:1046C000704700BF012804D0A0F10600B0FA80F0C6
:1046D00040097047012230B44368064D064803F193
:1046E00008041033C1E9015430BCC1E904030A7065
:1046F0000A73704780F3011088F301100238022812
:104700008CBF0020012070474368D86B704700BF02
:1047100010B402244368044A68330C708B604A600A
:104720005DF8044B704700BFB8F201100238012851
:104730008CBF002001207047A0F10400B0FA80F087
:104740004009704710B5044602F03CFD2046BDE824
:10475000104000F005BE00BF10B57821012000F028
:10476000F9FD044608B101F059FB204610BD00BF19
:104770004968406801F0FEBC2DE9F04F446881B003
:104780002046DDE90A65DDE90C788A4691469B46BC
:1047900001F052FBA84230600AD84B4642463946E7
:1047A0002046CDE90AAB01B0BDE8F04F02F08CB96C
:1047B000014801B0BDE8F08F00BCFFFF2DE9F04FCC
:1047C000446881B02046DDE90A8BDDE90C671546B7
:1047D00089469A4601F030FBA8420CD143463A463E
:1047E00031462046CDE90BABCDF8289001B0BDE8AD
:1047F000F04F02F001BB024801B0BDE8F08F00BFEE
:1048000080BFFFFF2DE9F04F446883B09946DDE992
:104810000D5ADDE90F670C9B2046884693460193AD
:1048200001F00AFBA842CAF800000DD8019B3A46E5
:10483000CDE90DB3314643462046CDF8309003B064
:10484000BDE8F04F02F06CBB014803B0BDE8F08F4B
:1048500080C7FFFF2DE9F043446883B020460B9DDD
:104860000F469146984601F0E7FAA84210D80A9BF5
:104870000646009342464B463946204602F07AFCF3
:1048800018B9044BAE4238BF184603B0BDE8F083F8
:104890000148FAE700C7FFFF80BCFFFF406801F056
:1048A000C7BA00BF10B50446FDF7BEFE2046BDE8FE
:1048B000104000F055BD00BF10B58021012000F070
:1048C00049FD044608B1FDF719FE204610BD00BFA2
:1048D00049684068FEF726BE4068FBF759BD00BF37
:1048E00010B582B0059C114640681A460094049B9E
:1048F000FBF7B8FD10F5984F08BF00F5985002B0CF
:1049000010BD00BF2DE9F0430F4600268BB01144C7
:1049100004461D4605AA06A830230697CDE907667A
:104920000996F7F7A3FF20B1A0F574500BB0BDE8CE
:10493000F083DDE905361E4404AA314606A8F7F7E0
:10494000E3FF0028F0D1049B012B7DD1042305AAAD
:10495000314606A8F7F78AFF0028E5D1DDE905878B
:1049600007EB0803B34206930AD0A02305AA3146F9
:1049700006A8F7F77BFF002839D010F1620FD3D1DA
:1049800042463946204605F0F9FD0028CED1069B67
:10499000B34209D03146A12305AA06A8F7F766FF5E
:1049A00058B110F1620FBFD1129B424600933946B5
:1049B0002B46204605F000FEB8E7DDE905361E442B
:1049C00005AA06A83146F8F75FF80028ACD1DDE962
:1049D00005310B449E423BD1721A204605F0FCFD86
:1049E0000028A3D010F59D4FDED01D489EE7DDE9DD
:1049F0000532002B02EB030930DD1378062B0793F9
:104A000024D108AA494606A8F7F730FFB8B9069B93
:104A1000089A099313449945069319D1079B062BCD
:104A200018D10DF10F0107A8FFF72AFBA0B99DF8D7
:104A30000F10204605F068FD0028A1D076E7B0F5FC
:104A400074507FF473AFE9E706486FE706486DE7F7
:104A500006486BE7064869E7064867E7064865E7E2
:104A600000C3FFFF80C2FFFF9EC2FFFF9AC2FFFF8D
:104A700080B1FFFF00C6FFFFA0C2FFFF70B5002599
:104A800084B01646C3E900559D6001AA1C46F8F79C
:104A900055F818B1A0F56A5004B070BD314601A8B0
:104AA000FFF7AEFA10F12E0F0ED0A8B93378012B14
:104AB000F2D12368052B00D083B96268084B002A25
:104AC00018BF184604B070BD01A80899FFF718FB7D
:104AD00010B902233370DFE70248DDE70048DBE767
:104AE00080C5FFFF80C3FFFF2DE9F0410D46002484
:104AF0008CB08E1807469846314605AA06A8302382
:104B000006958DF80E408DF80F40F7F7AFFE28B1EF
:104B1000A0F5745420460CB0BDE8F081DDE9053500
:104B20001D4404AA294606A8F7F7EEFE0028EFD197
:104B3000049B002B6AD10DF10F02009209AB0DF11D
:104B40000E02294606A8FFF799FF04460028E1D186
:104B500005AA294606A80423F7F788FE0028D7D11E
:104B6000059B002B56D09DF80E00FFF741FD002855
:104B70004ED001463846FFF747FD04460028C9D10C
:104B80009DF80E30012B29D0023B012B40D8099B08
:104B9000062B1CD109A807A9FFF772FA00283BD100
:104BA0009DF81C10384605F0AFFCA8B9DDE90521D9
:104BB000129B384600934346FFF7A4FE60B9DDE937
:104BC0000513164A0B449E4218BF1446A2E7144C24
:104BD0003846FFF7FDFC9DE70446F9E707AB97E889
:104BE000030083E803001846FFF766FDDDE90521B1
:104BF00001280CBF0898002001F05CF90546002848
:104C0000DDD03846FFF7E4FC2C4683E7054C81E70E
:104C1000054C7FE7054C7DE7054CD9E79AC2FFFFBD
:104C200080B1FFFF80C2FFFF80C3FFFFA0C2FFFF74
:104C300000C6FFFF2DE9F0478AB0002A00F0E480AB
:104C40000C4602F1FF38814607A89A461646FFF740
:104C500097FB14F8083073B1149B32460093214639
:104C6000139B4846FFF740FF002863D100252846E4
:104C70000AB0BDE8F087129B04AFCDE900A302970C
:104C800023466A4A6A4907A8FFF780FB05460028C1
:104C90003CD010F59C5F00F0C58010F5985F00F0E7
:104CA000C38010F5845FE2D114F80830002BD3D113
:104CB000129B0297CDE900A35E4A23465E4907A8EE
:104CC000FFF764FB0546002800F0888010F59C5F24
:104CD00000F0A88010F5985F00F0A68010F5845FC2
:104CE000C5D114F80830002BB6D1CDE901370093B7
:104CF000524A2346524907A8FFF748FB05460028B9
:104D000000F0848010F5845FB1D1A5E70120FFF7A2
:104D10006FFC01464846FFF777FC0546002849D05E
:104D20004846FFF755FC07A8FFF7BAFB28460AB02C
:104D3000BDE8F0874846FFF74BFC4846FFF744FCC8
:104D40000120FFF755FC01464846FFF75DFC05468C
:104D500090B999E8030005AB83E803001846FFF714
:104D6000ABFC01280CBF069828463246214601F0CC
:104D7000A1F800283FF47AAF4846FFF729FC4846DF
:104D8000FFF722FC0220FFF733FC01464846FFF7FD
:104D90003BFC50B9149B324600932146139B484676
:104DA000FFF7B0FD00283FF461AF4846FFF710FC65
:104DB000244D5CE705AB99E8030083E8030018463F
:104DC000FFF77AFCDDE90712012814BF2846069890
:104DD00001F070F805460028A5D0A1E70220FFF7F2
:104DE00007FC01464846FFF70FFC0546002897D10F
:104DF000DDE90712149B48460093139BFFF782FDE1
:104E0000054600288FD08BE70E4D30E7149BDDE977
:104E1000071200934846139BFFF766FE05460028DD
:104E200081D07DE7084D22E7084D20E7A4F301106B
:104E3000C4F30110E4F3011004F4011024F4011090
:104E400040F4011000C3FFFF80C4FFFF00C4FFFF58
:104E5000F0B5002595B003AC07460E4692E8030076
:104E600084E8030020460295FFF726FC023802285A
:104E700088BF28464FF0410398BF0498CDE900430E
:104E8000002202AB00F16801FDF7F0FB60B9386861
:104E9000B0420BD3029A861B964207D3801A386021
:104EA000214606F0BFFC029815B0F0BD6FF06B0014
:104EB000FAE700BF70B5054682B0104614460E46AC
:104EC000FFF7FAFB01280BD02046FFF7F5FB02287D
:104ED00018D1224631462846FFF7BAFF02B070BD0E
:104EE0006B4694E8030083E803001846FFF7E4FBF1
:104EF00001280CBF019800202A46314600F058FCDA
:104F000002B070BD0048E9E780C6FFFF2DE9F04F11
:104F1000002689B0CDE90366002A00F0A6800A4485
:104F200005460C460292FFF7C7FB01285ED02846D3
:104F3000FFF7C2FB022840F0A38002AF38462A46A2
:104F40002146FFF785FF061E4CDB029B1A1B002A39
:104F500040F38B804FF000085A1E06F101090292BF
:104F600021464A4603F8018C3846F7F7FDFE061E37
:104F700038DB032221463846F7F722FFB0F1000A5A
:104F80004DDB2846FFF798FB83462846FFF794FB46
:104F9000022849D00125039B3BB9584603AA04A91E
:104FA000FFF750F8002835D1039BCDE90085049A1E
:104FB00021463846F7F7D0FF00282BDB4E445644F5
:104FC00000EB06094A4621463846F7F7CDFE061E95
:104FD00008DB214638463022F7F7F2FE002819DBBD
:104FE0004E440644304609B0BDE8F08F06AB95E864
:104FF000030083E803001846FFF75EFB02AF0128B9
:105000000CBF079830463A46214600F0D1FB061EF9
:105010009BDAE7E70646304609B0BDE8F08F564612
:10502000304609B0BDE8F08F95E8030006AD85E88D
:1050300003002846FFF740FB0238022824D8079BCC
:10504000187800F0FB03092B12D02A4605A9FFF7B8
:1050500039F828B9DDE9052321463846F7F734FF4A
:105060000028D7DB8046012595E76FF06B06B9E78E
:1050700003AA04A9FFF748F8054618B980468AE74D
:10508000034EAFE70646ADE798F80030FFDE00BFFD
:1050900080C6FFFF2DE9F04F8DB0002A00F0DC80C4
:1050A0000A4405460C460292FFF706FB012800F071
:1050B000AB802846FFF700FB022840F0BF8002A823
:1050C0002A462146FFF7C4FE061EC0F29980029BC5
:1050D0001A1B002A40F3C08000215A1E06F1010865
:1050E000029202A803F8011C42462146F7F73CFE53
:1050F000061EC0F285800322214602A8F7F760FE53
:105100000028C0F29680464487193A46214602A8F4
:10511000F7F72AFE061E73DBA122214602A8F7F745
:105120004FFEB0F1000AC0F2958095E803000DF142
:10513000100888E803004046FFF7BEFA023802284C
:1051400000F29680059B03A918784246FEF7BAFF45
:105150008146002876D0B9F1000F71DB4A4621461E
:1051600002A8F7F701FEB0F1000B78DBA022214680
:1051700002A8F7F725FE031E019372DB95E80300F2
:1051800088E803004046FFF797FA023802286CD8F7
:10519000059803A9C36B42460733DD082023039516
:1051A000FEF79CF9054630B9039B4246214602A80A
:1051B000F8F7BAF805464046202100F0D7F8002D50
:1051C00051DB0122214602A8F7F78AFF002830DBD5
:1051D000F3195344019A4B445B4413441D44054462
:1051E0002A46214602A8F7F7BFFD061E08DB214626
:1051F00002A83022F7F7E4FD00281ADB2E4406440B
:1052000030460DB0BDE8F08F04AB95E8030083E8AD
:1052100003001846FFF750FA01280CBF059800203C
:10522000214602AA00F0C6FC064630460DB0BDE895
:10523000F08F064630460DB0BDE8F08F0E4EDFE72A
:105240004E46DDE7DDE90323214602A8F7F73CFEE1
:10525000814680E75646D3E76FF06B06D0E75E469F
:10526000CEE71E46CCE72E46CAE70023DB6BFFDE07
:1052700000231B78FFDE00BF80C6FFFF2DE9F0434F
:10528000064689B08846012041F22F61914600F020
:1052900061F8002849D000270146044641F22F62F8
:1052A00030460597FFF7F6FE051E0ADB3046FFF78E
:1052B00003FA01280ED03046FFF7FEF902281AD073
:1052C0001C4D204641F22F6100F05AF8284609B0E3
:1052D000BDE8F08318491948C5F5B1520F3205AE43
:1052E0002B46CDF80490CDF8008022440296FFF7BB
:1052F000E9F80546E5E706AB96E8030083E8030016
:105300001846FFF7D9F90238022810D8079B0C4934
:105310001B78092B07D00D2B0A4A0B4B0B481CBFDF
:1053200011461846D8E70948D6E7094DCEE73B783D
:10533000FFDE00BF80C6FFFF5CF401107CF40110AB
:10534000A0F40110DCF40110FCF40110BCF4011015
:1053500080C0FFFF014B1B68184700BFB814002036
:10536000014B1B68184700BFBC14002021B1034B40
:105370000A461B6800211847704700BFC014002070
:1053800010B5044628B121B1044B0A461B68002120
:1053900098472046BDE81040FFF7E2BFC014002048
:1053A0002DE9F04F8DB09DF85850044601A80E46E7
:1053B00090469946FEF732FB2846FEF723FB00286D
:1053C00000F0AE80054601A8FEF728FB0022294622
:1053D00001A8FEF74FFB834658B104AF38462021A1
:1053E000FFF7C4FF01A8FEF71FFB58460DB0BDE84C
:1053F000F08F2846FEF7E2FB04AF824620223846B3
:10540000594606F0EDFACDF800B0002EE6D001A81E
:10541000FEF76AFBB245554628BF354600287BD1CA
:105420004A46414601A8FEF779FB002874D10422C0
:1054300069460DEB0200FEF771FB00286CD139467E
:1054400001A8FEF77FFB002866D1002D5AD06B1E05
:10545000022B63D922680499AB084A40012B2260D1
:105460002DD062680599022B82EA0102626026D083
:10547000A2680699032B82EA0102A2601FD0E268AB
:105480000799042B82EA0102E26018D02269089988
:10549000052B82EA0102226111D062690999062B6B
:1054A00082EA010262610AD0A2690A99072B82EAA4
:1054B0000102A26103D0E3690B9A5340E36125F036
:1054C0000300854204EB00031BD00CAA024412F82F
:1054D00020CC1978421C81EA0C01AA42197010D222
:1054E0000CA90A4412F8201C5A7802304A4085421E
:1054F0005A7006D90CAA104410F8201C9A784A4019
:105500009A702C449DF80330761B03F101038DF84B
:1055100003307FF47CAF61E783465FE72346D4E73F
:10552000DFF804B061E700BF80BFFFFF2DE9F04363
:10553000002487B006469DF83C000F4690469946E9
:10554000CDE90144FEF75EFA002835D0054603A8F0
:10555000FEF764FA2246294603A8FEF78BFA0446B2
:1055600030B103A8FEF760FA204607B0BDE8F0832B
:1055700003A8FEF7B9FA04460028F2D101A90822CF
:1055800003A8FEF7CBFA04460028EAD13A46314692
:1055900003A8FEF7C3FA04460028E2D14A46414672
:1055A00003A8FEF7BBFA04460028DAD10E9903A837
:1055B000FEF7C8FA0446D4E7004CD5E780BFFFFFEA
:1055C0002DE9F04F002483B0CDE900440E4691460A
:1055D0001D460C9F044600BB8B4202D35D1A0A2D68
:1055E00004D8414C204603B0BDE8F08F3B46012172
:1055F000033D03F8020B2A4679701846FF2106F096
:10560000EFF9034628445C5532464946013006F01E
:1056100009F9204603B0BDE8F08FFEF7F3F9FEF775
:10562000CDFA80460028DCD020466A4601A9FEF764
:105630006FFD04460028D4D1B045D2D1009E464427
:1056400006F108037F2BCCD806F10A0308F10A0201
:105650009342C6D3AB42C4D8AE1B0A3E0A2EC0D971
:10566000BA4601230AF8020B033E324650467B70CD
:10567000FF2106F0B5F930210620DDF800B00AEB75
:1056800006030AF806400BF108025FFA88FA5FFA8F
:105690008BF652449A709E71321D5970DE1DD9707E
:1056A0001A7158715A460199304606F0BBF84FF00E
:1056B000040C052006EB0B0202EB0C0306F80B00B2
:1056C00049461846547082F803A082F802C0424648
:1056D00006F0A8F87B198044434583D02946384614
:1056E000FFF744FE7DE700BF80BFFFFFF8B504462B
:1056F00000F10806304667680D46F8F723FB87423D
:1057000051D16368B3F5806F4DD800213046F8F76A
:10571000A3FC002847DD30460021F8F7DFFA002817
:1057200041D0BDB304F1200528460021F8F794FCD0
:10573000002838DD28460021F8F7D0FA98B304F1A4
:10574000280528460021F8F787FC00282BDD28468D
:105750000021F8F7C3FA30B3002104F11000F8F784
:105760007BFC00281FDD002104F13000F8F774FCF9
:10577000002818DD002104F13800F8F76DFC00283E
:1057800011DD04F140000021F8F766FC00280ADD75
:105790000020F8BD04F110002946F8F75DFC002850
:1057A00001DD2846F8BD0148F8BD00BF80BFFFFFFE
:1057B0002DE9F047054682B0684605F108060F4618
:1057C0009046F8F76FF930460021F8F745FC05F1EF
:1057D000100900283FD149466846F8F7E7F9044622
:1057E000002835D16A4639464046F7F70BFB041EC0
:1057F00027DB00213046A246F8F72EFC002844D1D2
:1058000031466846F8F7D2F90446002857D0684672
:10581000F8F74EF9002C17DB524639464046F7F7A9
:10582000A3FA041E10DB394640463022F7F7C8FAC7
:105830000028B2BF044654442418204602B0BDE8F4
:10584000F0876846F8F734F9204602B0BDE8F087E3
:105850004FF0000ADBE7002105F12000F8F7FCFB20
:105860000028B8D0002105F12800F8F7F5FB002842
:10587000B1D0002105F11800F8F7EEFB0028AAD0FE
:1058800000214846F8F7E8FBA5E7002105F12000D4
:10589000F8F7E2FB0028B3D0002105F12800F8F763
:1058A000DBFB0028ACD005F118000021F8F7D4FB91
:1058B0000028A5D048460021F8F7CEFBA0E76A46AD
:1058C00039464046F7F79EFA041EBADB6846A24402
:1058D000F8F7EEF8A0E700BF2DE9F04F00F1080857
:1058E0008DB0044600214046F8F7B6FB04F12005D0
:1058F000039000212846F8F7AFFB04F128060021A9
:1059000081463046F8F7A8FB04F1180707900021FC
:105910003846F8F7A1FB04F1100B06900021584619
:10592000F8F79AFB04F1300A04F1380309900021DA
:1059300050460493F8F790FB04F1400308900021CF
:1059400004980593F8F788FB00210A900598F8F76A
:1059500083FBDDE906320B90B9F1000F23D042BB87
:10596000039900295ED0B9F1000F47D0EAB1E3B93D
:10597000099BD3B1039B002B5ED05A463B46314670
:10598000284604F0B7FB002847D1089B4BB30A9B7D
:105990003BB30B9B2BB30123194620460DB0BDE84A
:1059A000F04FFFF7A3BE039941BB25480DB0BDE8FA
:1059B000F08F002BD4D009990029D1D0039B002B64
:1059C000E3D1324629464046F8F7C2FE28BB40469E
:1059D000F8F7B8F9039B6060002BCED1089B002B31
:1059E000D5D1059B3A460193049B31460093284646
:1059F000534604F0E3FB0028CDD00EE0002AD4D1BA
:105A0000B3B1099B002BD0D00096594640462B4697
:105A10003A4604F073FA0028B7D0A0F581400DB0E3
:105A2000BDE8F08FB9F1000FBFD0002ABDD09EE7CE
:105A3000099A002AB0D1B8E701230393C1E700BF58
:105A400080BFFFFF2DE9F04F00F1080783B0044647
:105A5000DDE90C6988463846002193461D46F8F773
:105A6000FBFA90B9BBF1000F59D1002D57D1002E90
:105A700055D1B8F1000F43D039464046F8F796F8B3
:105A800000283DD003B0BDE8F08F04F1200A504655
:105A90000021F8F7E1FA0028E4D004F128031846C1
:105AA00000210093F8F7D8FA0028DBD004F118039E
:105AB000184600210193F8F7CFFA0028D2D0002130
:105AC00004F11000F8F7C8FA0028CBD0B8F1000FA5
:105AD00027D1BBF1000F05D051465846F8F766F8BC
:105AE0000028CFD12DB100992846F8F75FF800289B
:105AF000C8D12EB101993046F8F758F80028C1D125
:105B0000B9F1000F07D0484604F1100103B0BDE819
:105B1000F04FF8F74BB8484603B0BDE8F08F0448A3
:105B2000B0E739464046F8F741F80028D1D0A9E758
:105B300080BFFFFFF8B504460D4608300021164629
:105B40001F46F8F789FA88B3002104F12000F8F71E
:105B500083FA58B3002104F12800F8F77DFA28B33E
:105B6000002104F11800F8F777FAF8B1002104F1E8
:105B70001000F8F771FAC8B12DB1284604F13001D0
:105B8000F8F714F878B92EB1304604F13801F8F777
:105B90000DF840B92FB104F140013846F8F706F886
:105BA00008B90020F8BDA0F58140F8BD0048F8BD57
:105BB00080BFFFFF2DE9F04F87B0804604A80E4656
:105BC0001546F7F76FFF002204AB40461146FFF77A
:105BD000B1FF18B30446002704A8F7F769FF002CAB
:105BE00018DB002231462846F7F77AFA041E11DB4B
:105BF00027443A4631462846F7F7B6F8041E09DB33
:105C0000314628463022F7F7DBF80028B2BF0446B9
:105C1000E4192418204607B0BDE8F08F04AA3146E5
:105C20002846F7F7EFF8041E29DB002304AA1946DB
:105C30004046FFF77FFF274604460028CCD104AA40
:105C400031462846F7F7DEF8041E18DB002304A9C6
:105C50001A464046FFF76EFF274404460028BBD192
:105C600004AA31462846F7F7CDF8041E07DB08F1F1
:105C7000080948460021F8F7EFF938B9664C04A83E
:105C8000F7F716FF204607B0BDE8F08F08F1200AAD
:105C900050460021F8F7E0F920B904A8F7F708FF0B
:105CA0005D4CB7E708F1280B58460021F8F7D4F906
:105CB0000028F2D008F11803184600210293F8F7E3
:105CC000CBF90028E9D008F110031846002103930E
:105CD000F8F7C2F90028E0D0594604A8F7F766FFA4
:105CE0002744044600287FF477AF04AA31462846AB
:105CF000F7F788F8041EC2DB00214846F8F7ACF934
:105D00000028CAD000215046F8F7A6F90028C4D0D0
:105D100000215846F8F7A0F90028BED000210298CB
:105D2000F8F79AF90028B8D000210398F8F794F909
:105D30000028B2D0514604A8F7F738FF274404469C
:105D400000287FF449AF04AA31462846F7F75AF8ED
:105D5000041E94DB48460021F8F77EF900289CD009
:105D600050460021F8F778F9002896D058460021CF
:105D7000F8F772F9002890D000210298F8F76CF932
:105D800000288AD003980021F8F766F9002884D00B
:105D9000029904A8F7F70AFF2744044600287FF475
:105DA0001BAF04AA31462846F7F72CF8041EFFF66D
:105DB00066AF4FF0000904ABCDE900934A464B466D
:105DC00049464046FFF73EFE2744044600287FF43C
:105DD00003AF04AA31462846F7F714F8041EFFF66D
:105DE0004EAFCDE9009940464B464A4604A9FFF71D
:105DF00029FE2744044600287FF4EEAE04AA31466B
:105E00002846F6F7FFFF041EFFF639AF04A8274423
:105E1000F7F74EFEE5E600BF80BFFFFF702208B532
:105E2000002105F0DDFD0022C0E91C2208BD00BFF5
:105E30000830F7F783BF00BF4068704770B504466D
:105E400000F1080528466668F7F77CFF86422DD1E9
:105E50006368B3F5806F29D800212846F8F7FCF86D
:105E6000002823DD00212846F7F738FFF0B1103471
:105E700020460021F8F7F0F8002817DD2846F7F74C
:105E80005DFF7F2812D900212046F7F727FF68B170
:105E90002046F7F753FF012808D929462046F8F78E
:105EA00069F80028B8BF002000DA70BD004870BD56
:105EB00000BEFFFF70B50C4686B08D18064604A8DC
:105EC000F7F7F0FD294603A8302302AA0394F6F75A
:105ED000CDFC0446002850D1DDE9022313449D4245
:105EE00040F0278101AA294603A8F6F70DFD0446D4
:105EF000002842D1019B002B40F01B8104AA2946B7
:105F000003A8F6F773FD0446D0B304A8F7F7D0FD55
:105F10009EB306F16000F7F7CBFD06F16800F7F7D6
:105F2000C7FD06F14800F7F7C3FD06F11800F7F7C3
:105F3000BFFD06F12800F7F7BBFD06F12000F7F7DB
:105F4000B7FD06F11000F7F7B3FD06F10800F7F70B
:105F5000AFFD06F15800F7F7ABFD06F15000F7F77B
:105F6000A7FD06F14000F7F7A3FD06F13800F7F7AB
:105F70009FFD06F13000F7F79BFD204606B070BD8F
:105F8000014604A8F8F768F8002800F0E38006F15D
:105F90000804204604A9F7F709FE002840F0C48051
:105FA0002046F7F7CFFE706004AA294603A8F6F74B
:105FB0001DFD04460028A8D1014604A8F8F74CF8B6
:105FC000002800F0CD8004A906F11000F7F7EEFDDF
:105FD000002840F0B08004AA294603A8F6F706FD81
:105FE0000446002891D1014604A8F8F735F80028A6
:105FF00000F0B68004A906F11800F7F7D7FD0028D5
:1060000040F09E8004AA294603A8F6F7EFFC044658
:1060100000287FF47AAF014604A8F8F71DF800289D
:1060200000F09E8004A906F12000F7F7BFFD0028CC
:1060300040F08B8004AA294603A8F6F7D7FC044653
:1060400000287FF462AF014604A8F8F705F800289D
:1060500000F0868004A906F12800F7F7A7FD0028C4
:106060007AD104AA294603A8F6F7C0FC0446002802
:106070007FF44BAF014604A8F7F7EEFF00286FD07E
:1060800004A906F13000F7F791FD044600287FF4DB
:106090003CAF04AA294603A8F6F7A8FC044600284A
:1060A0007FF433AF014604A8F7F7D6FF002857D096
:1060B00004A906F13800F7F779FD044600287FF4BB
:1060C00024AF03A804AA2946F6F790FC044600284A
:1060D0007FF41BAF014604A8F7F7BEFF00283FD0AE
:1060E00004A906F14000F7F761FD044600287FF49B
:1060F0000CAF3046FFF7F0FB044600287FF405AFF5
:106100003046FFF79BFE044600287FF4FEAE039B5B
:1061100004A8AB423FF42FAFF7F7CAFC6FF0650459
:10612000002E7FF4F6AE28E7B0F581447FF4EDAEA3
:106130003AE70F4C21E7B0F581443FF44CAFE4E679
:10614000B0F581443FF45EAFDFE6B0F581443FF443
:1061500071AFDAE6064CD8E6B0F5814481D0D4E6DA
:1061600004A8F7F7A5FC024C002E7FF4D2AE04E79A
:1061700080BFFFFF2DE9F04F044600F1080685B00F
:10618000304667680D46F7F7DDFD874265D16368E5
:10619000B3F5806F61D800213046F7F75DFF002826
:1061A0005BDD00213046F7F799FD002855D010340B
:1061B00020460021F7F750FF00284EDD3046F7F764
:1061C000BDFD7F2849D900212046F7F787FD00282B
:1061D00043D02046F7F7B2FD01283ED9314620468C
:1061E000F7F7C8FE002838DA2846FFF727FEA0BBDD
:1061F00001212846FFF77AFA78BB05F1080705F177
:10620000200905F1280A05F1180B05F11008CDE960
:1062100001004946384652465B46CDF8008004F0FE
:1062200017F8D0B905F1380305F1400CCDE9003C71
:106230005A465146484605F1300304F0E7F860B984
:1062400039463046F7F796FE38B941462046F7F70B
:1062500091FE10B905B0BDE8F08F024805B0BDE869
:10626000F08F00BF00BEFFFF2DE9F043044600F1B0
:10627000080685B03046656888469146F7F762FDA6
:10628000854254D16368B3F5806F50D80021304601
:10629000F7F7E2FE00284ADD00213046F7F71EFD41
:1062A000002844D004F1100738460021F7F7D4FE47
:1062B00000283CDD02A8F7F7F5FB414602A862681A
:1062C000F7F748FD054640B102A8F7F7F1FBA5F541
:1062D0008545284605B0BDE8F083314602A8F7F7AA
:1062E00049FE002807DB134D02A8F7F7E1FB28461B
:1062F00005B0BDE8F08304F14801009102A93346DE
:106300003A4608466468F9F761F805460028DBD18B
:106310002246494602A8F7F77BFD054602A8F7F793
:10632000C7FB002DD3D1284605B0BDE8F083024D50
:10633000CFE700BF7CBDFFFF80BFFFFF2DE9F04F1F
:106340009FB0002900F033820D46012104461F460C
:106350001646FFF7CBF9002840F0298206A8F7F788
:10636000A1FB08A8F7F79EFB0AA8F7F79BFB0CA870
:10637000F7F798FB12A8F7F795FB14A8F7F792FB2D
:106380000EA8F7F78FFB10A8F7F78CFB16A8F7F706
:1063900089FB18A8F7F786FB394606A86268F7F765
:1063A000D9FC814630B308A8F7F782FB0AA8F7F7B3
:1063B0007FFB0CA8F7F77CFB12A8F7F779FB14A872
:1063C000F7F776FB06A8F7F773FB0EA8F7F770FB55
:1063D00010A8F7F76DFB18A8F7F76AFB16A8F7F7F0
:1063E00067FB19F17F0F01DBA9F5864948461FB00D
:1063F000BDE8F08F04F10808414606A8F7F7BAFD9A
:10640000002802DB6FF00309CDE71CA8F7F74AFB71
:10641000A36E73B104F1600A524651465046F8F734
:1064200097F98146002800F0A1811CA8F7F740FBEE
:10643000B9E70B2304F1680B059304F16007616869
:10644000334601392A465846F9F7E2F881460028D2
:10645000EBD16168334601392A461CA8F9F7D8F810
:1064600081460028E1D11CAA59463846F8F770F950
:10647000BA4681460028D8D1424639463846F8F710
:106480008FFD81460028D0D1424639463846F9F77B
:1064900093F98146002840F014811CAA39463846F9
:1064A000F8F756F981460028BFD1424639463846AA
:1064B000F8F776FD81460028B7D104F14803009330
:1064C00004F11002434639463846F8F775FF814615
:1064D0001CA8F7F7EDFAB9F1000F7FF464AF06A935
:1064E00052460846F8F734F9814600287FF45BAF3E
:1064F00006A942460846F8F753FD814600287FF476
:1065000052AF06A916A8F7F751FB814600287FF481
:106510004AAF04F120073946012208A8F8F748F8E5
:10652000814600287FF43FAF04F1280A514601223A
:106530000AA8F8F73DF8814600287FF434AF3346C7
:106540002A461C210CA8F9F763F8814600287FF43D
:106550002AAF0CAA08A912A8F8F7FAF88146002871
:106560007FF421AF12A904F130020846F7F7ECFEE0
:10657000814600287FF417AF33462A461C210CA819
:10658000F9F746F8814600287FF40DAF0CAA0AA956
:1065900014A8F8F7DDF8814600287FF404AF14A9A9
:1065A00004F138020846F7F7CFFE814600287FF451
:1065B000FAAE04F15003009312AA3B4606A90EA8B6
:1065C000F8F7FAFE814600287FF4EDAE04F1580397
:1065D000009314AA534606A910A8F8F7EDFE8146C9
:1065E00000287FF4E0AE10AA0EA906A8F7F7DEFE99
:1065F000814600287FF4D7AE04F1400206A90EA818
:10660000F8F7A6F8814600287FF4CDAE3A460EA9E9
:1066100006A8F8F7C5FC814600287FF4C4AE5246B0
:1066200006A90EA8F8F794F8814600287FF4BBAEBF
:106630000EAA10A906A8F7F787FE814600287FF466
:10664000B2AE04F14803009304F11002434606A9D8
:1066500018A8F8F7B1FE814600287FF4A4AE16A969
:1066600018A8F7F787FC002840F0A480A06803F082
:1066700009F806461AA8E589F7F714FA1CA8F7F7EF
:1066800011FA41461AA803F07FFA814690B96900D1
:1066900001311CA8F7F71CFA814658B9294606A80B
:1066A000F7F716FA814628B958462946F7F710FA3F
:1066B000814690B11AA8F7F7FBF91CA8F7F7F8F98B
:1066C00071E610F10E0F7FF4B0AE059B013B059310
:1066D0007FF4B5AEDFF8E490A7E61C9A1A9B069902
:1066E000CDE90132009608462B46A26803F0E8FB8C
:1066F000A2681C9FCDE901560699039700922B468C
:106700000846A26E02F0D6FF1AA8F7F7D1F91CA826
:10671000F7F7CEF96268289906A8F7F779FB814662
:1067200008A8F7F7C5F90AA8F7F7C2F90CA8F7F710
:10673000BFF912A8F7F7BCF914A8F7F7B9F906A83A
:10674000F7F7B6F90EA8F7F7B3F910A8F7F7B0F90D
:1067500018A8F7F7ADF916A8F7F7AAF9B9F1000FDD
:106760007FF43FAE48461FB0BDE8F08F4246514629
:106770005046F8F715FC814600287FF456AE04F128
:10678000680B5A4659465846F7F7E2FF81460028FB
:106790007FF44BAE424659465846F8F701FC814615
:1067A00000287FF442AE1CA8F7F782F997E6DFF8DD
:1067B00010901BE6DFF80C90F5E500BF80BBFFFFF3
:1067C00080BFFFFF80BCFFFF2DE9F04F89B08A46F4
:1067D000DDE914B603921399129A8146049202914C
:1067E0001F4613B9002A00F08780029B002B00F09F
:1067F0008180BAF1000F7DD0D9F80450002F70D1FC
:1068000099F87440002C08BF3C462046FDF7FAF882
:10681000FDF7D4F9804600286CD0BBF1FF3F71D062
:10682000BBF1000F66DB0BF102020244AA4261D801
:1068300009F108031F462A4600213046079305F058
:10684000CFF83846F7F77AFA0121A5EB08039A1E2C
:10685000A2EB0B02B7180F44B154059039465A46C3
:1068600003980693D04720B1A0F5894009B0BDE850
:10687000F08F07EB0B0302980093029301940499A5
:106880005B463A46FEF752FE0028EFD1059A029F7A
:10689000531E13F0070F0CBF01200020069A00942E
:1068A000511E091A434630443A46FEF779FD002846
:1068B000DCD10798F7F742FAFF23C0EBC500327826
:1068C0000130034113401296BC24337051464846B0
:1068D0003346039A07F8084009B0BDE8F04FFFF7C8
:1068E0002DBD3846FDF78EF8FDF768F910B1049B11
:1068F000834285D00A48B9E7BAF1000FFAD0D9F837
:1069000004507DE703B25B00AB42F3D80233AB42E5
:1069100001D883468CE7AB1EA3EB000B88E700BFD2
:1069200080BFFFFF2DE9F04F87B0109CDDF84CB021
:106930000394DDE911A4059400296FD0044690F872
:106940007400029104931646FDF75CF8FDF736F9E2
:106950000546002862D000B24FEA40090AF102035E
:106960004B445345676859D3BB4257D83A46002138
:10697000584605F035F8D846002308F8013B304664
:1069800041462A46029B984720B1A0F5894007B0AE
:10699000BDE8F08F94F8740008EB0506FDF732F8B7
:1069A00000283BD0DDE903213346FDF7DFF800285E
:1069B000EDD10123A7EB0A0002382844A0EB09001F
:1069C00033543044BAF1000F22D194F87430013FAF
:1069D0006E1C7F1B5E440093394630462B46424670
:1069E000FEF7DEFC0028D2D194F874C03B46324654
:1069F00029464046CDF800C0FEF7D2FC0028C6D19B
:106A000020465A46594607B0BDE8F04FFFF72CBC68
:106A100052460599184404F005FFD6E70048B6E74A
:106A200080BFFFFF2DE9F04F83B00C9D13F10C0FD9
:106A300044680195DDF8349042D803F10B05A54276
:106A40003ED80025E41A033C89F80050C1B39846AB
:106A5000022316460D46824689F8013009EB030BE6
:106A600064B31C4409EB0407642402E0013C1AD01F
:106A7000C8B9012259463046A8479BF80020002A91
:106A8000F4D080B90BF1010B5F45EDD100233B70D1
:106A9000B8F1000F0CD150464A46494603B0BDE854
:106AA000F04FFFF7E1BBA0F5894003B0BDE8F08FE0
:106AB00042460199781C04F0B5FEECE75F46E5E735
:106AC0000048F2E780BFFFFFF0B5046F85B0DDE955
:106AD0000A6774B1012C09D11D460023CDE9026774
:106AE000CDE90035FFF71EFF05B0F0BD034805B046
:106AF000F0BD05B0BDE8F040FFF794BF00BFFFFF59
:106B00002DE9F04F046FADF2344D012C40F0C480FC
:106B10004668A6F11004B4F57C7F00F2BD800446FF
:106B200090F87400029391468A46FCF76BFFFDF7DC
:106B300045F80546002800F0AF80471C4FEA470B98
:106B4000B34500F2A9800DF13008DDF860344A4603
:106B50005146CDF800802046FFF7F0FB034680B198
:106B600004AC40464FF480610293FEF7FFFB2046E1
:106B70002021FEF7FBFB029B18460DF2344DBDE8C9
:106B8000F08F94F8741006F1FF3A4744AAEB050A17
:106B9000534600913A460DF131002946FEF700FCBC
:106BA00003460028DCD194F87430514600933846EF
:106BB0002B460DF13102FEF7F3FB03460028CFD13F
:106BC00094F87400FCF71EFF00286ED004AC234636
:106BD0000299DDF85824FCF7C9FF03460028C0D10C
:106BE000039098F8000003465A421343DB17994676
:106BF0000DF131035F1939462A462046F9F776F838
:106C000042421043C01740EA09034FF0FF3102939C
:106C10003D44ABF1020BA6EB0B0BBBF1020F039B48
:106C20003CD04FF0000EF146ABF103072F4405F1C5
:106C3000FF3C1CF8012FCA4682EA0A025042024376
:106C4000D21721EA020101F0010267459644F0D112
:106C50000EF10107AE449EF8001001224A40514255
:106C60000A43D217002102981043814219D1E91931
:106C7000A1EB0802DDF86804B21A824213D8DDF8ED
:106C80005C040260002A3FF46CAFDDF864040293F8
:106C900004F0C8FD029B64E7054B6DE7AE46012793
:106CA000D9E7044B5DE7044B5BE7014B58E700BFB6
:106CB00080BFFFFF00BFFFFF00BCFFFF2DE9F04FCB
:106CC000056FADF20C4D4668002D40F09080A6F1A6
:106CD0001004B4F57C7F00F28A8002AF98460097DA
:106CE000DDF83034FFF72AFB044648B138464FF44C
:106CF0008061FEF73BFB20460DF20C4DBDE8F08FA6
:106D0000DDF83834A6F10B02934228BF13463D78D4
:106D1000994629464B421943C9177B7802255D40A5
:106D20006B421D43ED1745EA010B034686460DF104
:106D3000070101EB060C0DF1090111F8014FF246B4
:106D400084EA0A0465422C43E41763EA0403DC4343
:106D50008C4504F0010A5044EFD10823014691EA22
:106D60000305C91AA9432B401943C9174BEA040567
:106D7000F31E0D43181A29464B460B40C9430140E8
:106D800019438A464B4693EA01005B1A834301404C
:106D90000B43DB174FF4824103F488402C4621401B
:106DA000E44304400C4345EA03000DF113011D4682
:106DB0006442F9F759F84B4652462B40ED431540D3
:106DC0001D43A6EB09063E443046A9EB05024946A1
:106DD000F8F7C8FFDDF8383413B9C8F8005085E774
:106DE0004A463146DDF8340404F01CFDF5E7014C59
:106DF00081E700BF80BFFFFFF0B5046F87B0DDE91A
:106E00000C67DDF838C07CB1012C0AD11D46002387
:106E1000CDE9037CCDE901560093FFF771FE07B081
:106E2000F0BD044807B0F0BD07B0BDE8F040FFF783
:106E300045BF00BF00BFFFFF2DE9F04782B0044609
:106E40000C9E93B90A9880B9206F88B900961846AD
:106E500090460F46DDE90A126368FEF7B1FB05466E
:106E600040B1284602B0BDE8F0870B980028EBD16E
:106E7000294DF6E761680120FEF76CFA814600288B
:106E800040D061680120FEF765FA824600283CD0B8
:106E9000CDF800904246394633462046FFF74EFA79
:106EA000054680B148466168FEF76AFA5046616857
:106EB000FEF766FA62683046212104F091FD28460B
:106EC00002B0BDE8F087524649462046FFF7CCF9AC
:106ED00005460028E6D1626831465046F8F706FFBD
:106EE000054668B962684946304604F09BFC48464E
:106EF0006168FEF745FA61685046FEF741FAB0E76F
:106F0000064DCFE76FF00F05ABE74846FEF728FACE
:106F10006FF00F05A5E700BF80BFFFFF00BDFFFFBB
:106F2000F0B585B0DDE90A650C9F3BB936B9046F51
:106F300044B1012C0ED00E4805B0F0BD002DF6D1A5
:106F40000C48F9E7CDE90B570A9605B0BDE8F040CB
:106F5000FFF772BF446F0CB9002BF1D04FF0FF3434
:106F60000397CDE900650294FFF72EFC05B0F0BD54
:106F700000BFFFFF80BFFFFF2DE9F04F0D46ADF2D0
:106F80002C4D074690460AA84FF48062002199468E
:106F90009DF8506404F024FD002D7BD1B8F1000F62
:106FA00078D1D7F804A0AAF11003B3F57C7F74D888
:106FB0000AAADDF858143846FFF756F9002865D1BB
:106FC0000AF1FF340AAB1B5DBC2B74D1002D66D1D6
:106FD0003046FCF717FDFCF7F1FD054600285CD0B4
:106FE00007F10800F6F7AAFECAEB4A7300F1FF3B6F
:106FF0000BEBC3039DF82820083352FA03F34CD15E
:107000001BF0070F08BFA24605F102030CBF0DF1EC
:1070100029040AAC534540D8E94351446718009607
:107020003A462B462046FEF7BBF978BBFF23CBEB55
:10703000CA0A9DF828B043FA0AFA0AEA0B0A7A1E2D
:107040008DF828A09442237833D293BB14F8013FE3
:107050009442FAD1012B02F101022CD1DDF8541433
:10706000BB1A481C01D08B4225D102AC0196414687
:1070700048460094FEF75AFA40B92A462146384657
:1070800004F0A2FB0D4B002818BF18460DF22C4D42
:10709000BDE8F08FB9F1000F83D10948F6E7284623
:1070A000FCF7B0FCFCF78AFD0028F6D080458FD0B5
:1070B000F3E72246CEE70348E8E700BF80BCFFFFC6
:1070C00080BFFFFF00BFFFFF2DE9F04782B069BB23
:1070D00062BB44688846054621460120994616460B
:1070E000FEF738F9074648B321460120FEF732F98A
:1070F0008246F8B1009031464A4640462346FEF7A4
:107100005FFA064630B928463A460A99FFF7ACF8C6
:107110000646C8B138462146FEF732F921465046A8
:10712000FEF72EF9304602B0BDE8F087002BD0D133
:107130000E4E05E021463846FEF722F96FF00F06A5
:10714000304602B0BDE8F087224651463846F8F78F
:10715000CDFD074B061E2146384618BF1E46FEF7DA
:107160000FF921465046FEF70BF9DBE780BFFFFF22
:1071700080BCFFFF70B584B0089D39B932B9046F87
:10718000A4B1012C06D00D4804B070BD002BF6D17F
:107190000B48F9E7446F7CB90C464FF0FF36029577
:1071A000CDE90046FFF7E8FE04B070BD089504B0D5
:1071B000BDE87040FFF788BFE4B2EEE700BFFFFF15
:1071C00080BFFFFFB0B310B504466030F6F770FC27
:1071D00004F16800F6F76CFC04F14800F6F768FC6F
:1071E00004F11800F6F764FC04F12800F6F760FCDF
:1071F00004F12000F6F75CFC04F11000F6F758FCEF
:1072000004F10800F6F754FC04F15800F6F750FCBE
:1072100004F15000F6F74CFC04F14000F6F748FC8E
:1072200004F13800F6F744FC04F13000BDE81040EA
:10723000F6F73EBC704700BF5C22002104F0D0BBD3
:1072400010B15C21FEF792B8704700BF03460020E2
:1072500030B4094A094D9A6002F1B942084C094913
:1072600002F55B2202F6EF62C3E9035430BCC3E9C6
:107270000512C3E9000070470123456789ABCDEFD4
:10728000FEDCBA987654321003462DE9F04FD0E96F
:1072900003544669B1B09F680B93334616958069D5
:1072A0004FEAB50B84EA0609169EE04A189084EA74
:1072B0000B0009EA060938404E68179460409C1894
:1072C000D1F808E0204434BA05942044179C9EFA73
:1072D0008EFEA61874461197189D119F1544D1F87B
:1072E00000A005EBF76589EA0309A944119D9AFA04
:1072F0008AFCE14419934FEAB503CDF804C08BEA48
:1073000003054FEAB90CD1F80C8000EBF96083EA71
:107310000C0E05EA0905D1F8149026440BEB020780
:1073200098FA88F885EA0B050EEA000E4FEAB00BD2
:107330008EEA030ECDF80C804744354499FA89F85B
:107340000E6905EBF065CDF8108002948CEA0B0015
:107350000EEB07044FEAB50A04EBF56436BA1344A2
:107360002840049D8BEA0A0E80EA0C0033448F69A2
:107370000EEA040E1544034403EBF46306966544D9
:107380004FEAB4068EEA0B0ECC6938BAAE448AEAEC
:1073900006074FEAB3090EEBF36E1F4023BA1D46F2
:1073A00000EB0208D84487EA0A070E9086EA090330
:1073B00007EB080000EBFE60AC18129503EA0E0321
:1073C0004FEABE05D1F824E0A24483EA060889EA20
:1073D000050C9EFA8EFED0444FEAB00708EBF06829
:1073E0000CEA000A7046D1F820B085EA07049BFA3F
:1073F0008BFB0BEB0203CDF81CE033448AEA090C4B
:10740000104404EA080E4FEAB80A8E6A81448EEAF4
:1074100005049C44D1F82CE00CEBF86C87EA0A00D8
:107420004C4404EBFC644FEABC0936BA00EA0C0099
:107430009EFA8EFC0896B3186646D1F830C02B44ED
:1074400078408AEA0905B64625409CFA8CFC184427
:1074500000EBF46385EA0A0065464FEAB4089644F7
:107460000996774489EA08061544384406EA030772
:107470004FEAB30E4C6BAA4487EA09068D6B00EB0A
:10748000F360CDF83CC0564488EA0E0C06EBF0667B
:1074900027BA0CEA000A4FEAB00428BACD6B01996A
:1074A000BB184B4489468AEA080C02990A979C4407
:1074B0008EEA04070CEBF66C0C9089EA010A83183B
:1074C00007EA06094FEAB6002EBA059D4344A846CE
:1074D000039D89EA0E0788EA05090A9D8AEA0B0AD4
:1074E0000D968AEA050AB5184FEABC0605961F44B0
:1074F00080EA0603029E84EA000107EBFC6701EACA
:107500000C08B4460799069E754489EA010988EA81
:1075100004014FEAFA7A294401EBF7610AEB020809
:10752000CDF804A08CEA060E4FEAB70A03EA070C6E
:10753000089B039F8EEA030E8CEA0003BC460C9E58
:10754000049F89EA06094FEAF9798CEA0707CC46D5
:10755000059D444485EA0A0523444FEAB10803EB3C
:10756000F16305EA0104CDF808900D9E0599099D87
:1075700094446F4084EA0105069960448C468EEA83
:10758000060E019E0E997740049E8CEA0101B446D6
:10759000129E4FEAFE7ECDF80CE08AEA08048CEADF
:1075A000060905440F9E4FEAB30E05EBF3650398F9
:1075B0001C404FEAF777029B04977140059E1044E8
:1075C0005940049B304484EA0A0488EA0E060A9F64
:1075D00004441A440E982E404FEAF171059152442A
:1075E00086EA0806124B89EA0709164480EA0B0767
:1075F000059A039802EB030A89EA0009129A4FEAF6
:10760000F97CCDF840C09446079A04EBF5608CEA0B
:1076100002010C9C0E91049967404F401099089A02
:107620008C464FEAF777C24404E000BF9979825A4A
:10763000A1EBD96E06978BEA0208DDE90D727A405C
:10764000019F4FEAB50588EA070888EA01084FEA72
:10765000F87841468EEA05044FEAB009444006EB4B
:10766000F066544485EA0900059F4FEAB60A04EB28
:10767000F6649C447040069EF4446044B4467A40EC
:10768000079F4FEAF272BE460792079A89EA0A06F6
:1076900002EB030BCB4489469C44099F654486EA70
:1076A000040C089AAC440F9D8EEA070E00EBF467B9
:1076B000029882EA0506069A0E918EEA000E049957
:1076C0008EEA020EDDE909255540039A4D400799DF
:1076D00056404FEAB4040E9A4E408AEA04004FEA3C
:1076E000B7084FEAFE7E4FEAF6760CEBF76CCDF862
:1076F00020E07840994484EA0807554032460F9EBE
:107700000899D14487EA0C074F445844B1464FEAE0
:10771000BC0E00EBFC608C460C9E4FEAF57509959B
:10772000059D89EA06069C4488EA0E0A6E400A9D79
:107730008AEA000A64445444AA464E4094464FEAFA
:10774000F6760D9D0A960C9E8AEA0505B24607EB71
:10775000F06909994FEAB0008EEA000704EBF9647A
:107760004FEAB90B87EA090701EB030910999C441A
:10777000019EE0444D405540B8441292069F0A9A3B
:1077800080EA0B0C8AEA060608EBF4684FEAB40AB2
:107790008CEA040C7E4014464FEAF5770D9DCE44EA
:1077A000A9460C97099F1C447E40029F2044079CD9
:1077B00089EA0705654085EA0207F4444FEAF67650
:1077C0008BEA0A0E4FEAF7770CEBF8690D96019DEC
:1077D0000C9E01978EEA080E029F4FEAB8088AEACB
:1077E000080C704400EBF960F4188CEA090C4FEABD
:1077F000B906B946039A049F55400E9AA3445540D2
:107800000C9A0D9C5540089A89EA07075740039A3D
:10781000A646E344944688EA06044FEAF5754FEA23
:10782000B0090BEBF06B0F95059A0D9D4440019844
:107830009E44F244184486EA090E6F408CEA020521
:10784000049A8EEA0B0E8044F04496460A464FEAAC
:10785000F77002901298544445400F9804EBFB6473
:10786000C71801984FEABB0B454089EA0B0A4FEA5B
:10787000F57508EBF4684FEAB40C8EEA01003E445B
:10788000029910958AEA0404099D8BEA0C0E34448F
:10789000CF1804EBF86468408EEA080EDDE90515A0
:1078A00069404FEAB80590460F9EB9447040109F5A
:1078B0000A9E4FEAF0700390714002983E46079A84
:1078C00041404FEAF17188EA02000A460C991E44D1
:1078D0008CEA050ACE44484003990EEBF46E8AEA1E
:1078E000040AB3444FEAB4047840D344884685EA96
:1078F00004010BEBFE6B4FEABE0A81EA0E0E4FEA63
:10790000F0710491139202EB0309DDE90712514073
:107910000A46069F0E9E0D98774084EA0A06039950
:1079200086EA0B064D4447403544049E98444F4038
:107930000199C44406EB0308139E4FEAF7774A40C7
:1079400014977240FE180E9FE644BC464FEAF2724E
:107950004FEABB0005928AEA0001B244059E0EEB95
:10796000FB6E129F05EBFE6581EA0E0144444FEA6F
:10797000BE0E33440F9E80EA0E028CEA07080C44C8
:1079800004EBF5644FEAB50188EA06085540099E04
:10799000089A8EEA010782EA060C049A034488EAF0
:1079A000020867404FEAF8781F444346029A149849
:1079B0008CEA020C8CEA0008554405EBF4654FEAAA
:1079C000F87807EBF569CDE90638129F0A98DFF8D9
:1079D000DCB387EA0006099F9B44DE44BB464FEABE
:1079E000B404079845EA04024FEAB50C109B0A401C
:1079F000254000F10F4A15430AF5DD1A059A49EAB8
:107A00000C085E400AF5E65A0C9F08EA040056404E
:107A100009EA0C080AF11C0A0EEBF96EAE44039A4F
:107A200051444FEAF67540EA08088BEA070B884490
:107A30002946069D8BEA020B8BEA050B4FEAFB7B7E
:107A400058460D9B0A9DD94A85EA0306054608EB70
:107A5000FE684FEABE0A1290D4484FEAB90948EAD4
:107A60000A0B8A18089128184EEA090114440BEAF7
:107A7000090208EA0A0B01EA0C0142EA0B0B8444F2
:107A8000E3449C46139D0EEA090E41EA0E0E079947
:107A90006E40019D04984E407D404FEAF677089E67
:107AA00045407540C1490F9B4FEAF575CDE9097511
:107AB0007918149F8CEA03067E40019F04EBF8645A
:107AC0007444BE460BEBF46B4FEAB40089440A9948
:107AD0004FEAB8084BEA000501F10F4C05EA08012E
:107AE0000BEA000544EA08020D43129902EA0A0271
:107AF000029F04EA080414434E4009EBFB69059910
:107B0000A1448EEA07074FEAF674099E4F400CF530
:107B1000DD1C77400CF5E65C0CF11C0C4FEAF776A7
:107B20003746E2449C46A14A109B05EB0A0E0C9492
:107B3000A2188CEA0305069C0D9707F10F4C029FD3
:107B400065403C464FEABB0B49EA0B060EEBF96E6B
:107B50004FEAB90A064009EA0B09039F46EA0909F8
:107B60000CF5DD1C0A9E4EEA0A010CF5E65C904419
:107B70000CF11C0C01EA0B0267400EEA0A0185EACF
:107B80000604079E60441143884A77400E184FEA66
:107B9000F4701090821818460C9D139B6F4093440C
:107BA00080EA0305039A089808EBFE6845401046F2
:107BB000049AC84406EBF8664FEAB80950400D9A9B
:107BC0004FEABE0E46EA090C4FEAF77148EA0E0486
:107BD0000CEA0E07554006EA090C04EA0A0447EAD3
:107BE0000C0C08EA0E08129F4FEAF57544EA0808E3
:107BF0002C46109D784068404FEAF07528460BEB04
:107C0000F66B0BEB080298460E9101F10F4101F55E
:107C1000DD1101F5E6511C318A44149B4FEAB6068A
:107C20000CEB0A0101EBF2614FEAB20B02EA060526
:107C300042EA06070F9004F10F4C00F10F42099839
:107C400088EA03080CF5DD1C88EA00080CF5E65C00
:107C500004980CF11C0CF444864602F5DD1202F582
:107C6000E6521C3207EA0907059891440E9A8EEAFB
:107C7000000088EA02080CEBF16E0A9A47EA050C4C
:107C8000F4444FEAF87E80EA020570461394139F8D
:107C900041EA0B0A7D40069F0AEA060A5F40059BFF
:107CA00001EA0B0498464AEA040404EB09024FEA8D
:107CB000B1044FEAF5713D4D019145193544019EDE
:107CC000029506F10F4606F5DD160C9D06F5E65603
:107CD0004CEA04091C3602EBFC624FEABC0E079B1F
:107CE000149009EA0B096F40B344029D0F9E42EACB
:107CF0000E01214002EA0E0077400D9E88EA030A39
:107D0000084314998AEA060A8AEA010A27494FEACF
:107D1000F77715977918069F0CEA040CB846089F68
:107D200049EA0C0C88EA0709984605EBF2656544B8
:107D30004FEAFA7CCDF808C02144029C00EB0B0608
:107D400006EBF5664FEAB50B04F10F444FEAB200BB
:107D500004F5DD1446EA0B02024004F5E6540392F2
:107D600045EA000C109A1C340CEA0E0CA644019C47
:107D7000129B89EA020989EA040905404CEA0505D3
:107D80004FEAF97C9946039A0E9C06EA0B071743C3
:107D900088EA030801EBF6612944099A159D88EAEF
:107DA000040807EB0E04089F02E000BFDCBC1B8F39
:107DB000CDF81CC088EA05085740079DCD4A4FEA18
:107DC000F87CAA18139DCDF80CC06F400244C94D31
:107DD00003980A9B451902984FEAB60647404FEAB6
:107DE000F77704970F9F41EA060C89EA03004FEAF0
:107DF000B10A04EBF1640CEA0B0C31407840079FA8
:107E000044EA0A084CEA010102EBF4620A4408EA77
:107E100006080C9904EA0A0E7840099F48EA0E0EFB
:107E2000AB440EEB0B05DFF8CC8287EA010E049F12
:107E30004FEAB40442EA0401B844149F4FEAB2097D
:107E400005EBF26501EA0A014FEAF0702240059065
:107E50000A438EEA070E0D9F0C99B0448C46019E92
:107E600006925F40049A7740039B5740069A109908
:107E700008EBF5688EEA030E42444FEAFE7B8CEA7B
:107E8000010E9446059E9B4B45EA09004FEAF772A6
:107E90000892F318159A05EA090620403043059E1A
:107EA0004FEAB50553448EEA020E89EA05088EEAC8
:107EB000060E034403EBFC604FEABC0A88EA0C039D
:107EC0004FEAFE7CCDF818C08B4A8C460E9E0D9F63
:107ED0005A4422447740089C874E85EA0A08A6192E
:107EE0004E44134488EA00084FEAB00903EBF063FC
:107EF000B0440698804E1399861935440E46029C6C
:107F0000079A674087EA0B074FEAF77009908CEAF7
:107F100001040898544044408AEA090208EBF36CD3
:107F20004FEAB30E0E9F0F985A404FEAF4731B931B
:107F3000039B78402A445840099D6F4B1499EB18D5
:107F4000069D86EA010768401B9E6B4D89EA0E0874
:107F5000751902EBFC6603EB0A024FEAF0731C93FF
:107F6000049B0F9888EA0C088246424488464FEAF0
:107F7000BC0405EB0900099D8EEA040C5F406F40CC
:107F8000019B8CEA060C059D84444FEAF7704FEA8A
:107F9000B60902EBF6621D901C9E1B988AEA030349
:107FA0006B40434084EA090506F14A460CEBF26C4B
:107FB000019F4FEAB200554006F5C5064FEAF3723D
:107FC00015991E9206F583461D9ABA465636764492
:107FD00088EA010802F14A4E1C9A88EA0B080A90C6
:107FE00088EA020889EA0000354405EBFC654FEA9F
:107FF000BC0680EA0C004FEAF87C8846029F1E9A75
:108000003D4B8AEA070A089FD3181D9ACDF87CC019
:1080100007998AEA070C8CEA020C0EF5C50E069A3F
:1080200088EA01070EF5834E4B4457400EF1560E79
:108030001F9ADFF8C490A6440A9C91441E9A74408B
:10804000704400EBF5604FEAB50E6C4087EA02051C
:10805000029F4FEAFC7CCDF880C0BC461C44039FC5
:1080600004EBF0684FEAF574099D8CEA070A1F9F3C
:108070008AEA050A0A9A8AEA070A049F21944A446E
:10808000209C81EA070921991B4F4FEAFA7CCF19FE
:108090001B99CDF888C089EA0109039986EA0E0385
:1080A0008C46154D059943404FEAB00065191344BD
:1080B0008EEA00044FEAB80203EBF86384EA08048E
:1080C0008CEA010820992E4489EA01091C994FEA9B
:1080D000F97C88EA01082199CDF88CC088EA01086A
:1080E00004994FEAF87C81EA0B0A0599CDF890C013
:1080F0008C4603E0DCBC1B8FD6C162CA80EA020555
:10810000344404EBF3644FEAB3065D40229BDFF88E
:10811000EC8103F14A4303F5C50303F5834356336A
:1081200018441D9B77448AEA030A239B08993D441F
:10813000984482EA0607229B904467401E9A05EB0A
:10814000F46E07444FEAB4048CEA010086EA0405A1
:108150008AEA030A5040069A4FEABE0907EBFE6717
:1081600085EA0E054FEAFA7ECDF894E08BEA020E1E
:108170000A46249B454403F14A4C0CF5C50C0CF50A
:10818000834C0CF1560CB444239E84EA09037040DE
:108190001F9E7B408EEA060E259E099906F14A4AEB
:1081A000249E05EBF76563448EEA060E03EBF56645
:1081B000209B4FEAB70882EA0107259A5F405740A3
:1081C000069A4FEAFE7B96460AF5C50A89EA080C2C
:1081D0000AF5834A494B4FEAF0701B9A0AF1560A96
:1081E0008CEA050C4FEAB5055444C31888EA050A21
:1081F0008EEA020E03EB09028AEA06038A464FEA78
:10820000F7772897219F13448EEA070E1C9F8EEA6A
:10821000000E22994FEAFE7E8AEA07074F40714618
:10822000289AA44402F14A4202F5C50202F58342AB
:108230004FEAB60456320CEBF66CCDF8A4E085EAB2
:108240000406DFF8B8E0154487EA0B021A92DFF85B
:10825000AC908E441A99D944C1444FEAF17186EA30
:108260000C064E4489464FEABC0803EBFC6384EAE3
:10827000080C06EBF3668CEA03022A914FEAB3037B
:108280001E4988EA030C4FEAB60A2A4402EBF6625A
:10829000A64449448CEA060683EA0A0989EA0209E7
:1082A0007644414406EBF264494401EBF465119EC7
:1082B0001899199F01EB030906EB050E1799169EF5
:1082C0004FEAB20207EB0A0C0B9F06EB04088E186C
:1082D000269058211AA8C7F81890C7E902E8C7E9FC
:1082E000046CCDF89CB02F93CDE92B54CDE92D2A09
:1082F000FDF73CF8002031B0BDE8F08FD6C162CA6E
:108300002DE9F84304681546A21807460E46026098
:1083100004F03F0402D3436801334360D4B1C4F195
:108320004008A84504D92A4672BB1046BDE8F88328
:1083300007F11C09314609EB0400424603F072FACA
:1083400049463846FEF7A0FF0028EFD1A5F14002CC
:10835000A51846443F2D13D93446A5F1400323F018
:108360003F0340331E44254401E0B44209D0214676
:108370003846FEF789FF40342A1B0028F5D0D5E7A0
:108380002A460024002AD0D007F11C0020443146A0
:1083900003F048FA0020BDE8F88300BF0AB1FFF7F8
:1083A000AFBF1046704700BFF8B504468020236871
:1083B00004F11C0603F03F035A1C382A23441877A3
:1083C0000D4606EB020029D8C2F13802002103F065
:1083D00007FBD4E900315A0F42EAC102DB001BBAA5
:1083E00012BA3146A36562652046FEF74DFF074687
:1083F00070B9A3681BBA2B60E3681BBA6B60236972
:108400001BBAAB6063691BBAEB60A3691BBA2B6133
:1084100020465C21FCF7AAFF3846F8BDC2F14002B5
:10842000002103F0DDFA31462046FEF72DFF074616
:108430000028EDD101463822304603F0D1FAC8E7D2
:1084400070B50C4698B000210646154668465C2279
:1084500003F0C6FA3BA3D3E900233949CDE902234F
:1084600035A3D3E900230691CDE904235CB322466A
:1084700031466846FFF744FF0446E8B98021009B77
:1084800018A803F03F035A1C07AE0344382A03F828
:10849000441C06EB02001DD92146C2F1400203F044
:1084A0009FFA31466846FEF7EFFE044600283BD0AF
:1084B0005C216846FCF75AFF68465C21FCF756FFD2
:1084C000204618B070BD802301220DF11D008DF8EB
:1084D0001C3007AEC2F13802002103F081FADDE959
:1084E00000315A0F42EAC102DB001BBA12BA314610
:1084F0006846CDE91523FEF7C7FE04460028D7D10C
:10850000DDE90201DDE9042306BA08BA11BA1ABA94
:10851000069B68601BBAA9602E60EA602B615C2133
:108520006846FCF723FFC7E701463822304603F0D0
:1085300057FAD4E7AFF30080FEDCBA9876543210D5
:10854000F0E1D2C30123456789ABCDEF6C22002156
:1085500003F046BA10B16C21FCF708BF704700BFAA
:10856000012930D8002330B4C0E91033B9B1174C19
:10857000174D184A184BC46404F1475485640265CA
:10858000164D436504F5DA14154A164B0A34C0E952
:10859000165430BCC0E91823816600207047124D84
:1085A000124C134A134B8564C464134D134C02657B
:1085B0004365134A134BC0E9165430BCC0E9182375
:1085C0008166002070476FF07300704707D57C36D6
:1085D000D89E05C117DD703039590EF7310BC0FF39
:1085E000A78FF964A44FFABE67E6096A85AE67BB38
:1085F00072F36E3C3AF54FA57F520E518C68059B85
:10860000ABD9831F19CDE05B2DE9F04F06460C4630
:10861000E7B0414B1B9056F8480F1CAA71680293B3
:10862000179290469E46B268F3685EAD0FC5A36888
:1086300067690093D4F800A0E268E169D4F8049077
:108640000397009F3069F36999FA89F901920591BE
:10865000B26971693FBA9AFA8AF6D4F818B0D4F8B8
:1086600010C00C96CDF810900897019F9CFA8CFCD6
:108670003FBA0797039FCDF818C03FBA1397059FDD
:108680000FC53FBA1197089F1E962097079F666AED
:108690002197069F9BFA8BFC2297139F36BA23974C
:1086A000119FA36B2597276ACDF848C03FBACDF834
:1086B0007C90CDF890C0A56AE06A216B626BE46B98
:1086C00009971596DDE96376BC46E1462DBA149507
:1086D0001DBADDE95E730593609B0A951093099BB3
:1086E000659D2693159B00BA2793149B09BA28937E
:1086F0000A9B12BA24BA1990189116920B94DDF8BD
:1087000088A1DDF884B1CDE929012B92CDE92C3483
:108710000195059802E000BF1CF50110DEF800206D
:10872000D8F808304FEAFA2484EABA1484EA7A6462
:108730001344109A86EA0901234447EA000401EA37
:108740000A01144007EA000271401443019A0B44E5
:108750001A4411464FEA773C8CEAB70CDEF8043035
:10876000D8F80C208CEAB75CA4448C448B448AEA89
:1087700009041A444CEA0705324404EA0B044FEAA0
:108780007C360CEA070386EABC064FEAFB2184EA42
:10879000090405401D4381EABB11144486EABC521A
:1087A00081EA7B612A44109D0C44D8F81030DEF831
:1087B000081066198BEA0A05224435400B4485EA05
:1087C0000A054CEA02014FEAF6244B444FEA72399B
:1087D00084EAB614394089EAB2092B440CEA02054E
:1087E00084EA766489EAB25929432344DEF80C50BE
:1087F000D8F814404944194418448BEA060303404E
:108800002C4483EA0B0342EA01054FEAF029544461
:108810004FEA713A8AEAB10A1C4489EAB01902EABD
:10882000010305EA0C051D4389EA70698AEAB15320
:10883000A1442B44D8F81840DEF810504F444B4464
:1088400086EA000905EB040A09EA07054FEAF72959
:10885000D344754089EAB7195D4489EA776941EAEA
:108860000304A9444FEA733A01EA030B0CEB090530
:108870008AEAB30A1440009344EA0B048AEAB35B21
:108880002B46A344DEF81450D8F81C40CB4405EB2B
:1088900004091D4680EA070A0AEA030A4FEAF32C94
:1088A000009B4E4443EA0B04009B8AEA000A4FEA0D
:1088B0007B39B2448CEAB51C03EA0B060C4089EA0A
:1088C000BB0934438CEA756C89EABB59D444A14492
:1088D00002EB0C0609EB0C021346D8F8204087EA9D
:1088E00005090195DEF8185009EA06092C442044D0
:1088F0004FEAF622009C4BEA030A89EA070982EA5A
:10890000B6120AEA040A81440BEA030482EA766298
:10891000019D4AEA04044FEA733C09EB020A01EBA9
:108920000A098CEAB30C29468CEAB350D8F8242003
:108930002044DEF81C40714022441C4617441A466D
:10894000504401EA09014FEAF92A69408AEAB91A52
:108950008AEA796A10933944009B01EB0A070443C1
:108960004FEA703C3B4404EA0B048CEAB00C024032
:1089700014438CEAB05C08F120089A462CAB64449E
:1089800098450EF1200E27447FF4C8AE4CABCDE9DC
:108990000079DDF810C0DDF8309005901A9303954A
:1089A0000A9A019B029F159C4FEAF2414FEAFA2E68
:1089B000734081EA72418EEABA1E03EA0A034FEA63
:1089C000BC4081EA92218EEA7A6E3A6CA14480EA38
:1089D000FC1073400B9C894480EADC00734409EB73
:1089E000000502EB0309009A059B00994FEAF44049
:1089F00042EA030880EA7440109B80EA94204FEA20
:108A00007131039C81EAB20108EA030809EB05020F
:108A1000009B144481EAB3512346009A059C0495B7
:108A20002240149D48EA0208089AAC4484444FEA64
:108A3000B245089885EAF2157A6C019F414485EAAF
:108A4000D0059B4458180CEB050E8AEA07017346C3
:108A500001EA0B0C014603900098324440EA0105FC
:108A6000D118039BCDF830E04FEA733282EAB302AB
:108A700082EAB35E089A07989046199A8CEA070C26
:108A80002540079C61444FEAB04008EB020C009A75
:108A900080EAF41080EAD4001A401C46049B4FEA96
:108AA000FB26029F86EABB162A434FEAF34586EA75
:108AB0007B6685EA73450E4485EA9325B96C60446C
:108AC000109B284472449E46034601983244014458
:108AD000B6440D938AEA0B061944009B44EA020847
:108AE00006EA0E064FEAFE20069D86EA0A0608EA16
:108AF000030880EABE10069B4FEA7234314484EAD0
:108B0000B20480EA7E604FEAB54584EAB25C08446C
:108B1000189C039985EAF315079E85EAD3050C9BFB
:108B2000264401EA020448EA04044FEAF348F96CD7
:108B3000354488EA7348059E88EA932864440444CF
:108B400006EB000C514405EB08000E90014403981D
:108B5000139B8BEA0E0642EA040808EA000806EABC
:108B60000C064FEA743086EA0B0680EAB4004FEA3E
:108B7000B34580EAB4593144169885EAF315069E48
:108B800085EAD3050D9B064402EA04004FEAFC2A5D
:108B900048EA00004FEAF3488AEABC1A88EA7348B8
:108BA00088EA93288AEA7C6A009B8A4453443544C5
:108BB0008EEA0C06396D009348441E404FEAF329B3
:108BC000129B009F45448B444FEAB341AB4486EA75
:108BD0000E0689EAB71981EAF3115E440F9589EA16
:108BE00077690A9D139F81EAD301039BB1443D44F9
:108BF0004B4429441D4650444FEA703B0E9F44EAC3
:108C000000088BEAB00B029E8BEAB05A08EA020811
:108C100004EA000B009B766D48EA0B0B4FEAF7481D
:108C20008CEA030388EA774888EA9728D3440395B7
:108C30000EEB060A03EA05064FEAF52E119D039F87
:108C400041448EEAB71E039F8A448EEA776E129FD4
:108C500086EA0C065644BA460B9FCB44BA4440EA17
:108C60000B030F9FB6444FEAB54800EA0B062340BA
:108C70004FEA7B39334388EAF5184FEAF74689EA29
:108C8000BB0986EA774688EAD50889EABB59994440
:108C9000D04486EA972A02EB0E06009ACE44754627
:108CA000CDF840E09646029B039A009F9B6D8EEAAA
:108CB00002023240C2447A406344099F5344134441
:108CC0004FEAB74282EAF7124FEAF62C099F8CEA84
:108CD000B61C4BEA05084FEA753E82EAD7028CEAD9
:108CE000766C119F9C4408EA00088EEAB50E0BEAE8
:108CF000050348EA03038EEAB55E3A44039F9E44A7
:108D0000E6446444029B87EA060C049FDB6D3A4408
:108D1000009F01944FEAF14888EA71483B44019F63
:108D200088EA91287446CDF814E00CEA070E02EBAD
:108D30000807019A4FEA743C4FEAF2282A46254672
:108D400042EA0409039C3B448EEA040E9E44134607
:108D5000019C019A88EAB4188CEAB50C2B408CEA85
:108D6000B55C88EA72680C9D179A09EA0B09D5640C
:108D7000154649EA0309049B93640D9BC2E918A7B1
:108D800013650E9B53650F9BC2E9163108EB0E026B
:108D900005F1200E0C9D0CEB0903DDE9144C159533
:108DA0000D9D0894199C14950E9D0794189C199577
:108DB0000F9D0694169C1895029D13940A9C2035CD
:108DC0001294CDF828A0CDF85CE0029500EB020AE1
:108DD00016911A980B9C0B97049FD1188645DDF8C5
:108DE00024901194099700917FF4DAAD98461B9C6A
:108DF000D718A06CE16C059B38441944A064109B03
:108E0000206DE164616D18445944DDF804E020658B
:108E10006165A06DE16D50447144039D059BA065A3
:108E2000E165206E616E304429445F93109B20669B
:108E300061661CA84FF49471CDF88CE1CDE9603BDC
:108E40006595CDF888A164965E97CDE91C28FCF75E
:108E50008DFA002067B0BDE8F08F00BF2DE9F0412A
:108E6000046C0746A31816460D46036404F03F043D
:108E700002D3436C01334364ACB1C4F14008B04544
:108E800004D9324612BB1046BDE8F081294642465D
:108E9000381902F0C7FC39463846FFF7B5FBF0B980
:108EA000403E264445443F2E88BF002419D9291945
:108EB0003846FFF7A9FB4034321B70B93F2AF6D879
:108EC0003F2C0AD925440446002ADCD0294638190B
:108ED00002F0A8FC0020BDE8F0814FF0FF30BDE8B3
:108EE000F08132460024CDE70AB1FFF7B7BF104644
:108EF000704700BF70B504468020236C0D4603F018
:108F00003F035A1C382AE05404EB020034D8C2F163
:108F10003802002102F064FDD4E910315A0F42EA10
:108F2000C102DB001BBA12BAE363A26321462046EA
:108F3000FFF76AFB0646C8B9A36C1BBA2B60E36C4B
:108F40001BBA6B60236D1BBAAB60636D1BBAEB6021
:108F5000A36D1BBA2B61E36D1BBA6B61236E1BBA49
:108F6000AB61A36E13B9636E1BBAEB6120466C2133
:108F7000FCF7FCF9304670BDC2F14002002102F05E
:108F80002FFD21462046FFF73FFB06460028EDD186
:108F900001463822204602F023FDBDE70000000014
:108FA000F0B5012B9DB047D81C4617460D46064626
:108FB0006C226846002102F013FD44B320A3D3E9DC
:108FC000002321A1D1E90001CDE9122320A3D3E997
:108FD0000023CDE91601CDE914231FA3D3E9002313
:108FE000CDE918231A9435B12A4631466846FFF771
:108FF00035FF044620B939466846FFF77BFF044633
:1090000068466C21FCF7B2F920461DB0F0BD14A1F2
:10901000D1E9000114A3D3E90023CDE9120114A181
:10902000D1E90001CDE9142313A3D3E90023CDE94D
:109030001601CDE91823D5E76FF07304E4E700BF0C
:10904000D89E05C107D57C36310BC0FF1115586875
:1090500017DD703039590EF7A78FF964A44FFABEA7
:1090600067E6096A85AE67BB72F36E3C3AF54FA5B9
:109070007F520E518C68059BABD9831F19CDE05BE5
:109080004B1E0FD450F823207AB901F180410139E9
:1090900000EB810003E050F8042D2AB90B46591E5D
:1090A000002BF8D100207047194600204FF00043F4
:1090B00002E00130202803D01A424FEA5303F8D0CF
:1090C000C0EB4110704700BF884214D09AB101EB49
:1090D000820270B40439161F043851F8042F50F876
:1090E000045F1C462240E4432C401443B142046018
:1090F000F3D170BC70477047F8B513F0030418BF84
:10910000012404EB93048C4221D809B90020F8BD56
:109110001E468C00174600212246054602F060FCE0
:1091200076B9231FEB18F1D228461968026809BAEC
:1091300012BA40F8041B43F804298342F5D2E5E74C
:10914000A01B39462844324602F06CFBE9E76FF079
:109150000700F8BDF8B58F009F42054610462DD395
:109160001AD923F00302AA5803F00301C900CA4028
:1091700012F0FF0F2AD1194605E0AE5826FA04F482
:1091800014F0FF0F22D1013101F003048F4221F0CE
:1091900003024FEAC404F0D173B1034419465A1ACA
:1091A00022F003042C5902F00302D20024FA02F246
:1091B00001F8012D8842F2D10020F8BDDA1B841895
:1091C000002102F00DFC20463B46E5E76FF007006A
:1091D000F8BD00BF2DE9F84353098B42054648D836
:1091E00002F01F0644D01F2A0C463CD9C81A9A0028
:1091F000471EA91805F1080C614528BF032F49D95E
:1092000045EA01077F0745D12A464708083905EB9B
:10921000C707F1E90289E2E80289BA42F9D120F0F0
:109220000101884204D00B4455F8233045F8213021
:10923000844218D9221A920005EB8000002102F026
:10924000CFFB76B1002005EB8402C6F1200452F872
:10925000041D21FA06F303439542136001FA04F05A
:10926000F5D1BDE8F883002EFBD0002CEAD1F8E759
:1092700036B18A002846BDE8F843002102F0B0BBB1
:109280001F2AEED9002BECD09A003146BDE8F843F6
:1092900002F0A6BB131F2A1F2B4402EB800753F8D2
:1092A000041F42F8041FBA42F9D1C1E71F2AF8B5DA
:1092B00003460E464FEA521702F01F041AD98F4296
:1092C00031D2C91B01F18041013900EB810100EB72
:1092D000860000E011460A4652F804598B4240F8D5
:1092E000045DF7D13A462AB118469200002102F0F7
:1092F00077FB0346B4B1B74214D2002507F1804092
:1093000001381A1F03EB800002EB8606C4F120012E
:1093100050F8042F02FA04F32B43B042036022FA00
:1093200001F5F5D1F8BD0A46DDE700BFD3B1F0B4D1
:1093300006460020043901EB8303043A043E51F849
:10934000044F52F8045F24182CBF012700272C1962
:109350002CBF01200020994246F8044F3844EED13A
:10936000F0BC704718467047F0B4EBB100250439E3
:1093700001EB8303043A043851F8046F52F8047F78
:10938000741BA74294BF4FF0000C4FF0010CE41B7C
:10939000AE422CBF65460CF10105994240F8044FDE
:1093A000EAD12846F0BC70471D462846F0BC7047FD
:1093B0008B4228BF0B462DE9F041DF08C91A04464D
:1093C00003F00703069D002F00F0998000207E1E09
:1093D00052F8087B54F808CB52F804EC54F8048C8B
:1093E000E5FB67C0E5FB6E8044F808CC44F8048CCC
:1093F00052F8087B54F808CB52F804EC54F8048C6B
:10940000E5FB67C0E5FB6E8044F808CC44F8048CAB
:1094100052F8087B54F808CB52F804EC54F8048C4A
:10942000E5FB67C0E5FB6E8044F808CC44F8048C8B
:1094300052F8087B54F808CB52F804EC54F8048C2A
:10944000E5FB67C0E5FB6E8044F808CC44F8048C6B
:1094500016F1FF36BCD2002B43D000BF52F8046B8C
:109460002768E5FB667044F8047B012B39D000BF08
:1094700052F8046B2768E5FB667044F8047B022B06
:109480002FD000BF52F8046B2768E5FB667044F8E4
:10949000047B032B25D000BF52F8046B2768E5FB43
:1094A000667044F8047B042B1BD000BF52F8046B99
:1094B0002768E5FB667044F8047B052B11D000BFDC
:1094C00052F8046B2768E5FB667044F8047B062BB2
:1094D00007D000BF52F8043B2668E5FB636044F800
:1094E000046B4A1E49B12368013A181844F8040B6A
:1094F0002CBF01200020531CF5D1BDE8F081384677
:10950000A9E700BF2DE9F04F85B00E9C904622449C
:109510000191920000211D4602F062FA002C00F039
:10952000AB804FEAD8022B1F0292013A03EB840C66
:10953000039208F00706B8F1FF3F024653F8045FB4
:1095400000F095800299002900F099800021039F86
:10955000019C00BF54F808EB52F8089B54F804AC87
:1095600052F804BCE5FB6E91E5FB6AB142F8089C39
:1095700042F804BC54F808EB52F8089B54F804ACC9
:1095800052F804BCE5FB6E91E5FB6AB142F8089C19
:1095900042F804BC54F808EB52F8089B54F804ACA9
:1095A00052F804BCE5FB6E91E5FB6AB142F8089CF9
:1095B00042F804BC54F808EB52F8089B54F804AC89
:1095C00052F804BCE5FB6E91E5FB6AB142F8089CD9
:1095D00042F804BC17F1FF37BBD2002E44D000BFC5
:1095E00054F8047BD2F800E0E5FB67E142F804EBB5
:1095F000012E39D054F8047BD2F800E0E5FB67E196
:1096000042F804EB022E2FD054F8047BD2F800E08D
:10961000E5FB67E142F804EB032E25D054F8047B08
:10962000D2F800E0E5FB67E142F804EB042E1BD022
:1096300054F8047BD2F800E0E5FB67E142F804EB64
:10964000052E11D054F8047BD2F800E0E5FB67E169
:1096500042F804EB062E07D054F8047BD2F800E061
:10966000E5FB67E142F804EB1468214411606345AF
:1096700000F104007FF45FAF05B0BDE8F08FDDE9D5
:109680000141AAE70368981C400000F00800184454
:1096900000FB03F2C2F1020202FB00F203FB02F044
:1096A000C0F1020000FB02F000FB03F3023B03FBEE
:1096B00000F070472DE9F04F8FB0199D1B9F049368
:1096C000EC001A9B0C90884691463846221D0021DA
:1096D0000D95DDF860B0059302F082F9AA000B92B7
:1096E000002D00F0048105F1020A554528BF5546BA
:1096F000AAEB0503E9080693013B0A934B1E099365
:10970000BB18CDE9073ABA460391A8F1040805F061
:109710000706DAF80030D9F8002058F8045F504600
:10972000009502FB05350899049B4A46059FFFF703
:109730003FFE039B544607FB05F50AF1040A002B84
:1097400000F0D3805A4600235746099952F8080B77
:1097500054F808CB52F804EC54F804ACE5FB60C3B1
:10976000E5FB6EA344F808CC44F804AC52F8080BAF
:1097700054F808CB52F804EC54F804ACE5FB60C391
:10978000E5FB6EA344F808CC44F804AC52F8080B8F
:1097900054F808CB52F804EC54F804ACE5FB60C371
:1097A000E5FB6EA344F808CC44F804AC52F8080B6F
:1097B00054F808CB52F804EC54F804ACE5FB60C351
:1097C000E5FB6EA344F808CC44F804AC11F1FF317A
:1097D000BCD2BA46002E42D052F8041B2068E5FBEA
:1097E000610344F8040B012E39D000BF52F8041B6A
:1097F0002068E5FB610344F8040B022E2FD000BF64
:1098000052F8041B2068E5FB610344F8040B032EA7
:1098100025D000BF52F8041B2068E5FB610344F823
:10982000040B042E1BD000BF52F8041B2068E5FB7C
:10983000610344F8040B052E11D000BF52F8041B3D
:109840002068E5FB610344F8040B062E07D000BF37
:1098500052F8041B2068E5FB610344F8040B069AE8
:1098600062B157460A9922680139D21844F8042B8C
:109870002CBF012300234A1CF5D1BA46079B9A4509
:109880007FF447AF574600200B9BABF10406A3F1D2
:1098900004080D9BAAF104025AF823E00C9BD04463
:1098A0001D1F52F8041F56F8044F0B1AA3422CBF79
:1098B0004FF0000C4FF0010C1B1B81422CBF604687
:1098C0000CF10100424545F8043FEAD180EA0E0060
:1098D00043421843C0170B9A002318923A460C993A
:1098E0000FB0BDE8F04FF6F76FBA5A4672E7386826
:1098F000EEE700BF2DE9F04F8FB01D46DDE919837B
:10990000B3F12A3F07460B91079200F0FD80002239
:109910004FEA48130C924F2B8CBF08230223099364
:109920008CBF032301230A93079CA8002268814669
:10993000931C5B0003F00803134403FB02F1C1F125
:10994000020101FB03F303FB02F1C1F1020103FB7E
:1099500001F303FB02FCACF1020C0CFB03F30A99CC
:1099600002461C9805FA01FE002100EB8E0B0693BF
:1099700002F036F8012306990BEB0900CDE90151FD
:109980001C99039001EB090A0590009408460B60AE
:109990001B9A2B46CDF82090FFF78CFE0B99504672
:1099A000089A01F03FFF099B022B1FD099465146B0
:1099B0000224CDF86480DDF81880CDF82CB00D9726
:1099C000DDE907B7059BCE19CDE90283CDE900B5E6
:1099D000013430462B465246FFF76CFE4C4531466B
:1099E000F0D1DDF82CB00D9FDDF864800024DA465C
:1099F000A146089E1C993246384601F013FF331FDA
:109A00000C9E0B93059B3A460393069B3946CDE982
:109A10000153079B384600932B4609F10109FFF7D4
:109A200049FE6400002E4CD1189B08F1FF3853F812
:109A300028301F2644EAD3740A9B4B45E2D11A9B77
:109A4000B3F12A3F52D04FF0000CA3461C990C965C
:109A500063465A4653405A421343DB178A4514D093
:109A60009DB1DB430B9AA1F1040EAAF1040602EBAF
:109A700001095EF8042F56F8040F1C462240E44307
:109A800004401443F1453460F3D1089B0CF1010C00
:109A90001944099B9C45DBD10C9E059B52460393C0
:109AA000069B3946CDE90153079B384600932B4668
:109AB000FFF700FE16BBB8F1000F22D0B1463446C6
:109AC000A0E7189B013E53F82830F34003F0010350
:109AD0001C430A9B4B45B2D0002E93D1B8F1000F26
:109AE00090D11A9B4646B3F12A3FACD1089A1C99F3
:109AF000504604FB021101F095FECEE70024A1467A
:109B000080E70FB0BDE8F08FB8F1010314D4189AC4
:109B10000C4652F82320CAB908F18048189A08F177
:109B2000FF3802EB880803E058F8042D62B90B46B1
:109B3000591E002BF8D10B9401230C930A93022396
:109B40004FF000080993EFE698460B9400234FF07E
:109B5000004102E00133202B03D00A424FEA5101B9
:109B6000F8D0D3EB48130B9407D04FEA531803F007
:109B70001F030C934FEA4813CDE6012298460223B7
:109B80000C920A920993CFE638B50D46012104469E
:109B9000F4F772F800B138BDE98820468901F4F77E
:109BA00041F90028F7D12A4621462046F5F7F8F971
:109BB0000028F0D1E9882046BDE83840F3F7B0BF6F
:109BC0002DE9F04712F0030618BF012606EB9206B6
:109BD000B5008E42A5EB020A24D8884604461746F3
:109BE00000215246994601F0FBFEA8EB06029200C6
:109BF0000021601901F0F4FE3A4604EB0A010898CE
:109C0000C84768B966B12B1FE31809D219682268E2
:109C100009BA12BA44F8041B43F804299C42F5D946
:109C2000BDE8F0876FF00300FAE700BF2DE9F04FC1
:109C30004FF0FF348FB000245C1E13D452F8245030
:109C4000002D40F0AB8003F18046013E02EB86061A
:109C500005E056F8045D002D40F0A1803C46671EEB
:109C6000002CF6D100244FF0070C4FF0FA099D00AC
:109C7000CDE90345CDE90500061F07940C940D9628
:109C80002CF0070C9846ACEB04030893731901936E
:109C9000134609F1FF392B440B93074643194FF044
:109CA000000A4D46C146029209910A93079A002183
:109CB000384601F095FE049A0021069801F090FEC6
:109CC000DDE91830039A059998478346002861D149
:109CD0000C9B6BB10D9B9F420AD8384619680268ED
:109CE00009BA12BA40F8041B43F804298342F5D29A
:109CF000089A49463846FFF76DFA002D00F0858036
:109D00003968099B91EA0302C91A91431340194328
:109D1000C917C9435246B9F1010F09D9384650F85D
:109D2000043F5C422343DB171A43019B8342F6D175
:109D30001143564653465246B9F1000F22D0DDE991
:109D40000A8EC446884600955EF8040D5CF8043D12
:109D50000446194694EA0105641AAC4329400C43B1
:109D6000E417224393EA00011B1A8B430840034384
:109D7000DB1723EA02011A43029B0E437345E3D12A
:109D80004146009D534631408B4203D1013D8DE752
:109D90006FF0030B58460FB0BDE8F08F1C4600274C
:109DA0004FF0004602E00137202F03D035424FEA42
:109DB0005606F8D0C7EB441404F1070C4FEADC0751
:109DC00017F0030518BF012505EB5C15AE00A6F1E1
:109DD000040E0C9503975D1BF71B86190696AE00C3
:109DE0000C9DBCF1270F07970744059788BF4FF0DC
:109DF0001E0900EB0E0798BF4FF0FA09AB420D9712
:109E00000496C5D39D00061F3AE76FF00D0B584628
:109E10000FB0BDE8F08F00BF49014F298CBF0B2365
:109E2000052300FB03F00130704700BF30B500246C
:109E300087B00A9D02940B9C009501940C9D0D9C8B
:109E4000CDE90354FFF756FD07B030BD30B54FF0F4
:109E50002A3487B00A9D02940B9C009501940C9DB6
:109E60000D9CCDE90354FFF745FD07B030BD00BFA1
:109E700093B110B4043901EB8303043851F8044F53
:109E8000A41A34BF01220022994240F8044FF5D1B0
:109E900010465DF8044B70471046704769B10023C7
:109EA00000EB810150F8042B884243EA0203F9D108
:109EB000184643421843C01770470B46F8E700BFE7
:109EC00030B585B0089D0A9CCDE90023CDE9025448
:109ED000099AFFF7EFFB05B030BD00BF70B5012454
:109EE00086B00A9E0B9D019300920296234603952D
:109EF00005AA0594FFF7DEFB06B070BD2DE9F04F13
:109F000095B00DF1180844461F46794D84460E461B
:109F100096460FCD0FC40FCD0FC40FCD0FC495E8DB
:109F2000030044F8040B2180DDF87890002F52D014
:109F3000B9F1000F4FD03B68002B4CD1D9F800107D
:109F4000002948D1604674466546F4F785F8002834
:109F500041DD01212046F4F77FF800283BDD29464A
:109F60002046F4F707F8002835DA01213046F4F7E7
:109F700073F800282FDD29463046F3F7FBFF002851
:109F800029DA04A8F3F78EFD02A8F3F78BFD21462A
:109F9000324602A8F4F7DCFB044648B104A8F3F704
:109FA00087FD02A8F3F784FD204615B0BDE8F08FC9
:109FB00002A901220846F4F7FBFA04460028EDD175
:109FC00002A8F3F79BFE1FFA80FABAF1000F08D13E
:109FD0006FF00304E2E76FF00304204615B0BDE81C
:109FE000F08F81B202A8F3F755FF04460028D5D1BF
:109FF0002B68C8F1000B1B6803F00703012B08BF97
:10A0000008F1010818F8011B04A8F3F735FE04460F
:10A010000028C3D12A4604A93846F5F7E3F90446D7
:10A020000028BBD101213846F4F716F828B10BEB14
:10A0300008039BB2352BE5D9CAE704A9CDF80090F7
:10A040002B4602AA0846F5F7B7F904460028A5D121
:10A0500001261BE004A901220846F4F7A9FA0446E8
:10A0600000289BD104AA11461046F4F771FB044660
:10A07000002893D104A92A460846F4F791FF013637
:10A080000446B6B2002889D1B2452AD3012104A8DA
:10A09000F3F7E2FF28B304A901220846F4F7B8F960
:10A0A000044600287FF47AAF2A4604A93846F5F71B
:10A0B00099F9044600287FF471AF01213846F3F77F
:10A0C000CBFF0128C6D129463846F3F753FF0130AC
:10A0D000C0D121463B462A464846F4F78DFC04464B
:10A0E0005CE7012104A8F3F7B7FF00289FD06FE7D2
:10A0F0001CF601102DE9F04184B0002B5BD00D4619
:10A100000446002118461F461646F3F7A5FF804671
:10A11000002850D101212046F3F79EFF00284ADD98
:10A1200001212846F3F798FF002844DD41463046D8
:10A13000F3F792FF00283ED06846F3F7B3FC02A87D
:10A14000F3F7B0FC214668460122F4F731FA0446E1
:10A1500048B16846F3F7ACFC02A8F3F7A9FC204627
:10A1600004B0BDE8F0812946012202A8F4F720FAE4
:10A1700004460028EDD102AA69463846F5F732F9BF
:10A1800004460028E5D102AA69466846F4F7E0FAD9
:10A1900004460028DDD101463B466A466846F4F78E
:10A1A0002BFC04460028D4D1314638466A46F5F7E0
:10A1B00003FB0446CDE76FF00304D0E72DE9F0413F
:10A1C0001D4682B0064668460F469046F3F76AFC85
:10A1D000ADB1012231466846F4F7EAF9044630B1E0
:10A1E0006846F3F765FC204602B0BDE8F0812846DA
:10A1F0006A464146F4F7D4FE04460028F0D1089B95
:10A200007BB1012239466846F4F7D2F904460028AA
:10A21000E6D141466A460898F4F7C2FE0446002893
:10A22000DED1099B63B1184632463946F5F7C4FAC8
:10A2300004466846F3F73CFC204602B0BDE8F081D6
:10A240001C466846F3F734FC204602B0BDE8F081B6
:10A250002DE9F0410D4684B00646684690461F46FB
:10A26000F3F720FC02A8F3F71DFCEDB1B8F1000FE5
:10A270001AD0002E48D0424629466846F4F768FABC
:10A280000446002800F0AB806846F3F711FC02A8F2
:10A29000F3F70EFC14F5844F00F09D80A4F5844480
:10A2A000204604B0BDE8F081002E00F08D80002F24
:10A2B00000F08A800A9B13B301213846F3F7CCFEE5
:10A2C00000280BDD01210A98F3F7C6FE002805DD02
:10A2D00031463846F3F74EFE00280ADB68464A4C02
:10A2E000F3F7E6FB02A8F3F7E3FB204604B0BDE872
:10A2F000F08131460A98F3F73DFE0028EEDA002D92
:10A3000062D0B8F1000F5FD0002F5DD00A9B002B08
:10A310005AD001212846F3F79FFE0028DEDD0121F7
:10A320004046F3F799FE0028D8DD0A9A3946684678
:10A33000F4F70EFA04460028A6D1012269466846C1
:10A34000F4F736F9044600289ED12946012202A8D6
:10A35000F4F72EF90446002896D102AA6946684609
:10A36000F4F71EFE044600288ED101466846F3F736
:10A3700073FE0028B2D139460A9A6846F4F7E8F924
:10A380000446002880D1012269466846F4F710F996
:10A39000044600287FF478AF4146012202A8F4F772
:10A3A00007F9044600287FF46FAF02AA69466846A1
:10A3B000F4F7F6FD044600287FF466AF01466846D0
:10A3C000F3F74AFE002889D16846F3F771FB02A82B
:10A3D000F3F76EFB0024204604B0BDE8F0810121B4
:10A3E0003046F3F739FE00287FF778AF31466846EC
:10A3F000F3F7C0FD00287FF471AF002FE4D00A9B73
:10A40000002B7FF459AFDFE700BEFFFFF0B51D461C
:10A4100085B0044668460E461746F3F743FB02A88C
:10A42000F3F740FB15B3002C41D0012221466846CA
:10A43000F4F7BEF828B929463A4602A8F3F7B6FF62
:10A4400040B110F5844F3CD010F5814F2FD0A0F5CE
:10A4500084442DE002A96A460846F4F7A1FD0028CD
:10A46000EFD1014602A8F3F7F7FD50BB0A9BD3B129
:10A47000EEB1012231466846F4F79AF80028E0D19F
:10A480003A460A9902A8F3F791FF0028D9D102A908
:10A490006A460846F4F784FD0028D2D1014602A896
:10A4A000F3F7DAFD68B90B9B43B304B15EB9144C02
:10A4B0006846F3F7FDFA02A8F3F7FAFA204605B06A
:10A4C000F0BD104CF4E7194632466846F4F740F9FF
:10A4D0000028B6D1012269466846F4F769F80028D9
:10A4E000AFD1224669466846F4F75AFD0028A8D144
:10A4F00001466846F3F7B0FD0028E2D10024D7E713
:10A5000080BFFFFF00BEFFFFF0B583B06C4605467D
:10A510000E46D0E9000184E803002046FAF7CCF8A3
:10A520000238022898BF019F95E8030084E80300E1
:10A53000204688BF0027FAF7BFF80238022818D84B
:10A54000019B1B786BB195E8030084E8030020466B
:10A55000FAF7B2F8023802280BD8019B1B78B342F5
:10A5600005D131463846F9F79BF803B0F0BD0248F3
:10A57000FBE700231B78FFDE00C3FFFF30B583B08D
:10A580006B460C4603C883E8030018461546FAF7E5
:10A5900093F8023802280CD801992B4622460878F5
:10A5A000F8F75EFF08B903B030BDA0F5745003B0F2
:10A5B00030BD00231B78FFDE10B582B04068049CDC
:10A5C000009300F1600200F11C0300F168010194A6
:10A5D000F8F7E4FD02B010BD38B54468134604F145
:10A5E00068050A4620462946F8F79EF800B138BDAE
:10A5F00029462046BDE83840F8F748B92DE9F04F24
:10A60000CBB00646039008460C4601F0A7FB002598
:10A61000052327183046CDE9073509950595F2F74A
:10A620007BFBBC4200F29281AA46B64B2546D1463E
:10A630004FF0010B029305E03D2A00F0B380013595
:10A64000AF420CD32A78BBF1000FF5D12C2A0FD0E2
:10A65000AF4211D00135AF424FF0000BF2D2099852
:10A66000002845D0FAF77CFE02984BB0BDE8F08F89
:10A6700015F8013C5C2BEBD0AC4234D02378232B73
:10A6800000F0B680BAF1000F2DD1AC425AD20DF1D4
:10A6900029080EE0264608F8013C0AABA8EB0302A5
:10A6A000B2F5807F1FD0741CAC4208F101084BD278
:10A6B00073785C2BEED1A61CAE4229D26278A2F14F
:10A6C0003003D9B2092905D9A2F16103052B13D8AA
:10A6D000A2F15703A278A2F13001C8B2092826D806
:10A6E00051EA0313D7D10998FAF73AFE854B029342
:10A6F00002984BB0BDE8F08FA2F14103052B98BF43
:10A70000A2F13703E6D9A278A2F13003092B0CD8C5
:10A71000661CAE42E7D264787B48214601F0CEF950
:10A720000028E0D008F8014CB7E74FF0FF33A2F162
:10A730006101052930D8573A591C18BF42EA031362
:10A74000A9D1E5E752460AABD9F80C400592009230
:10A750000398DDE90821F2F72FFE06460998FAF77B
:10A76000FFFD00230993002E00F0E780AF42F46064
:10A770000BD96B78202B08D16B1C03E013F8012F49
:10A78000202A02D19F421D46F8D1002301352C46D4
:10A790004FF0010B029353E7A2F141010529B7D80D
:10A7A000373AC9E759485A4EA5EB040803E056F872
:10A7B000100F00287BD07368B1469845F7D1424608
:10A7C000214601F0F9FA0028F1D18246B06801F083
:10A7D000C5FA0346012019460893FAF7BBFD089A0B
:10A7E000B168099001F01EF82C4614F8012B2DE7F2
:10A7F0002B1B5E1EF20700F1A680033BB3F5027F20
:10A800004FEA560680F09F8031460120FAF7A2FDFC
:10A810008046002800F09D80002E53D0701E4044DA
:10A8200008F1FF311AE01A4694F802C0ACF1300387
:10A830005FFA83FEBEF1090F05D9ACF16103052B68
:10A840001AD8ACF15703B2F1FF3F1ED043EA02130E
:10A8500001F8013F884204F1020433D094F801C0AA
:10A86000ACF13003DAB2092ADDD9ACF16103052B72
:10A8700014D8ACF15702D7E7ACF14103052B04D84B
:10A88000B2F1FF3FACF13703E0D14046FAF768FD83
:10A890001C4B02930998FAF763FD29E7ACF14103D9
:10A8A000052B94BFACF137024FF0FF32BCE74246B4
:10A8B000214607A8F9F74AFC00287FF417AFDA46CB
:10A8C000814691E7434613F8014B08EB060106A8C1
:10A8D00005AA0693F1F786FF0028D6D1059AB2F5AE
:10A8E000807FD2D81F2C06991CD80A4BE340DB0787
:10A8F00018D5BAB10B78002BC7D0561E0E440B46A4
:10A900000EE000BF80DCFFFF54F6011014EF0110D1
:10A91000ECF601100010585013F8010F0028B4D0C5
:10A920009E42F9D10AAB1846029300F07BFF4046E5
:10A93000FAF716FD059A029B09E7074B0293029866
:10A940004BB0BDE8F08F054B0293A3E7034B029396
:10A9500085E6014B02939DE780D7FFFF80DCFFFF78
:10A9600030B583B0079C651C11D01D46631C009355
:10A970000023F2F721FD60B1436922461D70406952
:10A980000699013000F04EFF002003B030BD0248B0
:10A99000FBE70248F9E700BF00D8FFFF80D7FFFFC1
:10A9A0002DE9F047074682B088461446002A55D064
:10A9B0004FF00009D4E90320D4E901A663694146B8
:10A9C00000903846F2F7E2FB051E3EDB3246534666
:10A9D00041463846F2F778FA002805EB000638DBE6
:10A9E000324641463846F2F7BFF9051E2DDB3022CC
:10A9F00041463846F2F7E4F92E44051E2E4424DB86
:10AA0000324641463846F2F7AFF9051E2E441CDBAC
:10AA1000312241463846F2F7D3F9051E15DBAD1950
:10AA200013D4A469A944002CC4D14A4641463846EF
:10AA3000F2F79AF9051E08DB414638463022F2F754
:10AA4000BFF9002805DB4D440544284602B0BDE8A7
:10AA5000F0870546284602B0BDE8F0879146E4E756
:10AA60002DE9F04F056885B08D42DDF83C909DF8EA
:10AA700040B04AD36C1A4C4547D304460E46A5EB6A
:10AA80000900174620604A460E99984600F0CAFE13
:10AA900023689A1B002A38DD4FF0000A5A1E09F17C
:10AAA0000105226031462A4603F801AC2046F2F740
:10AAB0005BF9B0F100091ADB032231462046F2F7B8
:10AAC0007FF9031E039316DBBBF1040318BF0123B8
:10AAD0003A46CDE900A3314643462046F2F73CFA18
:10AAE00000280DDB039BA9444B449946814448460A
:10AAF00005B0BDE8F08F9946484605B0BDE8F08F37
:10AB00008146484605B0BDE8F08F6FF06B09EEE76F
:10AB10002DE9F0471446002A6AD006460F464FF04A
:10AB20000009D4E904323946013B01323046F2F7DC
:10AB300055F9051E53DB22693946013A3046F2F7D2
:10AB400013F9B0F100084DDB042239463046F2F724
:10AB500037F9002842DB636945441B7800EB0508A0
:10AB60003BB1012239463046F2F794FA051E36DB36
:10AB7000A844D4E9013239463046F2F72FF9051ED0
:10AB80002DDB626839463046F2F7EEF8B0F1000A84
:10AB90002CDB062239463046F2F712F900281DDB7D
:10ABA00045440AEB05088044424639463046F2F7F0
:10ABB000DBF8051E13DB302239463046F2F700F988
:10ABC000A844051E0BDB15EB080508D4A469A944AD
:10ABD000002CA6D14D462846BDE8F08705462846FC
:10ABE000BDE8F08745462846BDE8F0875546F6E7BC
:10ABF0001546F4E7F8B513780546312B0E4621D9F2
:10AC0000322B02D15378302B19D00F2331462846EE
:10AC1000F2F7E4F8041E10DB224631462846F2F72C
:10AC2000A3F82746041E08DB314628461822F2F70F
:10AC3000C7F800281DDB3C4404442046F8BD937847
:10AC4000342BE2D802320D2331462846F2F7C6F8FB
:10AC5000041EF2DB224631462846F2F785F82746E5
:10AC6000041EEADB314628461722F2F7A9F800282D
:10AC7000E1DA0446E1E700BF10B5502204460021A6
:10AC8000043000F0ADFE0223236010BD90B110B57A
:10AC900004462430F2F740F804F12800F2F73CF8BB
:10ACA00004F15000F2F738F82046BDE81040542176
:10ACB000FAF75CBB704700BF0160704780F82C104A
:10ACC000704700BFC1617047016270472430FFF7D1
:10ACD00095BC00BF2830FFF791BC00BF142A06D8EE
:10ACE00008B50430426100F09DFD002008BD014818
:10ACF000704700BF00D8FFFF70B5044608460D46F8
:10AD0000164601F02BF80E2817D1304601F026F830
:10AD10000E2812D129460F2204F12D0001F096F8D9
:10AD200031460F2204F13D0001F090F85A2384F8D7
:10AD30003B3084F84B30002070BD014870BD00BF2F
:10AD400000D8FFFF00232DE9F04186B00DF1150476
:10AD50000746CDE903338DF8143002940E46A9B1AD
:10AD60007F2A41DC9A4236DB0DF10808404603A9F0
:10AD7000F2F7B6F9051E2ADB2C46012203A940464C
:10AD8000F2F788F9051E22DB2C4402E00C460DF197
:10AD90000808224603A94046F1F7E6FF051E16DB28
:10ADA0004046302203A9F2F70BF8002817DB2C44A9
:10ADB000044403AAC4F109031344CDE9003407F1A4
:10ADC0005000334603220949FFF7CAFD05462846CD
:10ADD00006B0BDE8F0811C460DF10808CDE7054638
:10ADE000284606B0BDE8F081014DF0E7F8F8011003
:10ADF00000D8FFFF002270B521F4004386B023F095
:10AE0000FF0304928DF81420EBB90C46054604A903
:10AE10000DF11506092302AA03A8ADF80840039610
:10AE2000F2F700FA00280CDBC31E022B0DD8039B9F
:10AE30000190009305F15000012303220449FFF71C
:10AE40008FFD06B070BD0348FBE70348F9E700BF7C
:10AE500088ED011080DFFFFF80DEFFFF2DE9F04F5E
:10AE60000024ADF26C4D01EB02080E4605460121AF
:10AE7000006A9A46CDE90E48F9F7DEFB50B907465D
:10AE80000421286AF9F7D8FB002800F05B814FF015
:10AE9000040901E00127B9460DAA0EAB95F82C1064
:10AEA0004846F9F791F80446002840F019812B68CC
:10AEB000022B00F01A8183460F9A3146921BE869F3
:10AEC000FAF724F8041EC0F20B810F9B6A6A1B1B61
:10AED00031460FA806940F93FFF762FD041EC0F2DF
:10AEE000FF8005F13D0231460FA8FFF783FE031EE8
:10AEF000C0F2268105F12D0231460FA80793FFF716
:10AF000079FE0028C0F21A81079B314603441A4695
:10AF10000FA80893F1F728FF011E0B460791C0F216
:10AF20000F81314630220FA8F1F74AFF011E099127
:10AF3000C0F20A81AA6A31460FA8FFF731FD002846
:10AF40000A90C0F2FB800D9A10460B9200F006FFAB
:10AF50000021CDE900170FAF03460B9A3846314662
:10AF6000F1F7FAFF071EC0F2F1800DF13C0CAB695E
:10AF70002A1D31466046F1F731FF0028C0F2DE801D
:10AF8000069A09995A4413462344089C079A234475
:10AF90001A44134619440B460A990F9A19440B4652
:10AFA00092F900101F440029074480F2D180931BBE
:10AFB000002B40F3D8800023511E0F9102F8013C72
:10AFC000AA69314601320FA8F1F7CEFE041EC0F285
:10AFD000878001372744022231460FA8F1F7F0FE9F
:10AFE000041E7DDB2A682744C2B131460FA8F2F760
:10AFF00077F8041E74DB224631460FA8F1F7B4FE41
:10B00000A346041E6CDBA02231460FA8F1F7D8FE40
:10B010000028C0F293805F443C4407193A46314609
:10B020000FA8F1F7A1FEB0F1000BC0F29A80302218
:10B0300031460FA8F1F7C4FE041E51DB5F442744DC
:10B0400095F82C00F8F7DEFC3A4612AB0F99F8F7AA
:10B050008DFD0446002843D14FF48061DDF8903423
:10B060000DF1440BCDE903A3CDE9011B1AA9009111
:10B07000034612AA95F82C10286AF9F7E5FA044657
:10B0800070BB3A460F99304600F042FCDBF80030C6
:10B09000F419CDE901391AAB00932146DDE90D23FE
:10B0A00010A8CDE90F48FFF7DBFC041E18DB109B4E
:10B0B000E519DB1B18463A4631460F9300F028FC91
:10B0C0002A4631460FA8F1F74FFE041E08DB314631
:10B0D0000FA83022F1F774FE00282FDB2C44044423
:10B0E00020460DF26C4DBDE8F08F2A6D31460FA859
:10B0F000FFF70EFD041EF3DB224631460FA8F1F7E1
:10B1000033FEA346041EEBDB302231460FA8F1F7D5
:10B1100057FE002812DBA34483445A4631460FA849
:10B12000F1F722FE041EDBDBA32231460FA8F1F764
:10B1300047FE002802DBA3448344BDE60446CFE774
:10B140001C46CDE7094CCBE70C46C9E73C46C7E7B0
:10B15000AA6931460FA8F1F707FE041EC0DB274499
:10B1600039E75C46BCE7024CBAE700BF00DDFFFFF1
:10B1700080D6FFFF30B587B00A9D0C460095154676
:10B18000FFF76CFE00280ADB2A1A05A90346029184
:10B1900001952244009403490348F9F793F907B055
:10B1A00030BD00BFBCF80110D8F801100A22002100
:10B1B00001F03EB9024B0A460146186800F002B899
:10B1C000C414002010B502FB01F100F033F804466E
:10B1D00068B150F8042C22F00302043A242A14D84F
:10B1E000132A06D802460023C2E9003393602046A2
:10B1F00010BD00231B2AC0E900330BD9242AC0E963
:10B2000002330AD000F11002EDE7002100F0E8FB64
:10B21000204610BD00F10802E5E7036100F11802C5
:10B220004361E0E7024B0146186801F05DB900BFD9
:10B23000C41400202DE9F04F01F10B0583B0064640
:10B24000162D2AD8102921D800F01AFC1025182311
:10B250000220CC4F3B445A68A3F108018A4200F017
:10B26000EB80536802F10804D168304623F00303F1
:10B2700095681A44E9608D60536843F00103536098
:10B2800000F004FC204603B0BDE8F08F00240C233E
:10B290002046336003B0BDE8F08F35F00705F5D4E4
:10B2A000A942F3D800F0ECFBB5F5FC7FC0F0BE81FD
:10B2B0006B0A00F02F81042B00F29481AB0903F19B
:10B2C000390003F1380CC300AE4F3B44A3F108042E
:10B2D0005B689C4207D1B4E0002980F24081DB68C2
:10B2E0009C4200F0AE805A6822F00302511B0F29E5
:10B2F000F2DD3A696046DFF8A8E2724540F0A780C7
:10B300008310012479689C408C4240F2CB80D7F8AE
:10B310000880D8F8043023F00309A9EB05030F2BAC
:10B3200002DDA94580F00981974A08EB090B974B8C
:10B3300011681B6801312B4400F0CC8141F20F01F0
:10B34000934C19440C402146304600F0A5FBB0F167
:10B35000FF3F82468C4A00F0A881B84502D0834561
:10B3600000F2A3818B4BD34519682144196000F08A
:10B37000A1811068013000F0AA81AAEB0B0B59449F
:10B3800019601AF0070200F0B381C2F1080C41F213
:10B39000080130460192E244891A5444091BC1F362
:10B3A0000B0B594600F078FB421C7A4B019A00F0D7
:10B3B000EA81A0EB0A0000EB0B04196844F00104D9
:10B3C000B845C7F808A05944CAF80440196000F00D
:10B3D000B381B9F10F0F40F2B181D8F80420A9F17F
:10B3E0000C004FF0050C20F0070002F0010208EB02
:10B3F000000402430F28C8F80420C4E901CC00F27D
:10B40000B681DAF80440D046634B1A688A4238BFE6
:10B410001960624B1A688A4238BF196024F003042D
:10B42000AC42A4EB050302D30F2B00F38680304619
:10B43000002400F02BFB25E7DA6893427FF411AF7C
:10B4400002303A69DFF858E172453FF459AF53686A
:10B4500023F0030CACEB05030F2B00F3EB80002B68
:10B46000C7E904EE5CDABCF5007F80F09B804FEA10
:10B47000DC0C01214FEAAC038C44994007EBCC086B
:10B480007B6857F83C401943A8F108039460D360E7
:10B49000796047F83C20E260831001249C408C4294
:10B4A0003FF635AF0C4205D120F0030064000430B4
:10B4B0000C42FBD007EBC0098046CC46DCF80C30D0
:10B4C0009C4507D19AE0002A80F2A180DB689C4568
:10B4D00000F09480596821F003014A1B0F2AF2DD25
:10B4E000D3F80CC045F0010442F001081D44304679
:10B4F0009E685C6003F10804C6F80CC0CCF80860D4
:10B50000C7E90455C5E902EEC5F804805A5000F0B9
:10B51000BDFAB7E64FF4007340204FF03F0CD3E67E
:10B520009444304602F10804DCF8043043F001038F
:10B53000CCF8043000F0AAFAA4E645F0010243F08A
:10B540000103454408F10804C8F804203046BD60F2
:10B550006B6000F09BFA204603B0BDE8F08F1A4400
:10B5600003F1080430465168D3E9027541F0010146
:10B57000FD60AF60516000F089FA204603B0BDE87D
:10B58000F08F00BFF0180020F81C0020D41E00200F
:10B5900000F0FFFFA41E0020CC1E0020D01E0020C3
:10B5A000F81800204FEA5C21042956D9142900F22A
:10B5B000B08001F15C035B31DB00FC18FB58083CF8
:10B5C0009C4200F08A80596821F00301614502D94C
:10B5D0009B689C42F7D1DC687968C2E90234A260BA
:10B5E000DA6059E7142B3FD9542B00F29B802B0BC8
:10B5F00003F16F0003F16E0CC30065E608F101086A
:10B600000CF1080C18F0030F7FF458AF37E0194421
:10B61000DA681C4630464B6854F8085F43F0010373
:10B620004B60EA60956000F031FA2BE6E80805F11E
:10B6300008030EE645F0010443F0010115443046CD
:10B64000546002F10804C7E90455C5E902EE6960D7
:10B6500042F80C3000F01AFA14E64FEA9C1101F19E
:10B6600039033831DB00A8E703F15C0003F15B0C20
:10B67000C30029E659F808394B4540F0A08010F086
:10B68000030F00F1FF30F5D17B6823EA04037B60F0
:10B6900064003FF43CAE9C4203D938E6640008F1F4
:10B6A00004081C42FAD0404604E7D7F80880D8F8CE
:10B6B0000440B3E6CBF30B0000287FF45AAE4C44B1
:10B6C000D7F8088044F00104C8F804409CE6C2F8AA
:10B6D00000A056E603F1100435E64FEAA10C4FF046
:10B6E0000108796808FA0CFC4CEA0101796074E7FA
:10B6F0000AEB0401304601924942C1F30B0B594653
:10B7000000F0CAF9431C019A2E4B7FF452AE9346C7
:10B7100053E6542916D84FEA1C3101F16F036E31FC
:10B72000DB004AE7B3F5AA7F16D8EB0B03F17800EC
:10B7300003F1770CC300C7E5D04665E60123CAF8DC
:10B74000043074E6B1F5AA7F24D84FEADC3101F168
:10B7500078037731DB0030E740F25452934224D82B
:10B76000AB0C03F17D0003F17C0CC300ACE508F1E8
:10B770000801304600F0B8FED7F80880114BD8F821
:10B780000440196840E6083A4FF0000B1444A4EB5B
:10B790000A0412E640F2545399420CD84FEA9C41F5
:10B7A00001F17D037C31DB0007E74FF47E737F20DE
:10B7B0004FF07E0C88E54FF47E737E21FDE67B68BA
:10B7C00066E700BFA41E0020032A70B412D940EA25
:10B7D000010504460B46AD071FD119462046043328
:10B7E00004340D680668AE4217D1043A2046194663
:10B7F000032AF2D8541E6AB103780A7893420ED114
:10B80000044405E010F8013F11F8012F934206D1DE
:10B81000A042F7D1002070BC7047541EECE7981A84
:10B8200070BC7047844641EA000313F0030349D11A
:10B83000403A23D30B6803604B6843608B68836096
:10B84000CB68C3600B6903614B6943618B6983619A
:10B85000CB69C3610B6A03624B6A43628B6A836282
:10B86000CB6AC3620B6B03634B6B43638B6B83636A
:10B87000CB6BC36340304031403ADBD230320BD324
:10B880000B6803604B6843608B688360CB68C36060
:10B8900010301031103AF3D20C3205D351F8043B7A
:10B8A00040F8043B043AF9D2043208D0D2071CBF56
:10B8B00011F8013B00F8013B01D30B88038060467F
:10B8C000704700BF082A13D38B07B1D010F00303D1
:10B8D000AED0C3F10403D21ADB071CBF11F8013B41
:10B8E00000F8013BA4D331F8023B20F8023B9FE76C
:10B8F000043AD9D3013A11F8013B00F8013BF9D2DF
:10B900000B7803704B7843708B7883706046704778
:10B910008842F0B40DD98B1883420AD9841832B109
:10B92000224613F8014D994202F8014DF9D1F0BCBD
:10B9300070470F2A0ED80346541E002AF7D0013450
:10B94000013B0C4411F8012BA14203F8012FF9D15E
:10B95000F0BC704740EA01039B073BD1A2F1100500
:10B9600001F1200401F1100600F110072D0904EB8C
:10B97000051456F8103C1036103747F8203C56F89E
:10B980001C3C47F81C3C56F8183C47F8183C56F845
:10B99000143CA64247F8143CEBD16B1C12F00C0F80
:10B9A00002F00F054FEA03131944034415D0043D78
:10B9B0001C1F0E46AD0803EB850C56F8047B44F8BB
:10B9C000047F6445F9D1013502F00302AD002B4438
:10B9D0002944B1E7541E0346B1E72A46ACE700BF4D
:10B9E000F0B4860746D0541E002A3CD0CAB20346A3
:10B9F00002E014F1FF3436D303F8012B9D07F8D190
:10BA0000032C29D9CDB20F2C45EA052545EA054579
:10BA100033D9A4F1100603F1200703F1100236090F
:10BA200007EB061742E9045542E902551032BA42C3
:10BA3000F8D1721C14F00C0F04F00F0603EB021285
:10BA400013D0331F23F003030433134442F8045B81
:10BA50009342FBD106F003042CB1C9B21C4403F895
:10BA6000011B9C42FBD1F0BC704734461346002CAE
:10BA7000F3D1F8E714460346C2E71A462646E0E744
:10BA8000014800F025BE00BFF0910020014800F001
:10BA900021BE00BFF091002038B50023064C0546BA
:10BAA00008462360EEF79AF8431C00D038BD23689F
:10BAB000002BFBD02B6038BD04920020C9B200F0EF
:10BAC0000303002942D07BB10378002B66D0994252
:10BAD00061D0431C05E013F8012B002A5CD08A4298
:10BAE00059D09A071846F6D170B441EA0126046885
:10BAF00046EA0646A4F1013386EA040523EA040374
:10BB0000A5F1013222EA0502134313F0803F0FD161
:10BB100050F8044F84EA0605A4F10133A5F101327F
:10BB200023EA040322EA0502134313F0803FEFD017
:10BB3000037843B1994202D106E08B4204D010F859
:10BB4000013F002BF9D1184670BC70475BB10378F8
:10BB50000BB3431C01E00278EAB113F0030F18465F
:10BB600003F10103F7D10268A2F1013323EA0203D2
:10BB700013F0803F08D150F8042FA2F1013323EADB
:10BB8000020313F0803FF6D0037823B110F8013F91
:10BB9000002BFBD17047704710467047184670471E
:10BBA00080EA010C1CF0030F37D110F0030C20F0D9
:10BBB000030021F0030150F8042B08BF51F8043BA7
:10BBC0000ED08CF0030C6FF07F434FEACC0C23FABD
:10BBD0000CFC51F8043B42EA0C0243EA0C0300BFA0
:10BBE000A2F1013C9A4201BF2CEA020C1CF0803FFA
:10BBF00050F8042B51F8043BF2D04FEA02604FEAB0
:10BC00001222012828BFB0EB036F08BF1B0AF4D033
:10BC100003F0FF03000EC01A704710F0030F0AD0A4
:10BC200010F8012B11F8013B012A28BF9A42F4D0E9
:10BC3000A2EB030070474DF8045D50F8042B01F0AF
:10BC4000030521F0030151F8043B022D26D04DD805
:10BC500022F07F45B5EB132FA2F1013C2CEA020C38
:10BC60000DD11CF0803C08BF51F8043B0AD185EA95
:10BC70000205B5EB036F0CD150F8042BE8E74FEA4F
:10BC800013235BE03CF07F4C54D10B784FEA1265F4
:10BC900054E04FEA126503F0FF034FE04FEA02451C
:10BCA000A2F1013C4FEA15452CEA020CB5EB134F0B
:10BCB00018D11CF0803C08BF51F8043B07D185EA3D
:10BCC0000205B5EB034F09D150F8042BE6E75FEA14
:10BCD0000C4C2FD10B884FEA12452FE04FEA03435B
:10BCE0004FEA12454FEA134328E000BF02F0FF0578
:10BCF000B5EB136FA2F1013C2CEA020C0DD11CF044
:10BD0000803C08BF51F8043B0AD185EA0205B5EB37
:10BD1000032F0AD150F8042BE8E74FEA13630DE034
:10BD200012F0FF0F06D051F8043B4FEA122523F022
:10BD30007F4303E04FF0000020BC704705F0FF0296
:10BD400003F0FF00012828BF904204BF2D0A1B0A00
:10BD5000F4D0A2EB000020BC704700BF20F003012C
:10BD600010F00300C0F1000051F8043B00F1040C96
:10BD70004FEACC0C6FF000021CBF22FA0CF2134306
:10BD80004FF0010C4CEA0C2C4CEA0C4CA3EB0C02CF
:10BD900022EA030212EACC1204BF51F8043B043039
:10BDA000F4D0C2F1000102EA0102B2FA82F2C2F159
:10BDB0001F0200EBD2007047002A45D040EA010381
:10BDC00013F00303F0B425D1032A23D904680D68C6
:10BDD000AC421FD1043A34D0A4F1013525EA040461
:10BDE00014F0803F2DD1061D0D1D0DE056F8043BCB
:10BDF0000F68A3F10134BB4224EA03030AD1043AD9
:10BE00001FD013F0803F1CD1032A2946304605F18C
:10BE10000405EBD804780E78A6420FD18EB1012A22
:10BE20000FD0054602E0D8420BD054B115F8014FAF
:10BE300011F8016FEB43B4421344F4D0A01BF0BCE3
:10BE400070470020F0BC70471046704770B440EA5D
:10BE50000104A30701D1032A15D806468AB1334647
:10BE60000C78551E03F8014B04B332442E4404E011
:10BE700011F8014F03F8014BC4B19A42A6EB030538
:10BE8000F6D170BC70470B460646194653F8045B62
:10BE9000A5F1013424EA050414F0803FDFD1043A0F
:10BEA00046F8045B1946032AEFD8D7E7002DE8D0FF
:10BEB0001D44002203F8012BAB42FBD170BC70473C
:10BEC0002DE9F04F012488461646ADF21C4D25465B
:10BED00007461C460021AE462A464FF0FF35531850
:10BEE00070199C420DD9805C16F803C0844580F01F
:10BEF000CD8019460122A3EB050E701953189C4200
:10BF0000F1D8CDF80CE04FF0010E00214FF0FF30DA
:10BF10007246531806EB000C9C420FD91CF802C065
:10BF200016F80390E14540F2B88019460122A3EBD0
:10BF3000000E06EB000C53189C42EFD86B1C01302E
:10BF40000DF214420293984205AB28BFCDE9020ED0
:10BF500043F8044F9342FBD1631E0093002C00F082
:10BF60002581009B06AD721E9819019512F8011FDC
:10BF7000D34382422344334445F82130F6D130463E
:10BF8000DDE90223F118FFF71FFC002840F09C8038
:10BF9000029B81460546013B0593F318049307EB8A
:10BFA000050A009B019A1AF8033052F82330EBB1CE
:10BFB000039A934203D2B9F1000F00D0A31A1D4493
:10BFC0004FF00009A8EB0403AB42E8D207EB0800EE
:10BFD00044F4006100F080FB8044A8EB0403AB4212
:10BFE000DDD200200DF21C4DBDE8F08F029B4B45C9
:10BFF00038BF4B469C46009B9C4519D205EB0C0272
:10C0000016F80C1006EB0C03B85C3A44884235D1A4
:10C01000A4F1020EC6F1010BB64405E013F8010FBE
:10C0200012F8011F884229D173450BEB030CF5D19F
:10C03000029B4B4540F2AE80059B049AEB181178A9
:10C04000FA5C3B44914240F0A58005EB090C049A50
:10C05000BC4405E012F8010D13F8011D884203D11C
:10C060006345A3EB0A0EF5D109F10109F14500F290
:10C070009880039B1D44A4EB0309A3E7029B4FF0A8
:10C080000009C3F101031D4465449BE70CD04FF048
:10C09000010E0D467246714421E70DD04FF0010E9E
:10C0A00008467246714434E7724502F101027FF49A
:10C0B00016AF1946012212E7724502F101027FF420
:10C0C00028AF1946012224E7029A0025A31A501E20
:10C0D00006EB020B9342049038BF1346321801332B
:10C0E0000392059307EB050E009A01991EF80230A2
:10C0F00051F8233083B11D44A8EB04039D42F1D9CC
:10C1000007EB080044F4006100F0E6FA8044A8EB75
:10C1100004039D42E6D964E7029B934217D25A1961
:10C120009BF80010BB5C3A44994229D1A4F1020C5F
:10C130005B46C6F10109B44405E013F8010F12F89B
:10C14000011F88421ED1634509EB030AF5D1049B08
:10C150005A1C10D05A19039B1978BB5C3A44994277
:10C1600016D1039B05E013F8010D12F8011D88425A
:10C170000ED1B342F7D170460DF21C4DBDE8F08FE1
:10C18000DDF808A0029BC3F101031D445544B3E749
:10C19000059BB0E7DDF808E009F10109F1457FF6FC
:10C1A00068AF50460DF21C4DBDE8F08F06AB019311
:10C1B000E5E600BF2DE9F0410E46097890B004464F
:10C1C000002958D07578002D00F0A280B378002B9C
:10C1D00055D0F278002A75D03379002B61D03046E3
:10C1E000FFF7BCFD8046204648F4007100F074FA69
:10C1F00080457AD8B8F1FE0F00F29380A0EB0807D3
:10C20000402208F1010168462744FFF7E9FBB8F135
:10C21000000F11D0731E5FFA88F503EB080013F8C6
:10C22000012F0DF1400C02F03F02F11A83426244EB
:10C23000294402F8401CF2D1013C10AA14F808303D
:10C2400003F03F03134413F8403C1C44A74203D2BD
:10C2500050E02C44A7424DD314F8085010AB42468E
:10C26000314605F03F0520461D4415F8405CFFF7B8
:10C27000ABFA0028EDD1204610B0BDE8F08102787D
:10C2800045EA01410AB930E0044642EA0343601C32
:10C290006278994201D0002AF6D1994225D1013C19
:10C2A000E9E702780AB3306800BA00E00C4642EAD7
:10C2B00003236278611C0AB19842F7D1984214D1E5
:10C2C000033CD8E72D04007845EA016545EA0323DD
:10C2D00008B90AE00C460243611C607812029342DE
:10C2E00001D00028F6D1934219D00024204610B086
:10C2F000BDE8F08117F8083007EB0800002BF4D0F8
:10C300004FF4006100F0E8F90744BC4294D9ECE72F
:10C31000FFF7D4FB0446204610B0BDE8F081023C94
:10C32000A9E70146434620463246FFF7C9FD0446C9
:10C33000A1E700BF2DE9F04F81463C4F084600E0E1
:10C340002846054615F8014B3E5D16F00806F7D164
:10C350002D2C50D02B2C3FD0A34633F0100004D10D
:10C36000BBF1300F4CD003B90A239E46002E4FF08C
:10C37000000714BF4FF0004A6FF0004A3846BAFB7E
:10C38000FEFC0EFB1CA80EE0ABF13704A3421ADD45
:10C39000002F04DB844502D322D1A04520DA4FF0E0
:10C3A000FF3715F801BBABF13004092CEED9ABF126
:10C3B0004104192CE8D9ABF16104192C03D8ABF175
:10C3C0005704A342E4DC7B1C0ED006B140420AB104
:10C3D0004FBB1160BDE8F08F95F800B0851CBCE73D
:10C3E0000EFB00400127DCE72223C9F8003092B1A0
:10C3F000691E5046EDE795F800B00126851CACE7B4
:10C40000287800F0DF00582808D1102395F801B0F3
:10C4100002359E46AAE75046BDE8F08F002BA4D116
:10C4200008239E46A2E78246E2E700BFFDF801101E
:10C4300010B4044C13460A46014620685DF8044BCC
:10C44000FFF778BFC4140020F8B5234F0D46064609
:10C45000FFF716FBB96840F6EF73204A4C685B1B88
:10C4600024F0030423441A40A2F58055B5F5805FFB
:10C4700007DB00213046FFF70FFBBB6823449842DF
:10C4800004D03046FFF702FB0020F8BD6942304679
:10C49000FFF702FB01300DD0114B641BB968304629
:10C4A0001A6844F00104521B4C601A60FFF7EEFA60
:10C4B0000120F8BD00213046FFF7EEFABA68831A72
:10C4C0000F2BDEDD074C43F0010305492468536060
:10C4D000001B0860D5E700BFF018002000F0FFFF48
:10C4E000A41E0020F81C002000295CD0F8B50F46DF
:10C4F0000646FFF7C5FA734C57F804CCA7F10800BD
:10C50000A1682CF00103C2185568914225F003057B
:10C510007ED01CF0010F556002EB050132D157F8B7
:10C52000087C04F1080C4968C01B3B4401F0010180
:10C530008768674560D0D0F80CE0C7F80CE0CEF80B
:10C540000870002900F0898043F001014160136008
:10C55000B3F5007F30D2DB080122656899101344DF
:10C560008A4004EBC3012A43083954F8335062600F
:10C57000C0E9025144F83300E8603046BDE8F840B5
:10C58000FFF784BA4968C9070ED42B4404F1080C9C
:10C59000916843F00105614567D0D268CA60916037
:10C5A0004560C350D4E7704743F00101B3F5007F05
:10C5B00047F8041C1360CED35A0A042A42D89A09B9
:10C5C00002F1390502F13801EA00A518A258083D28
:10C5D000954251D0516821F00301994202D99268E5
:10C5E0009542F7D1D568C0E90225A860D0603046F1
:10C5F000BDE8F840FFF74ABA00295ED12B44D2E9E2
:10C60000021243F00104CA6091604460C350B4E771
:10C610001CF0010F2B4407D157F8082C801A134443
:10C62000D0E90212CA609160274A43F00101126802
:10C6300041609A42A060A0D8244B30461968FFF7A9
:10C6400003FF9AE7142A0AD9542A1DD81A0B02F1BB
:10C650006F0502F16E01EA00B7E72B4498E702F19B
:10C660005C0502F15B01EA00AFE7C4E90400C0E940
:10C6700002CC4560C35080E789100127636807FA40
:10C6800001F119436160AEE7B2F5AA7F06D8DA0B73
:10C6900002F1780502F17701EA0096E740F2545181
:10C6A0008A4206D89A0C02F17D0502F17C01EA006B
:10C6B0008BE74FF47E727E2187E743F001014160F2
:10C6C00013605AE7F0180020FC1C0020D41E002044
:10C6D000704700BF704700BFD9B10278DAB1431C80
:10C6E000014499421A4603F1010316D010B414789C
:10C6F0003CB199421A4603F1010306D01478002C8C
:10C70000F7D1101A5DF8044B7047081A5DF8044B16
:10C7100070470846704710467047081A704700BFB8
:10C72000F8B500BF0000000001B40248844601BC17
:10C73000604700BF4510002001B40248844601BC98
:10C74000604700BF2902002001B40248844601BCB2
:10C75000604700BFFD0C002001B40248844601BCC4
:10C76000604700BF1904002001B40248844601BCA0
:10C77000604700BF6D03002001B40248844601BC3D
:10C78000604700BFF501002001B40248844601BCA7
:10C79000604700BFF504002001B40248844601BC94
:10C7A000604700BFD50C002001B40248844601BC9C
:10C7B000604700BF8D01002001B40248844601BCDF
:10C7C000604700BF7D0D002001B40248844601BCD3
:10C7D000604700BF2D0D002001B40248844601BC13
:10C7E000604700BF390D0020198000108D7F0010B8
:10C7F000C17F0010F9800010F97F0010057F001044
:10C8000041800010F17E0010C16F001045800010C3
:10C8100029740010517F00102D800010DD7F001062
:10C820001D6A0010456A001031A300100D020010AF
:04C83000C9A6001085
:10C838000A736D6172742D6361726420287270329C
:10C8480030343029207374617274696E6700000097
:10C858006D61696E3A20666163746F7279207265E2
:10C86800736574206765737475726520636F6E668F
:10C8780069726D65643B2065726173696E6700005B
:10C88800666972737420626F6F742C206E6F2066F5
:10C89800696E67657220656E726F6C6C6564000006
:10C8A8006D61696E3A20656E726F6C6C6D656E7441
:10C8B800206F70656E20282573290A004556454E5D
:10C8C8005420454E524F4C4C5F4F50454E0000008F
:10C8D8006D61696E3A206472697665722073656C61
:10C8E8006563746564207468652070726976617424
:10C8F80065204149443B20757067726164696E67C1
:10C9080020746F2070696E70616400004556454E52
:10C9180054204149445F555047524144452070696D
:10C928006E706164000000006D61696E3A206E6F80
:10C938002064726976657220636C61696D65642034
:10C948007468652070726976617465204149443B5A
:10C9580020726576657274696E6720746F207374CF
:10C96800616E6461726400004556454E5420414929
:10C97800445F524556455254207374616E64617227
:10C98800640000006D61696E3A2066696E676572C1
:10C998007072696E74206D61746368656420736C6D
:10C9A8006F74202575202873636F7265202575299B
:10C9B8000A0000004556454E542046494E47455208
:10C9C8005052494E5400000046494E474552000017
:10C9D8006D61696E3A2070726573656E6365206675
:10C9E800726F6D2025733B20617574686F72697A68
:10C9F800696E672050495620616E642074797069A9
:10CA08006E67207468652064756D6D792050494E95
:10CA18000A0000004556454E5420505245535300D5
:10CA28006D61696E3A2048494420696E7465726682
:10CA380061636520776173206E6F7420726561642D
:10CA4800793B2050494E206E6F742074797065646C
:10CA5800000000004556454E542050494E5F4E4F49
:10CA6800545F5459504544007374696C6C206E6F60
:10CA78002066696E67657220656E726F6C6C65649E
:10CA8800000000006D61696E3A20656E726F6C6C13
:10CA98006D656E742077696E646F7720657870694C
:10CAA800726564004556454E5420454E524F4C4CD5
:10CAB8005F54494D454F5554000000004556454EBA
:10CAC8005420454E524F4C4C5F4641494C4544001A
:10CAD8006D61696E3A20656E726F6C6C696E672065
:10CAE800696E746F20736C6F742025750A000000DE
:10CAF8004556454E5420454E524F4C4C5F4341508D
:10CB0800545552494E4700006E6F2066696E67653E
:10CB18007220656E726F6C6C6564207965740000B4
:10CB28006D61696E3A20656E726F6C6C6D656E74BE
:10CB38002067617465206F70656E65642062792076
:10CB4800736C6F74202575202873636F72652025B8
:10CB580075290A0067617465642062792061206D17
:10CB680061746368696E672066696E676572000044
:10CB78006D61696E3A20656E726F6C6C6D656E746E
:10CB880020726566757365643A206E6F206D6174F6
:10CB98006368696E672066696E676572206F6E20CC
:10CBA8007468652073656E736F7200004556454E54
:10CBB8005420454E524F4C4C5F52454655534544C0
:10CBC800000000002028726563656E74207072652D
:10CBD800737329006D61696E3A20616E73776572AF
:10CBE800696E672070696E7061642050494E2065D7
:10CBF8006E74727925730A004556454E5420504983
:10CC08004E5041445F4F4B004556454E5420454ECB
:10CC1800524F4C4C5F4F4B00DCD20110E8D2011050
:10CC2800F4D201100D0A000050524F4D50542050BC
:10CC38005245535300000000455252204E4F5F505A
:10CC480052455353000000007270323335302D7551
:10CC58006E6B6E6F776E000066696E6765727072D4
:10CC6800696E74006E6F6E65000000006C6F616421
:10CC780065640000756E636F6E66696775726564DA
:10CC8800000000006F6666006C6F636B65640000EF
:10CC9800756E6C6F636B65640000000079657300E6
:10CCA8006E6F0000646F776E00000000756E776924
:10CCB800726564007570000068656C6C6F00000038
:10CCC8006E6F68656C6C6F004F4B2050524F564921
:10CCD80053494F4E5F4348554E4B00004552522032
:10CCE80050524F564953494F4E5F4348554E4B009B
:10CCF8004F4B0000455252004F4B2046494E474586
:10CD0800525052494E545F4552415345000000006D
:10CD18004552522046494E4745525052494E545F5B
:10CD2800455241534500000050494E47000000005D
:10CD3800504F4E47000000005354415455530000D3
:10CD48004F4B2053544154555320636869703D2517
:10CD5800732070726573656E63653D2573206B651E
:10CD680079733D257320736F757263653D25732054
:10CD7800616C673D2573206B657972633D2D307852
:10CD8800253034782070616972696E673D2573209B
:10CD9800636F6E6669673D2573206169643D25731D
:10CDA80020636C61696D65643D257320626F6F74E3
:10CDB800686F6C643D25732066703D257320746F21
:10CDC8007563683D257320626F6F745F72783D25C7
:10CDD800752F2573206C696E65733D74783A2575D7
:10CDE8002F25752C72783A25752F25752C6D696E4F
:10CDF8003D25757573206E616D653D222573220092
:10CE080045525220535441545553207472756E63E1
:10CE1800617465643A2067726F77206C696E655B30
:10CE28005D000000434F4E4649475F554E4C4F4307
:10CE38004B0000004F4B20434F4E4649475F554E2D
:10CE48004C4F434B2066697273745F7365747570D9
:10CE5800207365636F6E64733D31323000000000EB
:10CE68004F4B20434F4E4649475F554E4C4F434B1F
:10CE780020627574746F6E207365636F6E64733DA2
:10CE88003132300050524F564953494F4E5F424558
:10CE980047494E0050524F564953494F4E5F4348F9
:10CEA800554E4B20000000004F4B2050524F564922
:10CEB80053494F4E5F434F4D4D4954004552522000
:10CEC80050524F564953494F4E5F434F4D4D495469
:10CED8000000000042454E43480000004F4B2042EE
:10CEE800454E434820616C673D2573207369676E22
:10CEF8005F6D733D256C75004552522042454E4387
:10CF080048206E6F5F6B6579000000005452414302
:10CF1800450000004F4B205452414345000000009B
:10CF280054524143455F434C454152004F4B2054B6
:10CF3800524143455F434C454152000050414952DC
:10CF4800494E475F4D4F4445000000004F4B20506D
:10CF5800414952494E475F4D4F4445207365636FC1
:10CF68006E64733D3132300050414952494E475F3B
:10CF78004D4F44455F4F4646000000004F4B205040
:10CF8800414952494E475F4D4F44455F4F46460021
:10CF980045525220454E524F4C4C206E6F5F6D6F7C
:10CFA80064756C650000000050524F4D5054204687
:10CFB800494E47455220706C61636520616E64205C
:10CFC8006C6966742C207468656E20706C6163658A
:10CFD80020616761696E00004F4B20454E524F4CEF
:10CFE8004C20736C6F743D257520746F74616C3DB3
:10CFF8002575000045525220454E524F4C4C0000BA
:10D008004F4B2046494E4745525052494E545F496E
:10D018004E464F206D6F64656C3D22257322207348
:10D02800773D22257322206D66723D2225732220CA
:10D0380073656E736F723D2225732220616464727A
:10D048003D2530386C782063617061636974793D7F
:10D05800257520626175643D256C75207365636C68
:10D068006576656C3D2575207077643D2530386C94
:10D0780078207461626C653D2530347800000000CA
:10D088004552522046494E4745525052494E545FE8
:10D09800494E464F0000000046494E4745525052FF
:10D0A800494E545F50524F424500000025732046B8
:10D0B800494E4745525052494E545F50524F42458F
:10D0C8002066703D257320626175643D2575207268
:10D0D800785F62797465733D25752068656C6C6F3F
:10D0E8003D257320746F7563683D2573000000004B
:10D0F8004552522046494E4745525052494E545F78
:10D10800534E00004F4B2046494E47455250524916
:10D118004E545F534E200000253032780000000046
:10D128004552522046494E4745525052494E545F47
:10D13800494E464F5F524157000000004F4B204672
:10D14800494E4745525052494E545F494E464F5FEB
:10D158005241572062797465733D257500000000BF
:10D16800494E464F20253033752000004F4B20474D
:10D17800454E45524154455F4944454E54495459DA
:10D1880020636E3D22257322000000004552522084
:10D1980047454E45524154455F4944454E544954CC
:10D1A800590000005553425F5245434F4E4E454388
:10D1B800540000004F4B205553425F5245434F4E99
:10D1C8004E454354000000004149445F4D4F4445DB
:10D1D800200000007374616E6461726400000000D6
:10D1E800455252204149445F4D4F44452075736173
:10D1F80067653D7374616E646172647C70696E709A
:10D20800616400004F4B204149445F4D4F44452025
:10D21800257320756E6368616E67656400000000A1
:10D22800455252204149445F4D4F44452077726929
:10D2380074655F6661696C65640000004F4B20414E
:10D2480049445F4D4F4445202573207265626F6FD6
:10D2580074696E67000000005245424F4F54000049
:10D268004F4B205245424F4F54000000424F4F54FD
:10D278004C4F4144455200004F4B20424F4F544CB5
:10D288004F4144455200000045525220554E4B4EE6
:10D298004F574E5F434F4D4D414E44004F4B20502A
:10D2A800524F564953494F4E5F424547494E000039
:10D2B80045525220434F4E4649475F4C4F434B45DA
:10D2C800442072756E3D434F4E4649475F554E4C5C
:10D2D8004F434B007270323335302D6132000000FD
:10D2E8007270323335302D61330000007270323382
:10D2F80035302D613400000000E100008025000079
:10D30800004B00000096000000C2010066696E67CD
:10D3180065727072696E743A20656E726F6C6C65B6
:10D328006420736C6F742025750A000066696E6747
:10D3380065727072696E743A20656E726F6C6D6595
:10D348006E74206661696C656400000066696E67CA
:10D3580065727072696E743A206C696E65207363C9
:10D36800616E206770256420686967683D257520AF
:10D3780065646765733D25752C2067702564206892
:10D388006967683D25752065646765733D25752067
:10D398006D696E3D257575730A00000066696E67D4
:10D3A80065727072696E743A206E6F206D6F647565
:10D3B8006C65206F6E2075617274000066696E6717
:10D3C80065727072696E743A206D6F64756C652051
:10D3D80072656164792C2025752074656D706C61A7
:10D3E800746528732920656E726F6C6C65640A0019
:10D3F80066696E6765727072696E743A20696E66E6
:10D408006F207061676520746F6F2073686F727426
:10D4180020282575206279746573290A00000000A8
:10D4280066696E6765727072696E743A20696E66B5
:10D438006F207061676520726566757365642C205E
:10D4480063633D253032780A00000000616273652D
:10D458006E74000066696E6765727072696E743A00
:10D46800206D6174636820646973636172646564C4
:10D478002C20746F756368206C696E652072656C0A
:10D488006561736564206D69642D6361707475727C
:10D49800650000004F70656E48616E6B6F0000009C
:10D4A80025732023253032582530325825303258FC
:10D4B80000000000434E3D25730000003230343533
:10D4C80030313031303030303030000032303230AE
:10D4D8003031303130303030303000006964656EC2
:10D4E800746974793A2067656E65726174696E67EC
:10D4F800206120667265736820502D3235362069A8
:10D5080064656E746974792C207468697320746119
:10D518006B65732061206D6F6D656E74000000008F
:10D528006964656E746974793A20736C6F74203914
:10D53800412067656E65726174696F6E2066616906
:10D548006C6564006964656E746974793A20736CFB
:10D558006F742039442067656E65726174696F6EF7
:10D56800206661696C6564006964656E74697479C4
:10D578003A20636F6D6D6974206661696C6564003B
:10D588006964656E746974793A2067656E6572615D
:10D5980074656420222573220A00000028D6011031
:10D5A800E8D6011088D6011048D7011061114F063E
:10D5B80000001000010079074F05A00000030800D3
:10D5C8005324F015A000000116FF0200000000001F
:10D5D8000000001000000000F10121F20121F30019
:10D5E800F40100F5011000007E124F0BA0000003AB
:10D5F800080000100001005F2F0260005309C101FC
:10D6080000C20100C3010000A000000308000010D0
:10D6180000000000A0000003080000100001000046
:10D628002D2D2D2D2D424547494E20434552544915
:10D638004649434154452D2D2D2D2D0A5245504C18
:10D648004143455F574954485F41555448454E54F6
:10D6580049434154494F4E5F434552544946494313
:10D668004154450A2D2D2D2D2D454E44204345521C
:10D6780054494649434154452D2D2D2D2D0A00006E
:10D688002D2D2D2D2D424547494E204345525449B5
:10D698004649434154452D2D2D2D2D0A5245504CB8
:10D6A8004143455F574954485F4B45595F4D414E8B
:10D6B8004147454D454E545F4345525449464943B9
:10D6C8004154450A2D2D2D2D2D454E4420434552BC
:10D6D80054494649434154452D2D2D2D2D0A00000E
:10D6E8002D2D2D2D2D424547494E2050524956414A
:10D6F8005445204B45592D2D2D2D2D0A5245504C62
:10D708004143455F574954485F41555448454E5435
:10D7180049434154494F4E5F505249564154455F21
:10D728004B45590A2D2D2D2D2D454E44205052493B
:10D7380056415445204B45592D2D2D2D2D0A0000BD
:10D748002D2D2D2D2D424547494E205052495641E9
:10D758005445204B45592D2D2D2D2D0A5245504C01
:10D768004143455F574954485F4B45595F4D414ECA
:10D778004147454D454E545F505249564154455FC7
:10D788004B45590A2D2D2D2D2D454E4420505249DB
:10D7980056415445204B45592D2D2D2D2D0A00005D
:10D7A800F0534D43415244002D2D2D2D2D42454718
:10D7B800494E2043455254494649434154452D2D2D
:10D7C8002D2D2D002D2D2D2D2D454E442043455218
:10D7D80054494649434154452D2D2D2D2D00000017
:10D7E8007069763A2000000063657274696669633F
:10D7F80061746520444552206465636F64652066E2
:10D8080061696C65643A202D307825780000000045
:10D8180072736132303438007032353600000000DF
:10D82800736C6F742025303278206B6579206167BE
:10D838007265656D656E74206661696C65643A2011
:10D848002D30782530347800736C6F742025303291
:10D8580078206B65792061677265656D656E7420E7
:10D868006F6B0000736C6F74203961207265667588
:10D878007365643A206E6F20627574746F6E2070E1
:10D88800726573732077697468696E20746865209F
:10D8980070726573656E63652077696E646F770073
:10D8A8007369676E206661696C65643A202D30780B
:10D8B800257800007369676E65642077697468204D
:10D8C800736C6F742025303278000000736C6F74AD
:10D8D80020396420726566757365643A206E6F201E
:10D8E800627574746F6E20707265737320776974D3
:10D8F80068696E207468652073657373696F6E203C
:10D9080077696E646F770000736C6F74202530320E
:10D918007820726566757365643A20616C676F720A
:10D928006974686D202530327820646F6573206EC5
:10D938006F74206D6174636820746865206C6F6112
:10D94800646564206B6579005245504C4143455FDE
:10D958005749544800000000666C61736800000075
:10D96800636F6D70696C6564000000005049562053
:10D978006964656E7469747920697320756E636F64
:10D988006E666967757265643B206372656174656C
:10D9980020736563726574732E68206F72207275C8
:10D9A8006E202E2F70726F766973696F6E2E707984
:10D9B8002070726F766973696F6E000061757468A4
:10D9C8002070726976617465206B657920636F7564
:10D9D8006C64206E6F74206265206C6F616465648E
:10D9E8003A202D30782578006B65792D6D616E6150
:10D9F80067656D656E742070726976617465206BF9
:10DA0800657920636F756C64206E6F742062652081
:10DA18006C6F616465643A202D30782578000000C9
:10DA2800504956206964656E74697479206C6F6119
:10DA38006465642066726F6D202573202839612023
:10DA4800636572742025752062797465732C20399A
:10DA58006420636572742025752062797465732962
:10DA680000000000757365722070726573656E63DF
:10DA780065206163636570746564000050524553A6
:10DA8800454E43450000000063657274396100002B
:10DA98006B65793961000000636572743964000050
:10DAA8006B65793964000000424547494E2043457B
:10DAB8005254494649434154450000005052495682
:10DAC800415445204B45590018DB011028DB011053
:10DAD80034DB011090DB011040DB011090DB0110FA
:10DAE80090DB011090DB011050DB011090DB01107E
:10DAF80090DB011058DB011068DB011090DB01108E
:10DB080078DB011090DB011090DB011084DB011041
:10DB1800536574506172616D6574657273000000BD
:10DB2800496363506F7765724F6E000049636350B5
:10DB38006F7765724F666600476574536C6F7453F0
:10DB48007461747573000000536563757265000035
:10DB5800476574506172616D657465727300000089
:10DB68005265736574506172616D65746572730096
:10DB7800586672426C6F636B0000000041626F72FE
:10DB8800740000003F0000006F74686572000000B8
:10DB9800545241434520256C75204556454E542026
:10DBA80025730000545241434520256C752043439A
:10DBB80049442025303278202573207825750000C7
:10DBC800545241434520256C7520415044552063EB
:10DBD8006C613D2530327820696E733D253032788E
:10DBE8002070313D253032782070323D2530327832
:10DBF8002073773D25303478000000003B80010118
:10DC08006A8100006982000000000000795F00104E
:10DC1800000000007D5F0010855F0010815F00102C
:10DC2800C55F001000000000636369643A20756EE8
:10DC3800737570706F72746564206D657373616756
:10DC480065203078253032780A0000000902B100DA
:10DC5800040100803209040000020B000000362194
:10DC68001001000702000000802500008025000048
:10DC780000802500008025000000FE000000000054
:10DC88000000000000003E00020000080000000044
:10DC9800000001010705010240000007058102405C
:10DCA800000009040100010301010009211101001C
:10DCB800012241000705820308000A080B0202023C
:10DCC80002000009040200010202000005240020ED
:10DCD80001052401000304240206052406020307A3
:10DCE80005830308001009040300020A0000000766
:10DCF80005040240000007058402400000000000FF
:10DD08001201000200000040D01651150001010266
:10DD18000301000005010906A101050719E029E72B
:10DD28001500250195087501810295017508810185
:10DD380005081901290595057501910295017503D5
:10DD48009101050719002AFF00150026FF00950616
:10DD580075088100C00000006F70656E68616E6BA9
:10DD68006F2E696F3A2530325825303258253032B7
:10DD780058253032582530325825303258000000A6
:10DD8800536D6172742043617264000000000000EA
:10DD98009CD4011088DD0110FC1300200000000055
:10DDA800000000000000000000000000002A002B16
:10DDB800002800000000002800000000000000000B
:10DDC800000000000000000000000000000000004B
:10DDD800000000290000000000000000002C011EC7
:10DDE80001340120012101220124003401260127E8
:10DDF8000125012E0036002D003700380027001EAF
:10DE0800001F0020002100220023002400250026F6
:10DE1800013300330136002E01370138011F010498
:10DE280001050106010701080109010A010B010C9E
:10DE3800010D010E010F011001110112011301144E
:10DE480001150116011701180119011A011B011CFE
:10DE5800011D002F003100300123012D0035000481
:10DE680000050006000700080009000A000B000C66
:10DE7800000D000E000F0010001100120013001416
:10DE880000150016001700180019001A001B001CC6
:10DE9800001D012F013101300135004C6869643AD9
:10DEA800206368617261637465722030782530324E
:10DEB80078206973206E6F74207479706561626C64
:10DEC800650A00000A2A2A2A2050414E4943202A7E
:10DED8002A2A0A004E6F207370696E6C6F636B7329
:10DEE8002061726520617661696C61626C65000011
:10DEF800486172647761726520616C61726D20257A
:10DF08006420616C726561647920636C61696D6518
:10DF18006400000048617264206173736572740064
:10DF28004F7574206F66206D656D6F727900000003
:10DF380005005250DE65F46834160210060052508F
:10DF48005422A29DD8DF011006005250861C0302FD
:10DF5800C4DF011006005250BBFF3CB6ACDF011015
:10DF680006005250ABB36053A4DF011006005250B4
:10DF7800E182887F94DF011006005250D3F0754289
:10DF88008CDF011052656C6561736500626F6F7498
:10DF9800325F77323571303830000000322E322E41
:10DFA800300000007761766573686172655F727032
:10DFB800323335305F7A65726F000000736D6172BD
:10DFC800745F636172645F727032303430000000D5
:10DFD800417567203234203230323600666E69006F
:10DFE800666E692B000000006E616E00666E692D1A
:10DFF8000000000000000000000000000000F03FEA
:10E00800000000000000244000000000000059400B
:10E018000000000000408F40000000000088C3405E
:10E0280000000000006AF8400000000080842E41D3
:10E0380000000000D01263410000000084D797411F
:10E048000000000065CDCD410D0A000006005250C9
:10E0580053B4F4A188E001100800525012000000E7
:10E0680008005250921000005541525420737464B5
:10E07800696E000055415254207374646F757400C2
:10E088005541525420737464696E202F2073746450
:10E098006F7574000600525053B4F4A1A8E0011043
:10E0A800646F75626C65207265736574202D3E20FF
:10E0B800424F4F5453454C00556E68616E646C6511
:10E0C800642049525120307825780A00657020254F
:10E0D8003032582077617320616C726561647920F1
:10E0E800617661696C61626C6500000043616E274E
:10E0F8007420636F6E74696E75652078666572202A
:10E108006F6E20696E61637469766520657020257D
:10E11800303258000000000069B90010E1B9001061
:10E1280001BA00104DBA001059BB001019BC0010FC
:10E13800000000000000000079BE001089BE001039
:10E148008DBE00109DBE001055BF00104DC10010BF
:10E1580000000000080052501210020001000000E8
:10E16800E8E201100100080008E3011001000800BE
:10E1780064E1011001000100A8E401100100080099
:10E18800C8E40110010008000000000001000000C0
:10E19800E8E401100100080008E50110010008008A
:10E1A800000000000100000028E50110010008003F
:10E1B80048E501100100080000000000010000000F
:10E1C80068E501100100080088E501100100080059
:10E1D8000000000001000000A8E50110010008008F
:10E1E800C8E501100100080000000000010000005F
:10E1F800E8E501100100080008E601100100080028
:10E20800000000000100000028E6011001000800DD
:10E2180048E60110010008000000000001000000AD
:10E2280068E601100100080088E6011001000800F6
:10E238000000000001000000A8E60110010008002D
:10E24800C8E60110010008000000000001000000FD
:10E2580028E301100100080048E30110010008004C
:10E26800000000000100000068E301100100080040
:10E2780088E3011001000800000000000100000010
:10E28800A8E3011001000800C8E30110010008001C
:10E298000000000001000000E8E301100100080090
:10E2A80008E401100100080000000000010000005F
:10E2B80028E401100100080048E4011001000800EA
:10E2C800000000000100000068E4011001000800DF
:10E2D80088E40110010008000000000001000000AF
:10E2E80096C298D84539A1F4A033EB2D817D0377E8
:10E2F800F240A463E5E6BCF847422CE1F2D1176B83
:10E30800F551BF376840B6CBCE5E316B5733CE2B55
:10E31800169E0F7C4AEBE78E9B7F1AFEE242E34F84
:10E32800C9D23AE803C56D5DBE35D0AE1D7A9FCA25
:10E33800331ED2CBAC882755F0B99CE031DD9986E5
:10E3480061F99B3296415838F95A2AB8960EB24C60
:10E35800C1782CC708991924B75928E98454E616B6
:10E36800DD3830DB702C0AA27C5C9DE9D5460B5F5A
:10E37800830B604B377DB9C95E24F33D797F6C18F8
:10E388007FE51C4F6024F72AEDD8E2917F894992F6
:10E3980097A72E8D6AB339811389B59AB88D429C97
:10E3A8008D45E64B3F4F1E1F47655E5922CC725F75
:10E3B800F1931A271E34C55B63F2A5585C152EC667
:10E3C800F47FBA585A846F5FADA6367EDCF7E167F2
:10E3D800044DAAEE57763AD34E7E261822239FFF85
:10E3E8001D4C64C755023FE3D80290BBC3EC3040D4
:10E3F8009F6F64F4166948A4FA449C950C7D675E87
:10E4080044918BD8D0D7E7E21FF948626FA8935D93
:10E41800EA3A9902D50B3DE31ED30031E60C9F443E
:10E4280056B2AAFD8815DF524C35273144CDC06855
:10E4380053F891A57194842A92CBD093E988DAE4B1
:10E4480024C639165DA31E6DBA073726362AFE6024
:10E4580051BCF3D0DE50FC97802E0610154DFAF70C
:10E468002765695B66A2752E9C16005AB030251A7E
:10E4780042FB864280C1C4765B1D838E94015F8215
:10E48800393770EF1FA1F0DB6A105BCEC49B6F10A9
:10E49800501111244F4C7961173A72BCFE725843DF
:10E4A80070C8BA04B74BD2F7ABC6233AA0093A5999
:10E4B8001D9D4CF95823CCDF02ED7B29870FFA3CD0
:10E4C8004069F2400BA398CEAFA848020D1C126217
:10E4D8009BAF098380AA58A7C612BE709476E3E45E
:10E4E8007D7DEF86FFE337DDDB868B08277CD7F65B
:10E4F80091544C254F9AFE285EFDF06D370369D67E
:10E5080096D5DAAD9249F09FF973439EAFA7D1F340
:10E51800674107DF78953EA1223DD1E63CA5E22080
:10E52800BF6A5D5235D7BFAE5AA2BE96F4F802C391
:10E53800A4204954EAB382DB2EDBEA02D1751C62BF
:10E54800F085F49E4CDC3989636DC457D8035D228D
:10E55800707F2D526FC9DA4F9D64FAB4FEA4C4D7F8
:10E568002A37B9C0AA59C68B3F58D9ED589965F7CB
:10E57800887D268C4AF9059F9D739AC9E746DC0079
:10E58800F2D055DF000AF54A6ABF56812D20EBB557
:10E5980011C12852ABE3D1402434794557A5120361
:10E5A800EECFB87EF792968D3D018C0D23F2E305F0
:10E5B800592EE384527A3476E5A1B01590E2533CA3
:10E5C800D498E7FAA57D8B539135D200D11B9F1BB8
:10E5D8003F69089A72F0A911B3FE0E14DA7C0ED3C3
:10E5E80083F6E8F887F7FC6D90BE7F3F7A2BD71348
:10E5F800CF32F22D946D42FDAD9AE35F42BB84EDBC
:10E60800FC952973A1673E02E33054358E0ADD6715
:10E6180003D7A197613BF80CF2333C58553423A338
:10E62800995D165F7BBCBBCE61EE4E8AC151CC5062
:10E638001F0D4D1B53231DB3DA2A38665284E1950A
:10E648005B9B830A814FADAC0FFF42416EA9A2A02C
:10E658002FA14F1F8982AA3EF3B80F6B8F8CD66803
:10E66800F1B3BB5169A21193654F0F8DBD260FE819
:10E67800B9CBEC6B34C33D9DE45D1E10D544E25428
:10E68800289EB1F16E4CADB3B7E3C258C0FB34431A
:10E69800259CDF350741BD19B66E10EC0EECBBD6D4
:10E6A800C8CFEF3F831A88E80B29B5B9E0C9A3AEF4
:10E6B80088461E77CD7EB310B621D0D4A31608EEB7
:10E6C800A1CAA8B3BF29998ED1F205C1CF5D9148DF
:10E6D8009F0149DB82DF5F3AE10690ADE338A4C4CD
:10E6E8004B60D2273E3CCE3BF6B053CCB0061D65FE
:10E6F800BC86987655BDEBB3E7933AAAD835C65A87
:10E7080096C298D84539A1F4A033EB2D817D0377C3
:10E71800F240A463E5E6BCF847422CE1F2D1176B5E
:10E72800F551BF376840B6CBCE5E316B5733CE2B31
:10E73800169E0F7C4AEBE78E9B7F1AFEE242E34F60
:10E74800512563FCC2CAB9F3849E17A7ADFAE6BC8B
:10E75800FFFFFFFFFFFFFFFF00000000FFFFFFFFBD
:10E76800FFFFFFFFFFFFFFFFFFFFFFFF00000000AD
:10E77800000000000000000001000000FFFFFFFF94
:10E788009CE701100000000000000000A0E7011055
:10E79800A4E7011005144000081C400009204000AF
:10E7A8002A8648CE3D030107000000002B0E030215
:10E7B8001A0000002A864886F70D010101000000B2
:10E7C8002A864886F70D010105000000A8E7011018
:10E7D8000800000008EA011008EA01100300000020
:10E7E8000000000000000000000000000000000021
:10E7F80000000000B4E7011005000000B8E90110AE
:10E80800C0E9011005000000C8E901100900000076
:10E81800D4E90110E0E9011008000000E8E901105E
:10E8280009000000F4E9011000EA011009000000E5
:10E8380000000000000000000000000000000000D0
:10E8480000000000BCE701100900000014EA0110F4
:10E8580024EA01100100000028EA01100700000066
:10E8680030EA011040EA01100200000050EA0110ED
:10E878000500000058EA011060EA011003000000DA
:10E888000000000000000000000000000000000080
:10E8980000000000C8E701100900000070EA01103C
:10E8A80088EA01100501000098EA0110090000003B
:10E8B800A4EA0110BCEA011008010000D0EA011026
:10E8C80009000000DCEA0110F4EA01100901000067
:10E8D80008EB01100500000070EA011088EA011039
:10E8E8000501000010EB01100700000018EB0110F3
:10E8F80028EB01100504000038EB011008000000A7
:10E9080044EB011058EB0110080400006CEB0110F7
:10E918000800000078EB01108CEB011009040000DE
:10E92800A0EB011009000000ACEB0110ACEB0110EA
:10E9380000060000000000000000000000000000C9
:10E948000000000000000000686D61635348413119
:10E9580000000000484D41432D5348412D3100002F
:10E968002A864886F70D020800000000686D61637A
:10E978005348413232340000484D41432D534841F9
:10E988002D323234000000002A864886F70D02092D
:10E9980000000000686D616353484132353600005D
:10E9A800484D41432D5348412D3235360000000073
:10E9B80069642D73686131005348412D31000000AE
:10E9C80060864801650304020400000069642D7331
:10E9D80068613232340000005348412D323234002D
:10E9E80060864801650304020100000069642D7314
:10E9F80068613235360000005348412D3235360003
:10EA08007365637032353672310000007273614588
:10EA18006E6372797074696F6E0000005253410022
:10EA28002A8648CE3D02010069642D6563507562EF
:10EA38006C69634B6579000047656E657269632090
:10EA48004543206B657900002B8104010C00000010
:10EA580069642D65634448004543206B65792066E9
:10EA68006F722045434448007368612D31576974BB
:10EA780068525341456E6372797074696F6E000015
:10EA8800525341207769746820534841310000008F
:10EA98002A864886F70D01010E000000736861326E
:10EAA800323457697468525341456E637279707491
:10EAB800696F6E005253412077697468205348414A
:10EAC8002D323234000000002A864886F70D0101F5
:10EAD8000B00000073686132353657697468525309
:10EAE80041456E6372797074696F6E0052534120AC
:10EAF80077697468205348412D323536000000008C
:10EB08002B0E03021D0000002A8648CE3D0401009A
:10EB180065636473612D776974682D5348413100CA
:10EB28004543445341207769746820534841310074
:10EB38002A8648CE3D040301000000006563647323
:10EB4800612D776974682D534841323234000000D2
:10EB58004543445341207769746820534841323211
:10EB6800340000002A8648CE3D040302000000005D
:10EB780065636473612D776974682D534841323534
:10EB88003600000045434453412077697468205398
:10EB980048413235360000002A864886F70D0101C3
:10EBA8000A0000005253415353412D505353000063
:10EBB800616E79506F6C696379000000416E79204D
:10EBC800506F6C696379000069642D6B702D7365F3
:10EBD800727665724175746800000000544C5320C9
:10EBE8005765622053657276657220417574686551
:10EBF8006E7469636174696F6E0000002B0601050D
:10EC0800050703020000000069642D6B702D636C1A
:10EC180069656E744175746800000000544C532097
:10EC280057656220436C69656E7420417574686528
:10EC38006E7469636174696F6E0000002B060105CC
:10EC4800050703030000000069642D6B702D636FD6
:10EC580064655369676E696E67000000436F646599
:10EC6800205369676E696E67000000002B06010576
:10EC7800050703040000000069642D6B702D656DA5
:10EC880061696C50726F74656374696F6E0000001F
:10EC9800452D6D61696C2050726F74656374696F7E
:10ECA8006E0000002B0601050507030800000000A0
:10ECB80069642D6B702D74696D655374616D70692D
:10ECC8006E67000054696D65205374616D70696EDC
:10ECD800670000002B060105050703090000000076
:10ECE80069642D6B702D4F4353505369676E696E7D
:10ECF800670000004F435350205369676E696E6781
:10ED0800000000002B0601040182E4250100000038
:10ED180069642D6B702D776973756E2D66616E2D24
:10ED2800646576696365000057692D53554E204127
:10ED38006C6C69616E6365204669656C642041721C
:10ED48006561204E6574776F726B202846414E29A5
:10ED58000000000069642D63652D62617369634377
:10ED68006F6E73747261696E7473000042617369C7
:10ED78006320436F6E73747261696E747300000070
:10ED8800551D0F0069642D63652D6B657955736199
:10ED9800676500004B657920557361676500000061
:10EDA800551D250069642D63652D6578744B65795B
:10EDB8005573616765000000457874656E64656425
:10EDC800204B65792055736167650000551D11005A
:10EDD80069642D63652D7375626A656374416C742B
:10EDE8004E616D65000000005375626A65637420AA
:10EDF800416C74204E616D6500000000608648011A
:10EE080086F842010100000069642D6E6574736321
:10EE18006170652D63657274747970650000000017
:10EE28004E657473636170652043657274696669C1
:10EE3800636174652054797065000000551D2000D9
:10EE480069642D63652D63657274696669636174AD
:10EE580065506F6C6963696573000000436572747F
:10EE68006966696361746520506F6C69636965736D
:10EE780000000000551D0E0069642D63652D737533
:10EE8800626A6563744B65794964656E746966691D
:10EE9800657200005375626A656374204B6579205A
:10EEA8004964656E7469666965720000551D2300C2
:10EEB80069642D63652D617574686F726974794B27
:10EEC80065794964656E7469666965720000000059
:10EED800417574686F72697479204B65792049644B
:10EEE800656E7469666965720000000069642D6169
:10EEF800742D636F6D6D6F6E4E616D65000000005F
:10EF0800436F6D6D6F6E204E616D6500434E00005E
:10EF18005504060069642D61742D636F756E7472F3
:10EF2800794E616D65000000436F756E74727900EB
:10EF3800430000005504070069642D61742D6C6F4F
:10EF480063616C69747900004C6F63616C697479F2
:10EF5800000000004C0000005504080069642D61A1
:10EF6800742D7374617465005374617465000000D6
:10EF78005354000055040A0069642D61742D6F72A2
:10EF880067616E697A6174696F6E4E616D650000C4
:10EF98004F7267616E697A6174696F6E0000000074
:10EFA8004F00000055040B0069642D61742D6F72C9
:10EFB80067616E697A6174696F6E616C556E6974A8
:10EFC8004E616D65000000004F726720556E6974D0
:10EFD800000000004F5500002A864886F70D0109F9
:10EFE80001000000656D61696C416464726573734A
:10EFF80000000000452D6D61696C206164647265D4
:10F00800737300005504050069642D61742D7365E0
:10F018007269616C4E756D62657200005365726944
:10F02800616C206E756D62657200000073657269AF
:10F03800616C4E756D626572000000005504100029
:10F0480069642D61742D706F7374616C41646472AE
:10F0580065737300506F7374616C206164647265CA
:10F0680073730000706F7374616C416464726573CC
:10F07800730000005504110069642D61742D706FD0
:10F088007374616C436F646500000000506F7374A3
:10F09800616C20636F646500706F7374616C436F9B
:10F0A800646500005504040069642D61742D73754E
:10F0B800724E616D650000005375726E616D65007A
:10F0C80055042A0069642D61742D676976656E4E52
:10F0D800616D6500476976656E206E616D6500003B
:10F0E800474E000055042B0069642D61742D696E2C
:10F0F800697469616C730000496E697469616C7345
:10F1080000000000696E697469616C73000000009A
:10F1180055042C0069642D61742D67656E657261F4
:10F1280074696F6E5175616C69666965720000007B
:10F1380047656E65726174696F6E207175616C697F
:10F14800666965720000000067656E6572617469C2
:10F158006F6E5175616C69666965720055040C00C3
:10F1680069642D61742D7469746C65005469746CDC
:10F17800650000007469746C6500000055042E0079
:10F1880069642D61742D646E5175616C6966696579
:10F198007200000044697374696E67756973686505
:10F1A80064204E616D65207175616C696669657270
:10F1B80000000000646E5175616C696669657200D3
:10F1C8005504410069642D61742D70736575646F11
:10F1D8006E796D0050736575646F6E796D0000000F
:10F1E80070736575646F6E796D00000009922689E9
:10F1F80093F22C640101000069642D7569640000B4
:10F2080055736572204964007569640009922689FE
:10F2180093F22C640119000069642D646F6D6169B3
:10F228006E436F6D706F6E656E740000446F6D6134
:10F23800696E20636F6D706F6E656E7400000000FC
:10F248004443000055042D0069642D61742D756ECA
:10F25800697175654964656E7469666965720000EF
:10F26800556E69717565204964656E74696669656E
:10F2780072000000756E697175654964656E746920
:10F28800666965720000000050726F632D547970D2
:10F29800653A20342C454E43525950544544000099
:10F2A80050F30110F0F2011020F30110C0F2011028
:10F2B80065636B65792E51000400000090F301101E
:10F2C8000947011039470110E1480110D9480110D8
:10F2D8000000000000000000D1480110B9480110EA
:10F2E800A54801101147011002000000A0F3011009
:10F2F80009470110FD460110E1480110D9480110E5
:10F308000000000000000000D1480110B9480110B9
:10F31800A5480110114701100300000098F30110DF
:10F32800094701102D4701100000000000000000EF
:10F338000000000000000000D1480110B948011089
:10F34800A5480110114701100100000024EA01102E
:10F358009D480110C5460110554801100548011087
:10F36800BD47011079470110714701105947011035
:10F3780045470110D54601107273612E4E000000FA
:10F388007273612E4500000045434453410000005C
:10F3980045435F4448000000454300002D2D2D2DB6
:10F3A8002D454E4420525341205052495641544510
:10F3B800204B45592D2D2D2D2D0000002D2D2D2DA7
:10F3C8002D424547494E20525341205052495641FB
:10F3D8005445204B45592D2D2D2D2D002D2D2D2DEE
:10F3E8002D454E442045432050524956415445200E
:10F3F8004B45592D2D2D2D2D000000002D2D2D2D87
:10F408002D424547494E20454320505249564154C4
:10F4180045204B45592D2D2D2D2D00002D2D2D2D01
:10F428002D454E442050524956415445204B45598C
:10F438002D2D2D2D2D0000002D2D2D2D2D42454734
:10F44800494E2050524956415445204B45592D2D7F
:10F458002D2D2D002D2D2D2D2D454E44205253415F
:10F468002050524956415445204B45592D2D2D2D9C
:10F478002D0A00002D2D2D2D2D424547494E205295
:10F4880053412050524956415445204B45592D2D42
:10F498002D2D2D0A000000002D2D2D2D2D454E441B
:10F4A8002050524956415445204B45592D2D2D2D5C
:10F4B8002D0A00002D2D2D2D2D424547494E205057
:10F4C800524956415445204B45592D2D2D2D2D0A75
:10F4D800000000002D2D2D2D2D454E4420454320A4
:10F4E80050524956415445204B45592D2D2D2D2D0F
:10F4F8000A0000002D2D2D2D2D424547494E20454F
:10F50800432050524956415445204B45592D2D2DE5
:10F518002D2D0A00982F8A4291443771CFFBC0B530
:10F52800A5DBB5E95BC25639F111F159A4823F92C6
:10F53800D55E1CAB98AA07D8015B8312BE8531241F
:10F54800C37D0C55745DBE72FEB1DE80A706DC9BE0
:10F5580074F19BC1C1699BE48647BEEFC69DC10F8C
:10F56800CCA10C246F2CE92DAA84744ADCA9B05CC8
:10F57800DA88F97652513E986DC631A8C82703B08B
:10F58800C77F59BFF30BE0C64791A7D55163CA0699
:10F5980067292914850AB72738211B2EFC6D2C4DA5
:10F5A800130D385354730A65BB0A6A762EC9C28193
:10F5B800852C7292A1E8BFA24B661AA8708B4BC229
:10F5C800A3516CC719E892D1240699D685350EF453
:10F5D80070A06A1016C1A419086C371E4C7748270A
:10F5E800B5BCB034B30C1C394AAAD84E4FCA9C5B80
:10F5F800F36F2E68EE828F746F63A5781478C884D1
:10F608000802C78CFAFFBE90EB6C50A4F7A3F9BEB2
:10F61800F27871C6020305070B0D1113171D1F257C
:10F62800292B2F353B3D4347494F53596165676B3C
:10F638006D717F83898B95979DA3A7ADB3B5BFC126
:10F64800C5C7D3DFE3E5E9EFF1FB0000202C3D2B34
:10F658003C3E233B225C000055040300636F6D6D44
:10F668006F6E4E616D650000636F756E7472794ED2
:10F67800616D65006F7267616E697A6174696F6E3A
:10F688004E616D65000000006C6F63616C69747990
:10F69800000000006F7267616E697A6174696F6E4D
:10F6A800616C556E69744E616D65000073746174A8
:10F6B800654F7250726F76696E63654E616D650055
:10F6C8007375724E616D6500676976656E4E616D22
:10F6D80065000000646F6D61696E436F6D706F6ED9
:10F6E800656E740014EF01100200000060F601104E
:10F6F8000C00000064F601100A00000060F601101A
:10F708000C00000038EF01100100000018EF011094
:10F718001300000070F601100B00000018EF011034
:10F7280013000000A8EF0110010000007CEF011099
:10F738000C0000007CF60110100000007CEF0110A6
:10F748000C0000005CEF0110010000003CEF01100C
:10F758000C00000090F60110080000003CEF0110BA
:10F768000C0000008CD2011001000000E0EF011035
:10F7780016000000DCEF011002000000ACEF0110E1
:10F788000C0000009CF6011016000000ACEF011000
:10F798000C00000078EF01100200000060EF01107B
:10F7A8000C000000B4F601101300000060EF011017
:10F7B8000C000000ECEF01100C000000E0EF01105D
:10F7C8001600000034F001100C0000000CF00110CD
:10F7D800130000006CF001100D00000044F001104F
:10F7E80013000000A0F001100A0000007CF00110D6
:10F7F80013000000BCF101100B00000084F101109F
:10F80800130000007CF101100500000064F10110F4
:10F818000C000000C8F6011007000000ACF0011051
:10F828000C00000008D1011002000000ACF001102B
:10F838000C000000D0F6011009000000C8F001100B
:10F848000C000000E8F0011002000000C8F00110F0
:10F858000C0000000CF1011008000000ECF0011091
:10F868000C000000E8F1011009000000C8F10110C7
:10F878000C00000050F101101300000018F10110F5
:10F888000C000000DCF601100F00000014F201105B
:10F898001600000048F201100200000014F20110E6
:10F8A800160000000000000000000000000000003A
:10F8B800050000002D2D2D2D2D454E442043455289
:10F8C80054494649434154452D2D2D2D2D0A0000FC
:10F8D8002D2D2D2D2D424547494E20434552544943
:10F8E8004649434154452D2D2D2D2D0A0000000079
:10F8F800551D13000020202020202020202028280B
:10F9080028282820202020202020202020202020D7
:10F918002020202020881010101010101010101017
:10F928001010101010040404040404040404041047
:10F9380010101010101041414141414101010101D5
:10F94800010101010101010101010101010101019F
:10F9580010101010101042424242424202020202AB
:10F96800020202020202020202020202020202026F
:10F97800101010102000000000000000000000001F
:10F98800000000000000000000000000000000006F
:10F99800000000000000000000000000000000005F
:10F9A800000000000000000000000000000000004F
:10F9B800000000000000000000000000000000003F
:10F9C800000000000000000000000000000000002F
:10F9D800000000000000000000000000000000001F
:10F9E800000000000000000000000000000000000F
:08F9F800000000000000000007
:08FA00007416FE0F0100000066
:10FA080038DF011044DF011050DF01105CDF011006
:10FA180068DF011074DF011080DF01109CE0011025
:10FA28005CE1011054E0011060E0011068E0011091
:10FA38004FF050412DE9F041044616461F46002577
:10FA4800D1F8008009E02368C3E88F5F82F310884B
:10FA58003046394601F014F9E8B92368EFF310820B
:10FA680072B6D3E8CF0F01210028FAD1C3E8401FAE
:10FA78000028F6D1BFF35F8F94F90430002BE2DA47
:10FA880084F8048021680023C1E88F3F82F310883E
:10FA98000120BDE8F0810020BDE8F081F0B40468E1
:10FAA800EFF3108572B6D4E8CF7F0126002FFAD184
:10FAB800C4E8476F002FF6D1BFF35F8F90F9044079
:10FAC800002C11DB06680021C6E88F1F85F310881B
:10FAD8004FF0504595F90050A54202D1F0BC0846B8
:10FAE8007047F0BCFFF7A4BF4FF050431B68026893
:10FAF80003710023C2E88F3F85F31088F0BC012012
:10FB0800704700BF70B504460D4601F0A9F84FF4E0
:10FB18007A73E3FB050100280B4671F10001ACBFC5
:10FB280002464FF0FF322046BDE87040B8BF6FF084
:10FB38000043FFF77DBF00BF10B40368EFF31082E6
:10FB480072B6D3E8CF4F0121002CFAD1C3E8441F85
:10FB5800002CF6D1BFF35F8FFF23016803710023E8
:10FB6800C1E88F3F82F3108840BF5DF8044B7047AF
:10FB780010B4094C237863B9084B09491A1D03F5D9
:10FB88008070891ACA5843F8042F8342FAD1012396
:10FB980023705DF8044B7047C6900020382300207E
:10FBA80004000E40004B18473D230020034B1A6AFF
:10FBB80002609A6A42605B6A8360704700000D4089
:10FBC80008B5162340211B8844F246409847006830
:10FBD80008BD00BF38B5044600F00CF9094A0A4BC5
:10FBE80052682046E2605A689D68D96822611A699D
:10FBF8005B69C4E90551C4E90723BDE83840FFF74C
:10FC0800D5BF00BF000004400400044010B50446FE
:10FC1800FFF7D6FF14B10088000B10BD0A2010BDF5
:10FC280010B504460120FFF7F1FF38B92268074BE9
:10FC38001A6262689A62A2685A6210BD4FF48051D3
:10FC48004AF20202014BD9621A6310BD00000D404E
:10FC580030B40849C468084A4C608469D0E904157E
:10FC68005160D0E907139560D460116130BC5361CD
:10FC7800FFF7D6BF00000440040004402DE9F0431C
:10FC88004318B3F5800F8BB004460D4649D81623A8
:10FC98001B88002242E800F2560254BF10210421BA
:10FCA80044F249609847162381461B88002242E89F
:10FCB80000F2500254BF1021042145F64500984730
:10FCC800162380461B88002242E800F2510254BFE6
:10FCD8001021042144F252509847162307461B88E6
:10FCE800002242E800F2520254BF1021042144F2DB
:10FCF800463098470646FFF73BFF01A8FFF76AFF23
:10FD0800C847C04729462046D8234FF48032B84711
:10FD1800B047FFF747FF01A8FFF79AFF0BB0BDE810
:10FD2800F08300F0B5FFB2E72DE9F0478318B3F58B
:10FD3800800F8AB004461546884647D816231B8884
:10FD4800002242E800F2560254BF1021042144F276
:10FD580049609847162382461B88002242E800F231
:10FD6800500254BF1021042145F645009847162338
:10FD780081461B88002242E800F2510254BF10213C
:10FD8800042145F252009847162307461B88002293
:10FD980042E800F2520254BF1021042144F24630D6
:10FDA80098470646FFF7E4FE01A8FFF713FFD04780
:10FDB800C8472A4641462046B847B047FFF7F2FEF3
:10FDC80001A8FFF745FF0AB0BDE8F08700F060FF23
:10FDD800B4E700BF0144884206D2002302F1C052B2
:10FDE800135408308142FBD8BFF34F8FBFF36F8F96
:10FDF800704700BF01224FF480410148FFF7EABF76
:10FE080000C0FF03002370B5164A1748174C18495D
:10FE1800184E194D9360D3608360C360A360E3609C
:10FE2800B360F360AB60EB608B60CB609363D363CC
:10FE38008363C363A363E363B363F363AB63EB639A
:10FE48008B63CB6393661946D36683664FF47072EF
:10FE5800C366A3660948E36600F0FAFE084B094A40
:10FE68001A6070BD000010500800105010001050AB
:10FE7800280010501800105020001050A8360020FC
:10FE8800943A0020800110502DE9F04F234B85B0A3
:10FE9800D3F858A0BAF1000F25D0002401254FF05F
:10FEA80002091F4F03E06D00DCB2202C1BD01AEAB8
:10FEB800050F04F10103F6D0E6434FEA540806F0B3
:10FEC800010619FB086B174B07EB4B1B9D65584642
:10FED80000F00EFC2AEA050A40B90134E4B26D00CC
:10FEE800BAF1000FE1D105B0BDE8F08F4FF4E06042
:10FEF800002206EB480607EB4616B178F38A8DF820
:10FF08000810ADF80400012101A803938DF8092019
:10FF180000F00EFC584600F091FBDEE7000011509F
:10FF28006836002000301150F0B5C04B85B0D3F8CA
:10FF3800985015F4003674D0BD4BBE4C996A94F8AD
:10FF48003B30BD4A022B116000F0F880002694F87F
:10FF58007B30022B00F0CC8194F8BB30022B00F0F0
:10FF6800BD8194F8FB30022B00F0AE8194F83B3150
:10FF7800022B00F09F8194F87B31022B00F08F81D7
:10FF880094F8BB31022B00F07F8194F8FB31022BEF
:10FF980000F06E8194F83B32022B00F05D8194F8FA
:10FFA8007B32022B00F0358194F8BB32022B00F033
:10FFB800248194F8FB32022B00F0138194F83B3330
:10FFC800022B00F0028194F87B33022B00F0D980D9
:10FFD80094F8BB33022B00F0E38094F8FB33022B38
:10FFE80000F0BE803EB9954B1B7823B94FF4003220
:08FFF800934BC3F890204FF475
:020000041002E8
:1000000040728C4B01219B6C01A8C3F30A03ADF82D
:100010000420029300F090FBEA068C4C4FF400366B
:1000200007D5FFF735FF264603E0EA064FF0100438
:10003000F7D4EB0332D5814C46F48036A37E9BB1D6
:100040000221834B7B4A1966536E9F07FCD54FF400
:1000500040520021794800F0FBFA784800F0F2FAAB
:100060000222794B5A661A66012394F83A20E3700B
:10007000FAB901234FF4C061764A84F82330ADF811
:10008000041092E8030004AA02E90300194601A83B
:1000900000F052FB4FF400326B4B1A65E9041CD49C
:1000A0006A0431D42B043ED4AE4240F0A28105B0A4
:1000B000F0BD67495F4A0B66536ED807FCD54FF415
:1000C00040520021644800F0C3FA634800F0BAFAD5
:1000D00001225D4B5A661A66CBE70024554B46F465
:1000E00080561C60FFF792FE4FF48073012101A837
:1000F000ADF804308DF8084000F01EFB4FF40022EC
:10010000514B1A656A04CDD54FF48063012101A8D3
:10011000ADF8043000F010FB10224B4B46F4804643
:100120001A652B04C0D54FF4A063012101A8ADF8D6
:10013000043000F001FB4FF40062434B46F40046EC
:100140001A65B1E794F83A60002E3FF404AF94F8D2
:100150003C30002B3FF4FFAE002304F1200084F874
:100160003C3000F097FAF6E694F8FA33002B3FF4AF
:100170003DAF94F8FC33002B3FF441AF00233748E8
:1001800084F8FC3300F086FA39E794F87A73002F8C
:100190003FF422AF94F87C33002B40F0E78094F8D2
:1001A000BB33022B0AD13E4694F8BA33002B3FF4FE
:1001B00018AF94F8BC33002B40F0DF8094F8FB3389
:1001C000022B7FF41CAF94F8FA33002B3FF417AFE7
:1001D000CFE794F83A33002B3FF4F9AE94F83C2380
:1001E000002A40F0DE801E46F1E694F8FA32002B39
:1001F0003FF4E8AE94F8FC22002A40F0CA801E4684
:10020000E0E694F8BA32002B3FF4D7AE94F8BC2263
:10021000002A40F0E6801E46CFE694F87A32002BA2
:100220003FF4C6AE94F87C22002A40F0D2801E46ED
:10023000BEE600BF0000115000000B4068360020F1
:1002400054360020C39000200030115010000200EE
:10025000002011500000105088360020483A00203D
:1002600094F83A32002B3FF49EAE94F83C22002AD8
:1002700040F0A7801E4696E694F8FA31002B3FF432
:100280008DAE94F8FC21002A40F093801E4685E64E
:1002900094F8BA31002B3FF47CAE94F8BC21002ACC
:1002A0005CD11E4675E694F87A31002B3FF46CAEB3
:1002B00094F87C21002A49D11E4665E694F83A312B
:1002C000002B3FF45CAE94F83C21BABB1E4656E6C8
:1002D00094F8FA30002B3FF44DAE94F8FC202ABB82
:1002E0001E4647E694F8BA30002B3FF43EAE94F831
:1002F000BC209AB91E4638E694F87A30002B3FF4B9
:100300002FAE94F87C200AB91E4629E600223B480D
:1003100084F87C201E4600F0BDF921E60022384812
:1003200084F8BC201E4600F0B5F91EE600223548D0
:1003300084F8FC201E4600F0ADF91BE6002232488E
:1003400084F83C211E4600F0A5F918E600222F484B
:1003500084F87C211E4600F09DF915E600222C4809
:1003600084F8BC211E4600F095F912E600232948C6
:1003700084F87C3300F08EF911E70023264884F8D6
:10038000BC3300F087F994F8FB33022B7FF437AECF
:1003900019E70022214884F8FC221E4600F07AF971
:1003A00010E600221E4884F83C231E4600F072F935
:1003B0000DE600221B4884F8FC211E4600F06AF975
:1003C000ECE50022184884F83C221E4600F062F951
:1003D000E9E50022154884F87C221E4600F05AF90F
:1003E000E6E50022124884F8BC221E4600F052F9CD
:1003F000E3E586EA05010F4800F03EFCC836002020
:10040000083700204837002088370020C8370020F0
:1004100008380020C8390020083A00204839002058
:10042000883900204838002088380020C83800204B
:1004300008390020C0E00110028B2DE9F043848AC6
:100440000346A24228BF2246C078A41AA4B2154689
:100450009C82002848D042F4105C5A7880F0010059
:10046000D8706046CABBDE688F0106EB07081869C2
:1004700005F1FF396DB304373E44041DA04538BF74
:10048000B04234D3B9F1070F31D9074646462C1F85
:10049000A408013457F804EB0132944246F804EB07
:1004A000F8D8A600B542A9EB060200EB060E08EB51
:1004B00006070CD010F8240008F824003AB19EF882
:1004C0000100012A787002D09EF80220BA701869E3
:1004D0009C8A284418614CF400400CB940F48040D8
:1004E00001B10004BDE8F08342F4806CB5E708F187
:1004F000FF38441910F8012BA04208F8012FF9D158
:10050000E5E700BF83681B6801B11B0C4278C3F3A9
:100510000903002A41D0C2688901F0B5571804695F
:1005200003F1FF3E6BB304311144221D974238BFE3
:100530008C423CD3BEF1070F39D93E4625460022F6
:10054000191F8908013156F804CB0132914245F850
:1005500004CBF8D88D00AB42AEEB050207EB050CDF
:1005600004EB05060CD017F8215004F821503AB1DD
:100570009CF80110012A717002D09CF80220B27020
:100580000469C28A1C441A44C282028B04619A42E2
:1005900084BF002282821846F0BDC28A1A44C282F9
:1005A000028B9A4284BF0022828218467047013C27
:1005B000F91817F8012B8F4204F8012FF9D1DFE762
:1005C00010B50446836800211B68FFF79BFF636832
:1005D0001B685B0002D5238B834200D010BD2046F0
:1005E000BDE810400121FFF78DBF00BF084B1B6C19
:1005F00013F0020302D10278D20901D10020704722
:100600000878A0F10200B0FA80F04009704700BFFE
:100610000000115008B500F11B010230FFF7E6FFA2
:1006200050B1064A064B906A1B68A0F54870C01A84
:10063000C6288CBF0020012008BD00BF00000B4071
:100640005436002000238376C0E90433704700BF8E
:1006500010B5836809B11C68214082B1114352056D
:100660000DD51A6854050CD421F48062074C1A6029
:10067000226C920703D40C23033BFDD283681960DC
:1006800010BD8178024800F0F7FA00BF0000115059
:10069000D4E0011030B5436883B0002105461C68E2
:1006A000FFF7CAFE134B40F480521B6C13F0020F8D
:1006B000AB780ED05B060ED024F0A04444F000547A
:1006C000284600216B681C6003B0BDE83040FFF78E
:1006D000BFBFDB09F0D0AB8A002BEDD0012128464B
:1006E0000192FFF7A9FE019A24F00054024344F05E
:1006F000A044E5E70000115038B5847E0546A4B15A
:10070000FFF75EFFAB8A0BB9204638BD2846FFF7DE
:1007100081FF044620B1012300242B77204638BDF9
:100720002846FFF7B7FF204638BD8178014800F022
:10073000A3FA00BFF4E001102DE9F043437885B03F
:10074000023B80460D46042B0CD8DFE803F06341E2
:1007500003733B007A4B1A78D60730D51A7842F0EB
:1007600004021A70774B1C686369EFF3108272B64B
:10077000D3E8CF0F01210028FAD1C3E8401F002899
:10078000F6D1BFF35F8FA2614146204600F08CFA9C
:1007900062690023C2E88F3FA36983F3108838B9E8
:1007A000694B1B68DB070AD500BE05B0BDE8F083C6
:1007B0002A4698F8011098F8000000F07DFA05B07C
:1007C000BDE8F083614A13780133DBB21370C9E7E7
:1007D00000245F4E234631785E4FDFF87C910AE0BB
:1007E000D9F8003013EB44130AD10134E4B24A1CA7
:1007F000A242234627DBA142F2D85B1A07EB431340
:10080000DB69002BF1D0D8F8041098F80000984765
:100810003178EAE700214A4B1A786FF300021A7028
:100820001A786FF341021A7059701A7861F38202D4
:100830001A7097E7424B1A78D407C0D51A786FF32D
:1008400082021A708EE73E4C237858073AD4E37838
:10085000DA07B4D5032100263A4A98F80030146824
:10086000D8F804208DF805108DF804306369CDF8B0
:100870000660CDF80A60ADF80E600292EFF31082C8
:1008800072B6D3E8CF0F01210028FAD1C3E8401F88
:100890000028F6D1BFF35F8FA26101A9204600F0C6
:1008A00003FA6369C3E88F6FA36983F31088002894
:1008B0003FF476AF2A469DF805109DF8040000F03D
:1008C000FBF97CE70522002723781E496FF382039A
:1008D000237098F800300E688DF804308DF80520EC
:1008E0007369CDF80670CDF80A70ADF80E70EFF3AD
:1008F000108272B6D3E8CF0F01210028FAD1C3E8E5
:10090000401F0028F6D1BFF35F8FB26101A93046C6
:1009100000F0CAF97369C3E88F7FB36983F3108865
:1009200028B9094B1B68D90791D500BE8FE72A4625
:100930009DF805109DF8040000F0BEF987E700BFA0
:10094000D42200202C230020F0ED00E0C4900020F1
:10095000C29000201CE10110D81E002053B94AB9F2
:10096000002908BF00281CBF4FF0FF314FF0FF30B7
:1009700000F070B9ADF1080C6DE904CE00F006F896
:10098000DDF804E0DDE9022304B070472DE9F04F03
:10099000099E04468946002B40F083808A42154612
:1009A00045D9B2FA82F24AB1C2F1200701FA02F344
:1009B0009540944020FA07F747EA03094FEA154E9D
:1009C000230C1FFA85F8B9FBFEFC0EFB1C990CFBEF
:1009D00008F143EA094399420AD9EB182CBF0120D8
:1009E0000020994202D9002800F01D810CF1FF3C43
:1009F000591AA3B2B1FBFEF00EFB101100FB08F870
:100A000043EA0144A04505D92C1902D2A04500F2C1
:100A10000E810138A4EB080440EA0C4000271EB107
:100A2000D4400023C6E900433946BDE8F08F002AD0
:100A300051D0B2FA82F2002A40F0AF80491B4FEA4F
:100A4000154E1FFA85F80127230CB1FBFEFC0EFBA7
:100A50001C1108FB0CF043EA014398420AD9EB1839
:100A60002CBF01210021984202D9002900F0D78033
:100A70000CF1FF3C191AA3B2B1FBFEF00EFB1011F2
:100A800008FB00F843EA0144A04505D92C1902D21D
:100A9000A04500F2C1800138A4EB080440EA0C40F4
:100AA000BDE78B4208D9002E74D00027C6E90001AB
:100AB00038463946BDE8F08FB3FA83F767B98B4201
:100AC000C0F0A480824240F2A1803846002EABD014
:100AD000C6E90049A8E7FFDEC7F12005BB4002FADE
:100AE00007FC01FA07F4EA4020FA05F8E94000FAA9
:100AF00007FE1A4348EA04044FEA1248200C1FFA82
:100B000082F9B1FBF8FA08FB1A110AFB09FB40EA6B
:100B100001418B450AD951182CBF012300238B4575
:100B200002D9002B00F088800AF1FF3AA1EB0B01FB
:100B3000A4B2B1FBF8F008FB101100FB09F944EA7C
:100B40000141894504D9511801D289457BD8013822
:100B500040EA0A40A1EB0901A0FB0C894945444643
:100B60004B4602D306D1C64504D20138B8EB0C047B
:100B700069EB0203002E5DD0BEEB040261EB0301C2
:100B800001FA05F522FA07F3F94000271D43C6E9EB
:100B9000005149E73746304646E7C2F1200095400C
:100BA00001FA02F721FA00F34FEA154E24FA00F198
:100BB0001FFA85F894403943B3FBFEF00F0C0EFB8F
:100BC000103300FB08FC47EA03439C4507D9EB18A8
:100BD0002CBF012700279C4500D98FB30138A3EB18
:100BE0000C0389B2B3FBFEF70EFB173307FB08FCBF
:100BF00041EA03418C4504D9691801D28C4525D8B6
:100C0000013FA1EB0C0147EA00471DE7841A61EBA5
:100C100003030120994659E702382C443CE7ACF124
:100C2000020C2B4426E7ACF1020C2B44E0E6023820
:100C30002C44EFE63746F7E6AAF1020A114475E7BD
:100C400002382B44CBE70238114481E7023F2944A4
:100C5000D7E700BF704700BF01B40248844601BC1B
:100C6000604700BFE1B9011001B40248844601BCED
:100C7000604700BFDD78001001B40248844601BC23
:100C8000604700BFD968001001B40248844601BC27
:100C9000604700BFA977001001B40248844601BC38
:100CA000604700BF557F001001B40248844601BC74
:100CB000604700BFA5C5001001B40248844601BCCE
:100CC000604700BFC1AA0010FF000000533B30196D
:100CD000D4E739DA739CED39CE739D8368582108C7
:100CE00042108421C84210C3EB3410013019D4E7FC
:100CF00039DA739CED39CE739D8368350832303311
:100D000036303730333E00FE000000006CCC01105E
:100D100084DA01106F70656E68616E6B6F2E696F9B
:100D200000000000000000000000000000000000C3
:100D300000000000100000000000000000000100A2
:100D400000000000000000000000020000000000A1
:100D50000000000000000300000000000000000090
:100D60000000FF000000000001B5486801318E4618
:100D70000047704609380149884701BDF96E0010E7
:100D80000000000000000000000000000000000063
:100D900000000000081D002055A100104DA2001009
:100DA000A5A100105DA200100000000000010000DD
:100DB0002091002010000C00000000000000000046
:100DC000000000000000000000000000FF00000024
:100DD0007D840010A5840010E1B90110C814002022
:100DE00000000000B41700201C1800208418002008
:100DF00000000000000000000000000000000000F3
:100E000000000000000000000000000000000000E2
:100E100000000000000000000000000000000000D2
:100E200000000000000000000000000000000000C2
:100E300000000000000000000000000000000000B2
:100E400000000000000000000000000000000000A2
:100E50000000000000000000000000000000000092
:100E60000000000000000000000000000000000082
:100E70000000000000000000000000000000000072
:100E80000000000000000000010000000000000061
:100E90000E33CDAB34126DE6ECDE05000B00000026
:100EA0000000000000000000000000000000000042
:100EB0000000000000000000000000000000000032
:100EC0000000000000000000000000000000000022
:100ED0000000000000000000000000000000000012
:100EE0000000000000000000000000000000000002
:100EF00000000000000000000000000000000000F2
:100F000000000000000000000000000000000000E1
:100F100000000000000000000000000000000000D1
:100F200000000000000000000000000000000000C1
:100F300000000000000000000000000000000000B1
:100F400000000000000000000000000000000000A1
:100F50000000000000000000000000000000000091
:100F60000000000000000000000000000000000081
:100F70000000000000000000000000000000000071
:100F80000000000000000000000000000000000061
:100F90000000000000000000000000000000000051
:100FA0000000000000000000000000000000000041
:100FB0000000000000000000000000000000000031
:100FC0000000000000000000000000000000000021
:100FD0000000000000000000000000000000000011
:100FE0000000000000000000000000000000000001
:100FF00000000000000000000000000000000000F1
:1010000000000000000000000000000000000000E0
:1010100000000000000000000000000000000000D0
:1010200000000000000000000000000000000000C0
:1010300000000000000000000000000000000000B0
:1010400000000000000000000000000000000000A0
:101050000000000000000000000000000000000090
:101060000000000000000000000000000000000080
:101070000000000000000000000000000000000070
:101080000000000000000000000000000000000060
:101090000000000000000000000000000000000050
:1010A0000000000000000000000000000000000040
:1010B0000000000000000000000000000000000030
:1010C0000000000000000000000000000000000020
:1010D0000000000000000000000000000000000010
:1010E0000000000000000000000000000000000000
:1010F00000000000000000000000000000000000F0
:1011000000000000000000000000000000000000DF
:1011100000000000000000000000000000000000CF
:1011200000000000000000000000000000000000BF
:1011300000000000000000000000000000000000AF
:10114000000000000000000000000000000000009F
:10115000000000000000000000000000000000008F
:10116000000000000000000000000000000000007F
:10117000000000000000000000000000000000006F
:10118000000000000000000000000000000000005F
:10119000000000000000000000000000000000004F
:1011A000000000000000000000000000000000003F
:1011B000000000000000000000000000000000002F
:1011C000000000000000000000000000000000001F
:1011D000000000000000000000000000000000000F
:1011E00000000000000000000000000000000000FF
:1011F00000000000000000000000000000000000EF
:1012000000000000000000000000000000000000DE
:10121000F0180020F0180020F8180020F81800201E
:1012200000190020001900200819002008190020CA
:10123000101900201019002018190020181900207A
:10124000201900202019002028190020281900202A
:1012500030190020301900203819002038190020DA
:10126000401900204019002048190020481900208A
:10127000501900205019002058190020581900203A
:1012800060190020601900206819002068190020EA
:10129000701900207019002078190020781900209A
:1012A000801900208019002088190020881900204A
:1012B00090190020901900209819002098190020FA
:1012C000A0190020A0190020A8190020A8190020AA
:1012D000B0190020B0190020B8190020B81900205A
:1012E000C0190020C0190020C8190020C81900200A
:1012F000D0190020D0190020D8190020D8190020BA
:10130000E0190020E0190020E8190020E819002069
:10131000F0190020F0190020F8190020F819002019
:10132000001A0020001A0020081A0020081A0020C5
:10133000101A0020101A0020181A0020181A002075
:10134000201A0020201A0020281A0020281A002025
:10135000301A0020301A0020381A0020381A0020D5
:10136000401A0020401A0020481A0020481A002085
:10137000501A0020501A0020581A0020581A002035
:10138000601A0020601A0020681A0020681A0020E5
:10139000701A0020701A0020781A0020781A002095
:1013A000801A0020801A0020881A0020881A002045
:1013B000901A0020901A0020981A0020981A0020F5
:1013C000A01A0020A01A0020A81A0020A81A0020A5
:1013D000B01A0020B01A0020B81A0020B81A002055
:1013E000C01A0020C01A0020C81A0020C81A002005
:1013F000D01A0020D01A0020D81A0020D81A0020B5
:10140000E01A0020E01A0020E81A0020E81A002064
:10141000F01A0020F01A0020F81A0020F81A002014
:10142000001B0020001B0020081B0020081B0020C0
:10143000101B0020101B0020181B0020181B002070
:10144000201B0020201B0020281B0020281B002020
:10145000301B0020301B0020381B0020381B0020D0
:10146000401B0020401B0020481B0020481B002080
:10147000501B0020501B0020581B0020581B002030
:10148000601B0020601B0020681B0020681B0020E0
:10149000701B0020701B0020781B0020781B002090
:1014A000801B0020801B0020881B0020881B002040
:1014B000901B0020901B0020981B0020981B0020F0
:1014C000A01B0020A01B0020A81B0020A81B0020A0
:1014D000B01B0020B01B0020B81B0020B81B002050
:1014E000C01B0020C01B0020C81B0020C81B002000
:1014F000D01B0020D01B0020D81B0020D81B0020B0
:10150000E01B0020E01B0020E81B0020E81B00205F
:10151000F01B0020F01B0020F81B0020F81B00200F
:10152000001C0020001C0020081C0020081C0020BB
:10153000101C0020101C0020181C0020181C00206B
:10154000201C0020201C0020281C0020281C00201B
:10155000301C0020301C0020381C0020381C0020CB
:10156000401C0020401C0020481C0020481C00207B
:10157000501C0020501C0020581C0020581C00202B
:10158000601C0020601C0020681C0020681C0020DB
:10159000701C0020701C0020781C0020781C00208B
:1015A000801C0020801C0020881C0020881C00203B
:1015B000901C0020901C0020981C0020981C0020EB
:1015C000A01C0020A01C0020A81C0020A81C00209B
:1015D000B01C0020B01C0020B81C0020B81C00204B
:1015E000C01C0020C01C0020C81C0020C81C0020FB
:1015F000D01C0020D01C0020D81C0020D81C0020AB
:10160000E01C0020E01C0020E81C0020E81C00205A
:10161000FFFFFFFF000002000000000000000000CC
:10162000D3DEFFFFFE010000FF01000018EBFDFF0D
:04163000793512AB4B
:040000051000014D99
:00000001FF
